,,,,,8408.385817,,,,,,,,,,,
,,,,,0.2100934377,,,,,,,,,,,
"In the last class, also",0,0,1,4,3,7,4,5,9,4,1,0,0,0,0,
post_id,platform,content_type,date,impressions,reach,likes,comments,shares,clicks,conversions,Duration_seconds,Promotion_Type,Paid_Amount_INR,Post_Theme,Time_Posted,
1,YouTube,Reel,2022-05-17,4648,2839,#REF!,279,44,759,70,107,Organic,0,Awareness,Day,0
2,YouTube,Video,2022-03-24,14825,9155,3257,279,214,122,5,97,Organic,0,Entertainment,Day,1
3,YouTube,Reel,2025-07-16,8223,6772,5719,216,174,1206,142,19,Organic,0,Promotion,Day,1
4,YouTube,Image,2021-07-29,10105,6699,792,183,433,440,86,111,Paid,4855,Education,Day,1
5,Facebook,Video,2023-07-30,12270,9528,6201,40,282,177,46,76,Organic,0,Education,Day,0
6,YouTube,Video,2024-12-13,10606,9325,3733,148,40,2364,196,25,Organic,0,Awareness,Day,1
7,Facebook,Story,2023-07-18,8628,5589,1332,189,181,778,71,107,Paid,3636,Awareness,Day,1
8,Facebook,Reel,2024-06-01,7865,7464,4375,125,83,1093,36,126,Organic,0,Promotion,Night,0
9,Facebook,Reel,2024-11-10,16147,12796,11216,166,431,1105,327,79,Organic,0,Awareness,Day,1
10,Instagram,Video,2023-04-02,2832,2168,864,290,448,32,5,92,Organic,0,Education,Day,1
11,Facebook,Image,2025-12-17,11311,8527,2340,135,71,2044,405,121,Organic,0,Entertainment,Day,1
12,Facebook,Image,2022-06-23,9081,8499,6543,185,112,2299,551,104,Organic,0,Education,Night,1
13,YouTube,Video,2025-03-28,5532,5406,1252,81,405,1010,46,108,Organic,0,Promotion,Day,1
14,Facebook,Image,2023-02-21,14833,13784,8669,128,497,520,98,156,Organic,0,Entertainment,Day,1
15,YouTube,Story,2025-01-16,19128,18527,11146,57,150,94,21,135,Organic,0,Entertainment,Night,1
16,Facebook,Story,2025-01-18,15246,10442,,91,259,1858,3,154,Organic,0,Education,Night,1
17,Facebook,Reel,2025-09-20,4486,4473,1252,191,390,1280,152,57,Paid,1789,Entertainment,Night,1
18,YouTube,Story,2023-12-23,6293,5984,4002,9,57,1594,472,6,Paid,1589,Entertainment,Day,0
19,Facebook,Video,2022-05-09,12894,10255,1403,248,417,980,29,92,Paid,3714,Awareness,Night,0
20,Facebook,Image,2021-09-20,3267,3050,2251,84,135,784,32,162,Organic,0,Entertainment,Night,0
21,Facebook,Reel,2022-03-10,18290,18120,10214,204,343,4969,866,42,Organic,0,Promotion,Night,1
22,YouTube,Reel,2021-09-05,13236,11529,1049,173,10,2119,462,134,Organic,0,Entertainment,Day,1
23,YouTube,Video,2021-01-15,19150,13375,3750,34,463,2410,225,25,Organic,0,Awareness,Day,1
24,Instagram,Image,2022-05-03,2029,1555,438,276,67,36,8,165,Paid,201,Motivation,Night,1
17,Facebook,Reel,2025-09-20,4486,4473,1252,191,390,1280,152,57,Paid,1789,Entertainment,Night,0
18,YouTube,Story,2023-12-23,6293,5984,4002,9,57,1594,472,6,Paid,1589,Entertainment,Day,0
19,Facebook,Video,2022-05-09,12894,10255,1403,248,417,980,29,92,Paid,3714,Awareness,Night,0
20,Facebook,Image,2021-09-20,3267,3050,2251,84,135,784,32,162,Organic,0,Entertainment,Night,0
31,YouTube,Story,2021-11-14,15909,11881,3566,29,296,1732,498,19,Organic,0,Motivation,Night,1
32,YouTube,Image,2021-04-28,18766,11758,8238,271,80,3063,321,179,Paid,4219,Education,Night,1
33,Facebook,Video,2021-05-21,2863,2757,963,206,61,82,5,55,Organic,0,Motivation,Night,0
34,Instagram,Story,2021-06-17,19667,13816,4272,104,342,325,79,618,Paid,66766,Motivation,Day,1
35,Facebook,Story,2021-09-26,11295,8732,7491,161,475,1087,202,59,Paid,2452,Promotion,Day,0
36,Facebook,Reel,2021-05-31,3377,2045,1036,135,67,469,25,68,Organic,0,Education,Night,0
37,YouTube,Image,2022-08-07,12436,8024,6830,278,360,1000,189,135,Paid,1913,Education,Day,1
38,Facebook,Video,2022-09-06,10912,10880,2200,135,59,32,8,55,Organic,0,Entertainment,Night,0
39,Instagram,Reel,2022-07-12,4507,4224,2808,104,351,1133,79,139,Paid,835,Entertainment,Night,1
40,YouTube,Video,2025-09-29,9650,7860,5196,216,424,2001,257,25,Organic,0,Education,Day,0
41,YouTube,Story,2025-04-29,10066,6219,1323,226,282,7,1,77,Organic,0,Education,Night,1
42,Facebook,Reel,2021-06-04,15014,13602,8938,18,427,39,1,171,Organic,0,Entertainment,Day,1
43,YouTube,Video,2023-05-31,13098,12629,5050,186,460,2263,151,22,Organic,0,Promotion,Night,1
44,YouTube,Video,2024-10-28,2307,2304,1448,286,452,366,26,136,Paid,4423,Promotion,Day,1
45,YouTube,Reel,2025-11-06,14316,13673,6755,12,91,1266,121,93,Organic,0,Promotion,Night,0
46,YouTube,Story,2025-07-19,11885,10503,2608,55,195,2743,752,64,Organic,0,Promotion,Night,1
47,Instagram,Story,2022-02-13,2268,2239,1250,116,114,481,56,18,Organic,0,Entertainment,Day,1
48,Instagram,Video,2022-11-04,1775,1740,1583,142,179,197,25,13,Paid,3975,Awareness,Night,1
49,Instagram,Reel,2021-08-25,17692,13889,9512,135,19,2712,28,94,Organic,0,Motivation,Night,0
50,Instagram,Image,2025-02-01,4552,3952,2483,261,59,889,176,57,Organic,0,Motivation,Night,1
51,Facebook,Image,2021-04-01,13622,12896,27,266,473,778,65,134,Organic,0,Motivation,Night,1
52,YouTube,Story,2023-06-03,18643,16811,10286,63,368,1614,186,88,Paid,718,Motivation,Day,1
53,Instagram,Image,2023-04-17,10840,10658,4844,283,65,1266,341,96,Organic,0,Entertainment,Day,0
54,Facebook,Reel,2024-10-19,7286,6093,5042,291,154,1361,194,115,Organic,0,Awareness,Day,1
55,Instagram,Reel,2022-09-15,14306,13071,7043,296,310,3414,0,176,Organic,0,Entertainment,Night,1
56,YouTube,Image,2024-10-15,11559,10744,2780,43,145,1809,452,12,Paid,4915,Awareness,Day,1
57,YouTube,Story,2025-08-04,17890,16172,3680,101,75,2745,95,179,Organic,0,Entertainment,Day,0
58,YouTube,Image,2024-06-05,1800,1127,848,294,99,125,30,39,Organic,0,Education,Day,1
59,Facebook,Video,2021-10-30,13582,12198,1746,217,112,1636,124,85,Organic,0,Awareness,Day,1
60,YouTube,Video,2024-02-16,6763,6178,3739,68,410,951,25,168,Paid,3921,Motivation,Night,1
61,Instagram,Image,2024-05-04,16225,15203,10037,258,218,4351,1144,54,Paid,3972,Awareness,Day,0
62,Instagram,Image,2025-10-31,18952,15023,4246,126,430,1303,380,108,Organic,0,Promotion,Night,0
63,YouTube,Story,2024-07-07,10086,9187,7206,39,365,2135,496,136,Organic,0,Awareness,Day,1
64,Facebook,Video,2022-10-17,10362,8137,1133,77,118,1112,171,6,Organic,0,Promotion,Night,1
65,Instagram,Story,2023-04-30,13551,9381,8890,238,212,876,32,138,Organic,0,Promotion,Day,1
66,Facebook,Video,2025-04-26,3040,2247,1558,244,3,430,99,58,Organic,0,Education,Day,1
67,Instagram,Reel,2025-09-08,12526,9961,7999,112,139,1597,436,110,Organic,0,Awareness,Day,1
68,Facebook,Image,2022-11-20,15281,13146,11864,84,430,118,24,8,Organic,0,Education,Day,1
69,Instagram,Video,2021-02-25,16315,10834,1375,219,69,2548,546,58,Paid,1534,Motivation,Day,1
70,Instagram,Reel,2023-02-16,16128,11164,7449,167,172,205,16,150,Organic,0,Awareness,Day,0
71,Instagram,Video,2023-05-14,13423,10332,7705,9,383,3080,851,48,Organic,0,Entertainment,Day,1
72,YouTube,Video,2024-08-24,18675,11631,508,126,102,1433,114,166,Organic,0,Entertainment,Day,1
73,Instagram,Video,2021-09-16,1667,1636,1155,111,238,78,7,18,Organic,0,Entertainment,Night,1
74,Facebook,Video,2024-05-25,9396,8778,2683,159,55,1510,85,99,Organic,0,Promotion,Day,1
75,Instagram,Image,2024-10-19,19962,12187,11714,101,38,1277,294,52,Organic,0,Entertainment,Night,1
76,Facebook,Video,2022-09-10,8957,5791,4636,21,177,1427,395,19,Organic,0,Motivation,Night,1
77,Facebook,Story,2023-11-03,18456,14582,207,215,421,3035,70,44,Paid,343,Awareness,Day,1
78,Instagram,Reel,2024-07-25,17062,11101,7135,90,375,1775,370,86,Paid,3116,Awareness,Day,0
79,Facebook,Image,2025-07-14,18096,16185,7616,223,422,2212,630,115,Organic,0,Promotion,Day,0
80,Instagram,Reel,2022-07-26,9794,7196,6147,237,291,1005,44,57,Organic,0,Promotion,Day,1
81,Instagram,Reel,2025-10-09,13418,10805,7988,108,181,117,31,28,Organic,0,Promotion,Night,1
82,Instagram,Video,2024-12-07,9465,7073,4232,97,43,1145,305,158,Organic,0,Motivation,Day,1
83,YouTube,Image,2024-02-12,8908,8293,8041,229,405,1664,250,128,Organic,0,Awareness,Day,1
84,Facebook,Reel,2023-04-09,1565,1034,627,297,188,150,14,45,Paid,3121,Education,Day,1
85,Facebook,Story,2025-03-08,16507,14438,5764,232,138,2816,435,161,Paid,4934,Promotion,Night,0
86,YouTube,Story,2025-01-17,11047,8687,1958,274,486,944,61,19,Paid,3573,Entertainment,Night,0
87,Facebook,Story,2022-07-21,7066,5023,823,99,151,443,123,49,Organic,0,Education,Night,0
88,Facebook,Reel,2021-01-29,8454,6550,2247,23,498,367,38,69,Paid,1036,Education,Night,1
89,YouTube,Story,2021-07-30,2786,2269,1922,245,225,129,31,93,Paid,4102,Promotion,Day,0
90,Instagram,Video,2025-10-31,12164,8808,1070,205,251,210,32,75,Organic,0,Entertainment,Day,0
91,YouTube,Reel,2021-04-20,3427,3237,2305,155,43,644,175,13,Organic,0,Promotion,Day,1
92,Facebook,Reel,2024-05-26,9132,5964,4280,194,230,1142,213,92,Paid,2757,Promotion,Day,1
93,Facebook,Video,2022-09-18,15507,11739,9988,50,485,2410,439,133,Organic,0,Entertainment,Day,0
94,YouTube,Reel,2024-09-14,7808,7246,1964,88,282,864,135,140,Organic,0,Education,Day,1
95,Facebook,Image,2023-07-12,3459,2395,1192,16,118,2,0,67,Organic,0,Education,Day,1
96,YouTube,Story,2024-11-08,10440,8580,3241,217,58,1859,72,143,Organic,0,Entertainment,Day,1
97,YouTube,Video,2022-06-29,18844,13147,977,84,405,2652,152,85,Organic,0,Education,Night,1
98,Facebook,Story,2023-08-18,11079,9011,6594,139,256,1798,127,140,Paid,3630,Motivation,Night,1
99,YouTube,Image,2024-05-09,18694,15261,12034,165,309,3586,164,167,Organic,0,Promotion,Day,0
100,Facebook,Video,2024-10-12,9204,5627,5507,137,295,187,14,167,Organic,0,Motivation,Day,1
101,Facebook,Image,2023-11-29,2318,2171,1139,92,299,179,30,37,Organic,0,Motivation,Day,1
102,Instagram,Image,2023-08-21,15283,14369,5460,164,343,4028,186,127,Organic,0,Motivation,Night,1
103,Facebook,Image,2023-04-24,4427,4412,2361,205,416,329,42,9,Organic,0,Awareness,Night,1
104,Instagram,Story,2022-10-07,19025,11715,1899,206,442,1862,90,45,Organic,0,Awareness,Day,1
105,Facebook,Image,2025-11-16,17862,17474,13541,27,96,9,2,32,Organic,0,Motivation,Day,1
106,YouTube,Reel,2025-04-06,17988,13755,4375,281,67,4083,905,139,Organic,0,Promotion,Day,1
107,YouTube,Reel,2021-09-06,10438,9851,2594,159,282,2860,496,76,Organic,0,Motivation,Day,1
108,YouTube,Image,2022-04-06,1448,1433,240,78,255,208,5,16,Organic,0,Motivation,Night,1
109,Instagram,Image,2023-05-01,10563,10505,3993,233,282,2889,279,166,Organic,0,Awareness,Day,1
110,Facebook,Reel,2024-05-12,5739,5014,571,141,395,390,117,37,Organic,0,Motivation,Night,1
111,YouTube,Story,2022-07-02,14596,11541,4891,300,296,3226,519,52,Paid,2620,Promotion,Day,1
112,Instagram,Image,2022-12-08,17044,11443,7460,164,445,1829,495,155,Organic,0,Promotion,Night,0
123,Facebook,Story,2022-12-09,10425,7549,5234,217,353,302,56,9,Organic,0,Education,Day,1
124,Instagram,Video,2023-02-27,9195,7388,1943,195,292,1237,101,146,Organic,0,Awareness,Day,1
125,YouTube,Image,2022-08-28,12762,12365,4497,4,289,1211,358,107,Organic,0,Entertainment,Night,1
126,Instagram,Reel,2024-05-28,2607,2581,778,128,347,293,29,31,Paid,2178,Education,Night,1
127,Instagram,Video,2025-06-04,5481,3685,2373,186,374,80,9,141,Organic,0,Awareness,Day,0
128,Instagram,Reel,2025-03-11,5306,3552,822,67,402,604,83,19,Organic,0,Entertainment,Night,1
129,Instagram,Reel,2023-10-25,18675,18384,8420,246,495,2997,543,94,Organic,0,Motivation,Night,1
130,YouTube,Reel,2021-06-04,10671,9176,6511,285,187,471,119,46,Organic,0,Education,Day,1
131,YouTube,Image,2024-01-04,3959,3183,1509,134,299,14,2,128,Organic,0,Motivation,Night,1
132,Facebook,Reel,2021-08-10,13485,13321,7724,12,317,3851,760,67,Organic,0,Entertainment,Day,1
133,Instagram,Story,2024-07-25,19396,14324,10637,209,59,1813,64,100,Organic,0,Promotion,Day,1
134,YouTube,Video,2023-10-06,5580,3533,961,275,69,76,9,56,Organic,0,Promotion,Day,1
135,Facebook,Image,2025-03-02,13735,11957,9622,79,453,1519,343,100,Organic,0,Promotion,Night,1
136,Facebook,Image,2023-09-30,14594,14121,4583,16,353,811,213,136,Paid,2622,Motivation,Day,1
137,Instagram,Video,2022-04-29,13141,9663,6018,278,461,1816,455,155,Organic,0,Education,Night,0
138,YouTube,Image,2022-01-24,12753,8147,750,108,328,1630,141,147,Organic,0,Motivation,Day,1
139,Facebook,Reel,2021-09-15,1699,1070,140,283,106,170,15,175,Organic,0,Motivation,Night,1
140,Facebook,Video,2021-10-30,8076,5799,2271,74,66,672,198,33,Organic,0,Promotion,Night,1
141,Facebook,Video,2021-08-14,18701,13273,2159,7,183,3270,178,40,Organic,0,Motivation,Night,1
142,Instagram,Video,2021-12-23,8796,7688,1038,215,269,1326,8,17,Paid,4571,Entertainment,Night,1
143,Instagram,Video,2023-07-08,4724,4361,,257,113,130,30,164,Organic,0,Awareness,Night,0
144,Facebook,Video,2023-07-28,2420,2196,249,245,433,533,77,75,Organic,0,Awareness,Day,1
145,Facebook,Image,2023-10-02,14160,11988,1204,41,164,2810,110,90,Organic,0,Awareness,Day,1
146,Facebook,Story,2024-07-02,5860,3785,1560,271,150,258,35,32,Organic,0,Promotion,Day,1
147,Facebook,Video,2025-06-13,15867,13661,10726,282,369,3524,203,70,Organic,0,Promotion,Night,1
148,Instagram,Image,2023-04-28,8045,6588,3266,212,373,,116,174,Paid,2490,Awareness,Day,1
149,Instagram,Story,2024-09-24,4115,3109,625,242,34,437,80,49,Organic,0,Education,Day,0
150,Facebook,Story,2021-07-17,3989,2567,532,284,30,95,13,66,Organic,0,Awareness,Night,1
151,Instagram,Story,2021-09-08,19402,16242,14313,216,444,2700,686,138,Organic,0,Motivation,Night,1
152,YouTube,Reel,2022-12-22,2685,2200,633,246,114,614,79,32,Organic,0,Awareness,Night,1
153,Instagram,Reel,2025-04-11,4546,3444,3306,219,432,752,29,32,Organic,0,Awareness,Day,1
154,Facebook,Video,2024-10-14,19381,17914,8763,14,92,5093,1256,112,Organic,0,Education,Day,1
155,YouTube,Reel,2022-12-20,9954,8850,2347,289,336,1265,173,48,Organic,0,Promotion,Day,1
156,YouTube,Reel,2021-03-04,14132,9049,6163,214,232,581,162,88,Organic,0,Promotion,Day,1
157,Instagram,Video,2025-01-17,12170,8591,861,79,80,1515,159,34,Organic,0,Motivation,Day,1
158,Instagram,Image,2024-09-17,2630,1745,1243,226,212,278,56,79,Organic,0,Awareness,Day,1
159,YouTube,Story,2023-05-31,9951,6852,5555,249,269,466,88,132,Organic,0,Entertainment,Day,1
160,YouTube,Video,2024-05-12,11106,7035,1674,154,484,903,202,96,Organic,0,Motivation,Day,1
161,Instagram,Video,2022-08-16,7921,7895,63,254,382,562,65,133,Organic,0,Promotion,Day,1
162,Facebook,Reel,2023-12-27,15111,10505,8196,286,426,529,97,125,Organic,0,Education,Day,1
163,YouTube,Image,2025-02-28,12605,8153,153,235,471,1626,441,31,Organic,0,Promotion,Night,1
164,Instagram,Image,2024-03-20,3551,2771,1185,58,207,589,109,125,Paid,3809,Promotion,Night,1
165,Instagram,Story,2024-06-19,1683,1341,180,223,432,87,25,120,Organic,0,Education,Night,0
166,YouTube,Image,2023-12-10,4468,3178,1270,173,113,446,102,7,Organic,0,Awareness,Day,1
167,YouTube,Reel,2024-07-20,11913,8524,5724,179,372,312,65,107,Organic,0,Awareness,Night,1
168,YouTube,Reel,2022-06-09,5839,4470,1252,38,90,210,18,159,Organic,0,Promotion,Night,1
169,Facebook,Story,2025-11-05,17191,14114,2473,225,34,3677,661,141,Organic,0,Motivation,Day,1
170,Instagram,Video,2025-06-19,16365,13441,5766,259,37,2586,310,66,Organic,0,Entertainment,Day,1
171,Instagram,Story,2021-04-27,11171,10484,1257,46,314,1851,38,169,Organic,0,Motivation,Day,1
172,Facebook,Video,2025-06-10,17615,13718,7368,292,333,3790,1135,55,Organic,0,Motivation,Night,1
173,YouTube,Video,2023-10-24,7168,5616,3690,52,415,1239,243,176,Organic,0,Promotion,Day,1
174,YouTube,Image,2021-03-22,12253,8041,3599,268,267,2066,176,156,Paid,638,Promotion,Night,1
175,Instagram,Story,2023-03-05,6201,5210,4897,26,404,763,72,63,Organic,0,Entertainment,Day,0
176,Facebook,Image,2024-02-17,11965,7718,2327,129,370,1350,48,122,Organic,0,Entertainment,Night,1
177,YouTube,Story,2024-09-21,5927,4921,2541,200,66,166,37,164,Organic,0,Entertainment,Night,1
178,Instagram,Reel,2024-08-10,3776,2899,2744,269,47,572,96,100,Organic,0,Promotion,Night,1
179,Instagram,Reel,2023-01-13,14874,13089,3509,174,485,1482,9,117,Organic,0,Promotion,Day,1
180,YouTube,Story,2021-11-14,16934,11732,1657,259,394,927,70,66,Organic,0,Motivation,Day,1
181,Instagram,Reel,2024-09-17,18687,18053,12344,78,83,4313,77,,Organic,0,Promotion,Night,1
182,Facebook,Image,2021-12-06,6925,6713,357,210,186,1656,462,16,Organic,0,Awareness,Night,1
183,Facebook,Reel,2022-04-25,8783,7088,2535,240,462,1167,229,43,Paid,757,Awareness,Day,1
184,Instagram,Story,2023-06-22,7357,5920,3128,257,270,1389,292,134,Paid,1773,Entertainment,Night,0
185,YouTube,Story,2024-05-23,14718,10157,854,246,447,817,205,135,Organic,0,Promotion,Day,0
186,Facebook,Video,2025-09-29,13163,12439,4670,42,390,420,91,117,Organic,0,Awareness,Day,1
187,Instagram,Video,2021-10-29,6253,4868,1818,230,452,,262,105,Organic,0,Motivation,Day,1
188,Facebook,Story,2023-03-23,12455,7691,1931,197,41,1699,27,117,Organic,0,Education,Night,1
189,Facebook,Story,2021-07-22,13285,9810,2392,70,19,115,20,85,Organic,0,Motivation,Day,1
190,Facebook,Image,2021-10-12,10400,10110,7349,2,463,2851,851,3481,Organic,0,Education,Night,1
191,YouTube,Image,2025-09-07,3596,2195,455,147,121,262,27,6,Paid,4742,Motivation,Day,1
192,Facebook,Image,2023-05-10,10868,7518,514,56,428,195,15,134,Organic,0,Awareness,Night,0
193,Facebook,Reel,2024-07-18,17378,15314,11772,73,149,4391,33,58,Organic,0,Promotion,Night,1
194,Facebook,Image,2022-05-08,15065,9051,3068,43,268,2518,361,91,Organic,0,Education,Day,1
195,Facebook,Video,2023-11-06,12816,8243,6397,240,22,2154,557,133,Paid,1699,Promotion,Day,1
196,YouTube,Story,2023-01-02,13677,11264,3950,53,395,1038,8,151,Organic,0,Promotion,Night,0
197,Instagram,Reel,2024-01-24,11895,8229,7612,245,323,181,22,130,Organic,0,Awareness,Night,1
198,Instagram,Reel,2021-03-17,6972,4735,358,102,453,129,29,134,Organic,0,Entertainment,Day,1
199,Facebook,Image,2023-03-27,2373,1746,518,18,385,317,65,57,Paid,1831,Entertainment,Day,1
200,Facebook,Story,2021-04-08,7262,5528,2238,63,409,731,199,176,Organic,0,Education,Day,0
201,Instagram,Story,2023-06-20,13059,11414,3060,254,354,1638,380,164,Paid,1370,Awareness,Day,1
202,YouTube,Image,2022-07-01,17302,13390,1293,220,308,3785,1063,164,Organic,0,Promotion,Day,0
203,YouTube,Story,2021-07-30,6913,6381,5414,151,156,601,82,72,Organic,0,Motivation,Night,1
204,Instagram,Story,2024-11-13,15611,14302,7325,21,372,3490,341,127,Organic,0,Motivation,Day,1
205,YouTube,Video,2025-06-09,12552,11094,10996,207,186,1124,327,149,Organic,0,Education,Day,1
206,Facebook,Image,2021-10-20,17812,17249,1140,64,34,1310,15,42,Organic,0,Education,Night,1
207,Facebook,Video,2023-02-24,8733,8427,2513,230,485,1500,185,28,Paid,4057,Education,Day,1
208,YouTube,Story,2024-03-21,13155,10940,6521,160,332,1818,78,73,Organic,0,Awareness,Night,0
209,YouTube,Image,2025-02-15,10132,7101,4241,198,467,464,6,120,Organic,0,Motivation,Night,1
210,Instagram,Reel,2024-12-12,19404,12606,10024,146,355,1072,133,102,Organic,0,Awareness,Day,1
211,YouTube,Image,2025-10-13,17095,11896,2828,227,44,502,34,143,Organic,0,Awareness,Day,1
212,Facebook,Story,2024-02-01,11472,9729,4914,80,364,2906,66,148,Organic,0,Promotion,Day,1
213,YouTube,Reel,2021-09-06,6704,5502,1939,252,13,1041,114,101,Organic,0,Awareness,Day,1
214,Facebook,Reel,2023-08-16,12825,12233,10026,44,33,2344,377,128,Organic,0,Awareness,Day,1
215,Facebook,Image,2023-09-08,11134,9941,6708,294,37,2936,736,74,Organic,0,Promotion,Night,1
216,Instagram,Image,2021-06-01,5106,5054,4238,176,65,649,164,97,Paid,3816,Entertainment,Day,1
217,YouTube,Image,2025-04-22,19065,16680,16477,28,425,4815,372,7,Organic,0,Promotion,Night,0
218,YouTube,Story,2021-12-04,5068,4101,1847,177,485,313,38,152,Paid,1924,Education,Day,1
219,YouTube,Story,2022-05-29,18003,13127,2050,155,314,3464,161,1738,Organic,0,Entertainment,Night,0
220,Facebook,Reel,2024-04-27,18481,11853,2804,172,431,2058,172,151,Organic,0,Motivation,Night,1
221,YouTube,Video,2021-02-28,19468,12017,10509,295,135,3380,884,94,Organic,0,Awareness,Night,1
222,Facebook,Video,2024-06-19,7907,7885,4079,279,148,2343,426,151,Organic,0,Entertainment,Day,1
223,Instagram,Video,2022-09-02,10899,10495,981,80,225,1003,207,152,Paid,4369,Motivation,Day,1
224,Facebook,Reel,2022-11-28,14619,12737,5121,163,375,1902,208,100,Organic,0,Promotion,Day,0
225,Facebook,Video,2023-11-21,12317,10656,5228,123,238,535,94,56,Organic,0,Promotion,Night,1
226,YouTube,Video,2021-10-16,5014,3555,1188,196,442,920,126,165,Paid,3957,Education,Night,1
227,Facebook,Story,2024-03-29,14701,10853,3110,81,255,654,83,172,Organic,0,Education,Day,0
228,YouTube,Video,2023-10-16,17866,14543,6442,258,234,4085,631,132,Organic,0,Entertainment,Night,1
229,YouTube,Story,2021-04-10,8888,6213,4054,240,146,1194,180,43,Organic,0,Awareness,Night,1
230,Instagram,Story,2021-10-02,18586,11217,6606,187,23,440,110,86,Paid,4279,Promotion,Day,1
231,Instagram,Story,2022-02-03,14126,8894,1204,197,258,2335,575,108,Organic,0,Entertainment,Day,0
232,Facebook,Video,2025-08-18,15757,15715,2108,49,201,4504,572,133,Organic,0,Entertainment,Night,1
233,YouTube,Reel,2025-03-27,13228,10713,9870,260,205,2284,374,15,Organic,0,Entertainment,Day,1
234,Facebook,Story,2021-10-08,17386,10760,7761,265,233,185,2,155,Paid,3439,Education,Night,1
235,Instagram,Reel,2024-06-09,5880,5639,3219,153,303,286,41,163,Organic,0,Promotion,Night,0
236,Instagram,Story,2023-12-27,12022,11368,7780,8,188,3392,521,46,Organic,0,Education,Day,1
237,Facebook,Video,2025-06-20,11854,8009,4889,242,135,1706,315,103,Organic,0,Education,Night,1
238,Instagram,Reel,2024-04-10,19955,16704,12458,75,420,1864,52,11,Paid,4689,Entertainment,Day,1
239,YouTube,Image,2022-01-26,8936,5490,2569,214,77,1172,56,148,Paid,4807,Motivation,Night,0
240,Facebook,Image,2023-10-25,14531,14374,14300,31,361,1670,210,94,Paid,4981,Motivation,Day,0
241,Instagram,Image,2024-09-18,5524,5438,2570,88,,424,83,116,Organic,0,Motivation,Day,0
242,Facebook,Story,2025-05-01,18469,13885,9995,247,98,2902,692,64,Organic,0,Entertainment,Night,1
243,Instagram,Story,2022-04-06,9077,6588,5774,106,353,1142,152,117,Organic,0,Awareness,Day,1
244,Facebook,Story,2024-02-22,17023,12810,4715,62,293,1965,357,6,Paid,2057,Promotion,Night,1
245,YouTube,Story,2022-12-08,18799,14389,689,147,489,3232,838,133,Organic,0,Entertainment,Day,0
246,Instagram,Reel,2025-03-11,3589,2862,827,275,138,452,65,52,Organic,0,Entertainment,Day,1
247,Facebook,Reel,2021-08-12,19416,17352,7944,25,342,2225,140,144,Paid,3964,Education,Night,1
248,YouTube,Image,2021-04-18,18401,12888,5411,241,51,2613,238,41,Organic,0,Motivation,Day,0
249,Instagram,Image,2021-11-20,5504,3323,1955,102,387,987,281,164,Organic,0,Entertainment,Night,1
250,YouTube,Reel,2021-05-02,10412,8878,8767,19,467,1169,330,13,Organic,0,Awareness,Day,1
251,Instagram,Image,2021-03-16,6736,5752,1526,148,448,1715,180,103,Organic,0,Promotion,Day,1
252,YouTube,Story,2024-05-19,2227,1345,582,,328,152,36,1234,Paid,86567,Awareness,Day,1
253,Facebook,Image,2025-10-09,18802,15576,4470,98,414,4046,274,52,Organic,0,Entertainment,Night,0
254,Facebook,Story,2023-07-29,4691,3491,2943,95,7,332,93,135,Organic,0,Entertainment,Day,1
255,YouTube,Reel,2025-03-31,12046,9643,6643,218,263,2325,690,152,Organic,0,Education,Day,1
256,YouTube,Reel,2021-07-15,11745,7757,3911,165,479,1641,342,156,Organic,0,Awareness,Night,1
257,Instagram,Story,2022-04-28,9128,5503,2700,154,298,534,98,58,Organic,0,Education,Day,1
258,YouTube,Video,2024-11-19,19772,11956,10941,60,238,1071,184,124,Organic,0,Awareness,Day,1
259,Facebook,Story,2023-10-27,11053,7939,5654,60,327,1660,351,165,Organic,0,Motivation,Day,1
260,YouTube,Image,2022-03-25,10667,9410,2509,232,382,2517,226,156,Organic,0,Motivation,Day,1
261,Facebook,Reel,2023-08-23,13242,11351,4054,41,269,2875,562,120,Organic,0,Awareness,Day,1
262,YouTube,Video,2024-03-01,15639,13709,13578,280,462,2963,79,79,Organic,0,Education,Day,1
263,YouTube,Story,2021-11-03,17563,12193,8525,226,59,2345,549,117,Paid,3407,Motivation,Day,1
264,Instagram,Video,2023-11-12,7730,7574,3714,67,262,2002,93,168,Paid,798,Entertainment,Day,0
265,Instagram,Story,2024-02-19,14612,12509,11850,11,202,2309,59,170,Paid,1283,Promotion,Day,0
266,YouTube,Video,2024-03-30,9338,8946,6941,176,358,12,1,108,Organic,0,Education,Night,0
267,YouTube,Story,2023-08-25,3089,2961,1674,92,393,61,2,88,Organic,0,Awareness,Night,1
268,Instagram,Image,2023-02-23,5437,4983,3077,41,349,766,228,116,Organic,0,Promotion,Day,1
269,YouTube,Image,2021-08-31,18671,12291,8664,65,372,2676,356,103,Organic,0,Promotion,Night,1
270,Facebook,Image,2023-08-07,8297,4992,4357,194,421,46,4,157,Organic,0,Entertainment,Night,1
271,Instagram,Reel,2021-11-14,8525,6128,5939,57,16,943,177,97,Organic,0,Education,Night,1
272,YouTube,Video,2022-02-27,14737,13879,9731,17,228,128,15,150,Paid,216,Promotion,Day,1
273,YouTube,Reel,2023-06-18,2595,2058,231,71,257,45,6,132,Organic,0,Education,Night,0
274,Facebook,Story,2024-03-28,10478,8204,3881,154,448,2359,326,114,Organic,0,Entertainment,Day,1
275,Instagram,Video,2022-09-08,5694,5551,4560,89,320,452,105,86,Paid,3662,Awareness,Night,1
276,Facebook,Image,2022-12-07,14998,13551,12874,268,163,2030,48,58,Organic,0,Promotion,Day,0
277,YouTube,Image,2023-02-10,14642,12129,3948,115,153,611,76,167,Paid,1665,Promotion,Day,1
278,Instagram,Reel,2023-04-26,5730,5334,3181,124,130,118,35,173,Paid,3967,Promotion,Day,0
279,Instagram,Video,2023-07-11,7662,5949,4387,97,26,1324,40,165,Paid,3827,Education,Day,0
280,Facebook,Reel,2022-01-21,9796,7421,3927,106,445,161,4,72,Organic,0,Promotion,Day,0
281,Facebook,Video,2022-01-25,11910,9629,7846,124,356,62,6,37,Organic,0,Education,Day,1
282,Instagram,Image,2022-10-21,7701,6244,3819,273,332,490,141,146,Organic,0,Motivation,Day,1
283,Instagram,Image,2023-11-17,12772,10189,1615,240,389,1071,184,25,Organic,0,Motivation,Night,1
284,YouTube,Reel,2023-04-28,11493,8559,2390,8,133,1518,160,52,Organic,0,Education,Night,1
285,YouTube,Reel,2022-08-28,19130,16262,5404,117,194,4744,855,152,Organic,0,Motivation,Day,1
286,Facebook,Story,2024-02-02,19670,18628,8432,250,494,2013,511,132,Organic,0,Entertainment,Day,1
287,Instagram,Reel,2025-06-17,17075,14020,2293,279,250,1378,375,140,Organic,0,Entertainment,Day,1
288,YouTube,Video,2023-12-10,7030,6438,5474,24,391,1314,30,139,Paid,972,Motivation,Day,1
289,YouTube,Reel,2022-04-19,1209,936,9,111,258,70,20,149,Paid,682,Awareness,Day,0
290,Instagram,Video,2024-09-12,15942,12622,108,272,282,247,61,132,Organic,0,Education,Day,0
291,Instagram,Story,2025-01-19,14478,8783,280,257,416,68,16,37,Organic,0,Motivation,Night,1
292,YouTube,Reel,2023-12-10,15109,10533,3144,269,129,438,24,119,Paid,1781,Education,Day,1
293,Instagram,Image,2023-02-04,12614,9757,9256,124,356,1625,40,123,Organic,0,Motivation,Day,0
294,Facebook,Video,2024-08-31,8400,6268,765,207,194,1400,41,26,Paid,1305,Entertainment,Day,1
295,YouTube,Reel,2024-07-28,13359,12542,1354,255,432,1949,57,162,Paid,3909,Awareness,Day,0
296,YouTube,Video,2025-10-24,15218,14413,3764,108,461,2713,579,42,Organic,0,Education,Night,0
297,Facebook,Story,2021-06-02,19572,15638,14734,278,288,2220,47,113,Paid,4470,Awareness,Day,1
298,Facebook,Reel,2022-03-01,2078,1429,815,39,153,161,1,55,Organic,0,Entertainment,Day,0
299,Instagram,Story,2025-09-06,6323,6102,3144,71,404,492,145,12,Organic,0,Promotion,Night,1
300,YouTube,Image,2021-04-20,3569,3166,950,38,174,763,88,31,Organic,0,Promotion,Day,1
301,Instagram,Image,2025-05-24,13999,11072,3737,182,283,121,17,31,Organic,0,Education,Day,1
302,Facebook,Image,2024-04-14,13301,11517,1404,151,408,760,174,25,Paid,3520,Entertainment,Day,1
303,YouTube,Image,2022-07-03,9075,8365,2527,199,162,301,10,34,Organic,0,Education,Day,0
304,Instagram,Story,2022-09-24,12819,8563,4419,52,67,374,0,101,Organic,0,Education,Day,1
305,Facebook,Image,2024-02-15,3860,2699,423,13,45,441,114,1977,Organic,0,Education,Night,1
306,Instagram,Image,2024-05-09,12597,12098,202,149,211,381,76,115,Paid,2488,Awareness,Day,1
307,Facebook,Reel,2024-03-17,13707,8917,6237,86,71,2291,248,65,Paid,4635,Motivation,Day,0
308,YouTube,Reel,2021-10-26,9811,7119,3560,141,215,1099,252,52,Paid,943,Entertainment,Night,0
309,YouTube,Image,2022-05-31,10822,10459,9728,100,234,315,46,151,Organic,0,Awareness,Day,0
310,Instagram,Image,2023-03-22,4505,2980,1349,225,171,311,0,8,Organic,0,Motivation,Night,1
311,Facebook,Reel,2022-10-19,15110,14399,7848,160,90,1115,153,39,Organic,0,Education,Day,1
312,Instagram,Reel,2024-07-20,14049,11043,5339,192,143,1193,355,53,Organic,0,Promotion,Night,1
313,Facebook,Reel,2024-04-27,13875,11315,11169,281,13,466,51,21,Organic,0,Awareness,Night,1
314,Instagram,Video,2025-06-22,16126,15477,13417,209,344,1717,448,176,Organic,0,Entertainment,Night,1
315,Instagram,Reel,2022-05-11,17361,11556,6932,193,37,2594,310,162,Organic,0,Entertainment,Day,1
316,Facebook,Image,2023-12-31,15715,14327,8907,18,404,3925,820,50,Paid,3511,Motivation,Day,1
317,YouTube,Reel,2021-06-24,12781,12066,10774,181,85,2432,653,121,Organic,0,Awareness,Day,0
318,Instagram,Video,2022-11-11,2451,2046,21,50,132,409,96,10,Organic,0,Education,Night,1
319,Instagram,Image,2023-02-06,8274,7055,6327,256,77,905,228,103,Organic,0,Motivation,Day,1
320,Instagram,Video,2022-08-29,12303,7582,950,72,178,1977,107,128,Paid,408,Entertainment,Night,1
321,Instagram,Story,2023-12-04,11220,9542,7801,49,224,1865,211,41,Paid,632,Awareness,Day,0
322,Facebook,Video,2021-04-02,15825,12107,370,175,331,275,38,28,Paid,2856,Promotion,Day,0
323,Facebook,Reel,2022-05-15,4583,4135,1311,169,286,336,94,97,Organic,0,Education,Day,0
324,YouTube,Reel,2024-07-13,14971,12767,10493,221,202,949,207,50,Paid,4878,Entertainment,Day,1
325,Instagram,Image,2024-04-27,1956,1928,9,109,105,202,28,99,Organic,0,Awareness,Night,0
326,Facebook,Reel,2021-07-28,10120,9153,5993,166,100,256,73,103,Organic,0,Promotion,Day,1
327,Facebook,Story,2023-12-17,15993,10528,9780,198,312,1074,250,120,Paid,333,Entertainment,Night,1
328,Instagram,Reel,2022-12-22,13862,13125,11036,152,470,467,89,164,Organic,0,Promotion,Day,0
329,YouTube,Story,2021-08-30,3777,3642,479,93,191,274,40,165,Organic,0,Entertainment,Night,1
330,YouTube,Image,2024-05-06,5632,5471,3465,95,249,795,107,71,Organic,0,Motivation,Night,1
331,Instagram,Story,2021-12-08,18608,16844,4597,95,161,1419,284,132,Organic,0,Motivation,Day,1
332,Instagram,Reel,2021-01-20,15778,14540,3196,196,493,439,91,22,Paid,4219,Motivation,Day,1
333,Instagram,Image,2024-11-03,19401,15780,11634,227,250,4054,837,29,Organic,0,Awareness,Day,0
334,YouTube,Story,2025-06-18,6480,4226,267,140,115,1157,15,58,Organic,0,Motivation,Day,1
335,Facebook,Image,2023-07-26,18616,13533,9006,261,57,688,199,62,Organic,0,Awareness,Night,1
336,Instagram,Video,2025-08-14,19766,12794,12451,225,279,1097,278,71,Organic,0,Education,Night,1
337,Facebook,Reel,2025-08-27,8161,6637,2438,16,230,209,47,108,Organic,0,Motivation,Night,1
338,YouTube,Reel,2025-11-08,9611,7193,1719,179,440,356,56,178,Organic,0,Awareness,Night,1
339,YouTube,Reel,2025-05-27,15030,10377,972,291,179,2523,142,28,Organic,0,Entertainment,Day,
340,Instagram,Story,2021-12-11,18441,13366,4740,293,136,2444,551,118,Organic,0,Awareness,Day,
341,Instagram,Video,2025-03-17,17856,16277,16260,141,443,780,34,36,Paid,725,Awareness,Night,
342,Instagram,Reel,2024-12-27,5157,3637,3118,201,250,511,37,179,Organic,0,Entertainment,Day,
343,Instagram,Video,2023-02-08,5658,4494,762,206,263,1285,212,90,Organic,0,Awareness,Night,
344,Instagram,Video,2023-09-27,10116,8914,1526,234,325,1511,232,155,Organic,0,Entertainment,Night,
345,Instagram,Reel,2022-03-23,12738,8160,4052,137,165,2189,407,131,Organic,0,Promotion,Day,
346,Facebook,Image,2021-09-25,10292,8941,5631,24,23,2241,591,159,Paid,3063,Motivation,Day,
347,YouTube,Image,2021-09-12,4262,3839,1869,0,490,941,8,134,Paid,2934,Education,Night,
348,Facebook,Story,2025-12-12,15018,10667,2604,140,47,2820,135,21,Organic,0,Awareness,Day,
349,Facebook,Reel,2024-09-22,12810,9737,848,202,320,337,47,108,Paid,2110,Entertainment,Night,
350,YouTube,Video,2024-12-12,11010,8524,3496,244,39,1758,93,165,Organic,0,Motivation,Day,
351,YouTube,Story,2021-01-20,5348,4134,987,216,355,1063,227,141,Organic,0,Awareness,Day,
352,YouTube,Video,2023-02-24,5331,5154,845,160,188,145,14,47,Organic,0,Motivation,Day,
353,YouTube,Reel,2025-07-24,10805,7606,560,271,288,1567,396,43,Organic,0,Promotion,Night,
354,YouTube,Reel,2025-01-19,1277,934,421,226,440,225,44,174,Organic,0,Awareness,Day,
355,YouTube,Image,2025-03-22,8118,5225,2879,219,161,205,8,30,Paid,4776,Entertainment,Day,
356,YouTube,Story,2021-06-22,5581,4362,219,154,105,567,165,103,Organic,0,Promotion,Day,
357,Instagram,Story,2025-03-12,17965,15750,10586,27,401,4174,386,54,Paid,2875,Awareness,Day,
358,Instagram,Video,2022-05-09,8842,7332,4327,6,184,1580,57,157,Paid,2666,Motivation,Day,
359,Facebook,Image,2025-09-15,11370,7903,2993,279,349,1584,440,156,Organic,0,Promotion,Day,
360,Facebook,Video,2021-02-04,6661,5925,112,134,110,1577,37,17,Organic,0,Entertainment,Day,
361,Instagram,Image,2023-11-04,2305,1444,867,205,42,404,50,1712,Organic,0,Awareness,Day,
362,Instagram,Video,2021-06-21,18582,15553,8377,104,498,1250,142,139,Paid,2001,Motivation,Day,
363,Facebook,Video,2024-04-16,6091,5851,2540,223,373,669,100,61,Organic,0,Motivation,Day,
364,YouTube,Image,2023-06-09,8819,5528,5015,28,158,500,22,40,Organic,0,Promotion,Day,
365,YouTube,Reel,2024-12-07,6755,4542,4066,177,267,25,2,177,Organic,0,Awareness,Day,
366,YouTube,Story,2023-02-01,17948,17182,3868,15,171,2123,170,24,Organic,0,Motivation,Day,
367,Facebook,Video,2022-06-23,15068,11268,8128,233,261,2145,65,69,Organic,0,Promotion,Night,
368,Instagram,Reel,2021-12-08,12800,8134,2089,52,457,2046,580,12,Organic,0,Education,Day,
369,Facebook,Video,2025-02-26,19805,17405,1443,6,125,944,116,148,Organic,0,Motivation,Night,
370,YouTube,Video,2021-11-04,2506,1986,1132,214,114,372,49,146,Organic,0,Promotion,Day,
371,YouTube,Story,2022-07-10,11544,8959,1956,257,344,1704,327,119,Organic,0,Education,Night,
372,Instagram,Video,2021-04-05,2725,2002,1796,238,443,228,66,147,Organic,0,Promotion,Night,
373,Instagram,Video,2024-02-07,10250,8695,6044,102,149,1340,44,96,Organic,0,Motivation,Day,
374,Instagram,Story,2022-05-12,19474,18110,16166,100,375,2489,637,102,Organic,0,Education,Night,
375,Instagram,Video,2021-01-14,18909,17574,7634,277,177,2008,154,70,Organic,0,Promotion,Day,
376,Facebook,Story,2025-10-05,1314,1131,212,105,271,0,0,36,Organic,0,Awareness,Day,
377,Facebook,Story,2021-10-19,8804,7001,762,22,471,2015,61,90,Organic,0,Education,Day,
378,Instagram,Video,2023-02-02,8584,7278,4757,48,258,1691,358,55,Organic,0,Promotion,Day,
379,YouTube,Image,2024-03-08,5374,4839,1070,121,149,153,37,157,Organic,0,Awareness,Day,
380,Facebook,Story,2024-12-06,9552,9216,5211,231,139,1290,201,67,Organic,0,Education,Day,
381,Facebook,Video,2025-05-17,8654,5497,1273,54,84,415,17,129,Organic,0,Promotion,Day,
382,Facebook,Story,2021-09-05,15731,13255,12621,106,231,1286,208,154,Paid,3851,Motivation,Night,
383,YouTube,Story,2021-07-05,11102,10456,9884,20,110,1085,61,62,Paid,2263,Education,Day,
384,Instagram,Image,2022-05-24,11741,8259,802,153,133,373,91,62,Paid,2220,Education,Day,
385,Facebook,Reel,2023-07-16,6697,4145,775,236,52,828,218,90,Paid,4957,Awareness,Day,
386,YouTube,Reel,2025-08-28,5580,3845,811,205,190,24,0,53,Organic,0,Promotion,Day,
387,YouTube,Reel,2021-02-14,3753,3443,2645,227,414,530,19,174,Organic,0,Motivation,Day,
388,Instagram,Video,2021-03-29,5220,3508,688,293,221,679,31,74,Organic,0,Awareness,Day,
389,Instagram,Reel,2024-10-31,13943,12429,5799,109,465,120,24,19,Organic,0,Education,Day,
390,YouTube,Video,2025-12-15,7132,5405,5030,125,331,573,114,58,Organic,0,Awareness,Day,
391,Instagram,Video,2024-02-02,10670,10488,1437,143,196,1687,451,105,Paid,769,Awareness,Night,
392,Facebook,Reel,2025-12-17,5496,5014,4453,9,195,408,82,12,Organic,0,Awareness,Day,
393,Facebook,Story,2022-12-06,12767,11589,6363,138,92,2230,496,57,Organic,0,Education,Day,
394,Instagram,Video,2021-03-02,1854,1438,966,271,183,305,28,64,Organic,0,Entertainment,Day,
395,YouTube,Story,2024-09-07,8627,5829,4371,28,391,205,15,112,Organic,0,Awareness,Night,
396,YouTube,Reel,2025-09-15,8189,7271,1937,162,412,1590,181,9,Organic,0,Entertainment,Night,
397,Facebook,Reel,2024-03-08,12756,12499,9225,96,428,115,22,107,Paid,1034,Motivation,Day,
398,YouTube,Video,2023-10-02,17129,14718,920,119,308,2531,179,10,Organic,0,Motivation,Day,
399,Instagram,Reel,2021-01-02,8169,4982,1068,174,367,1078,244,113,Paid,3316,Motivation,Day,
400,Facebook,Reel,2021-10-30,6815,5414,908,269,440,121,1,120,Organic,0,Promotion,Day,
401,Instagram,Video,2024-09-18,12956,8367,5514,154,165,1530,360,98,Paid,792,Education,Night,
402,Instagram,Reel,2024-08-22,5471,3927,2896,287,355,894,249,51,Organic,0,Entertainment,Day,
403,YouTube,Image,2025-07-27,12692,9443,5026,150,65,2726,603,103,Organic,0,Promotion,Day,
404,Facebook,Video,2025-10-09,6823,4100,1491,162,471,1173,200,59,Organic,0,Entertainment,Day,
405,Instagram,Video,2021-10-16,8238,7561,1949,177,163,426,127,172,Paid,2861,Education,Night,
406,Instagram,Reel,2021-01-24,6501,4263,2044,34,179,687,114,56,Paid,802,Awareness,Day,
407,Instagram,Image,2021-04-09,9410,8869,6875,85,452,442,0,148,Organic,0,Promotion,Night,
408,Facebook,Image,2022-12-21,14566,12778,1661,245,403,3611,775,17,Organic,0,Education,Day,
409,YouTube,Video,2023-07-14,19941,17296,9663,10,163,1847,166,2555,Paid,69492,Promotion,Night,
410,Instagram,Reel,2021-12-15,9556,6161,5996,38,280,151,21,128,Organic,0,Motivation,Day,
411,Facebook,Video,2023-09-16,4050,3122,1766,84,,608,157,110,Organic,0,Promotion,Day,
412,YouTube,Reel,2022-11-10,15227,10422,6705,283,369,219,12,162,Organic,0,Awareness,Night,
413,YouTube,Video,2022-09-02,18698,13391,813,201,292,2705,288,151,Organic,0,Awareness,Night,
414,Instagram,Video,2021-04-22,19011,18286,14011,44,150,4021,314,149,Paid,210,Entertainment,Day,
415,YouTube,Story,2022-02-28,16739,11678,1342,242,432,397,3,124,Paid,4919,Promotion,Night,
416,Facebook,Story,2023-09-29,4784,3501,373,278,198,814,120,67,Organic,0,Motivation,Night,
417,Instagram,Video,2022-01-18,7058,5753,2156,225,238,781,94,23,Organic,0,Awareness,Day,
418,YouTube,Reel,2024-03-01,9631,6704,6162,49,43,1714,275,96,Paid,3564,Entertainment,Night,
419,Facebook,Reel,2025-03-30,12265,11794,9070,31,430,1695,497,62,Organic,0,Motivation,Day,
420,YouTube,Image,2024-03-18,13684,12490,4896,40,202,1714,486,94,Paid,3238,Motivation,Night,
421,Facebook,Reel,2024-10-19,2137,1796,246,229,88,529,146,121,Organic,0,Motivation,Day,
422,Instagram,Video,2021-03-29,6477,4753,3566,103,,394,16,66,Organic,0,Education,Day,
423,YouTube,Video,2025-07-12,5845,4563,3179,284,203,654,186,27,Paid,4460,Awareness,Night,
424,YouTube,Image,2023-07-28,19089,14124,1843,212,76,2262,532,131,Organic,0,Education,Day,
425,YouTube,Video,2025-04-03,5856,5833,4609,51,402,1204,298,141,Organic,0,Education,Day,
426,Facebook,Image,2023-02-24,10374,9040,7750,19,88,1683,135,144,Organic,0,Awareness,Night,
427,Facebook,Image,2024-05-31,10024,7664,317,202,455,589,158,133,Organic,0,Promotion,Night,
428,Instagram,Story,2023-09-01,11862,9063,331,172,418,201,47,62,Organic,0,Entertainment,Day,
429,Facebook,Video,2025-10-24,10930,9105,3734,68,153,1148,251,126,Paid,492,Awareness,Day,
430,Facebook,Video,2024-05-23,15519,11939,3079,226,108,1103,213,5,Paid,4151,Entertainment,Night,
431,Instagram,Video,2025-11-12,14342,12573,8442,81,33,3110,528,38,Organic,0,Promotion,Day,
432,Facebook,Video,2025-05-18,11194,10867,2846,98,448,1652,69,100,Organic,0,Awareness,Day,
433,YouTube,Story,2023-07-24,7577,4782,1631,140,188,510,8,130,Organic,0,Motivation,Day,
434,Facebook,Video,2021-09-11,16211,13863,3963,190,250,3251,650,122,Organic,0,Awareness,Day,
435,Instagram,Reel,2022-12-18,15617,10824,4237,46,145,1943,564,52,Organic,0,Promotion,Day,
436,Facebook,Reel,2025-10-15,1899,1534,453,115,346,25,2,93,Paid,3139,Education,Night,
437,YouTube,Video,2023-11-18,7774,5766,3883,67,331,1334,209,121,Organic,0,Awareness,Night,
438,Instagram,Story,2022-04-04,6675,6467,5838,140,216,1640,4,133,Paid,1863,Motivation,Day,
439,Instagram,Story,2022-03-23,13336,10857,8530,203,299,1880,258,20,Organic,0,Awareness,Day,
440,Facebook,Story,2024-02-24,4352,2626,1222,55,246,523,95,73,Organic,0,Education,Day,
441,Instagram,Story,2022-10-28,3091,2542,1223,96,76,283,81,26,Organic,0,Awareness,Day,
442,Facebook,Image,2025-07-08,17950,17040,10472,71,369,1968,58,97,Organic,0,Motivation,Day,
443,Instagram,Image,2022-06-16,1834,1771,795,18,298,509,75,80,Organic,0,Promotion,Night,
444,Facebook,Reel,2025-01-27,19744,18530,17518,243,464,1555,175,158,Paid,4633,Motivation,Day,
445,Facebook,Reel,2025-09-18,12747,11803,4813,49,241,1229,87,148,Organic,0,Promotion,Night,
446,Instagram,Video,2024-10-24,5192,4174,1820,181,114,1144,93,90,Paid,3050,Motivation,Night,
447,Facebook,Story,2022-06-18,11062,10081,7598,60,240,1357,190,33,Organic,0,Entertainment,Day,
448,YouTube,Image,2023-10-22,2758,1799,1085,152,211,483,49,73,Paid,2014,Awareness,Day,
449,Instagram,Image,2022-12-03,2771,1970,293,161,441,140,12,51,Organic,0,Awareness,Night,
450,YouTube,Story,2024-07-16,6909,4476,475,2,231,998,170,98,Paid,4616,Education,Night,
451,YouTube,Image,2025-04-15,9962,6834,6432,45,66,690,147,148,Organic,0,Entertainment,Night,
452,Instagram,Image,2023-05-29,15211,14315,76,19,273,3517,826,89,Paid,3936,Education,Day,
453,Facebook,Reel,2022-10-22,7534,7512,146,2,320,1528,7,43,Paid,1191,Awareness,Night,
454,YouTube,Video,2022-10-02,9153,6417,3142,257,301,1420,176,104,Organic,0,Education,Day,
455,Instagram,Image,2022-09-03,11030,7986,5962,266,305,267,5,37,Organic,0,Promotion,Day,
456,Instagram,Story,2022-12-03,18174,13671,12289,96,84,3552,274,105,Organic,0,Entertainment,Day,
457,YouTube,Reel,2025-01-29,14218,8686,359,258,86,935,114,27,Paid,916,Motivation,Day,
458,Facebook,Story,2025-12-01,5035,3771,3159,273,319,76,12,14,Organic,0,Promotion,Night,
459,YouTube,Video,2024-08-31,2592,1653,1412,59,213,338,13,73,Organic,0,Motivation,Day,
460,Instagram,Reel,2022-06-02,15559,12450,3366,4,154,506,140,104,Organic,0,Education,Night,
461,Instagram,Reel,2023-12-02,14791,14294,6862,53,261,827,169,38,Organic,0,Awareness,Day,
462,YouTube,Reel,2023-10-17,4857,3492,3186,134,425,233,13,142,Paid,3004,Promotion,Night,
463,Instagram,Reel,2023-04-20,18142,12537,645,280,254,1466,360,151,Organic,0,Entertainment,Day,
464,YouTube,Video,2022-04-26,7805,7501,5502,45,464,1968,338,100,Organic,0,Motivation,Night,
465,YouTube,Video,2023-10-09,4618,4480,4191,38,370,1175,342,5,Paid,2743,Promotion,Day,
466,Instagram,Story,2023-07-25,4319,3115,1901,25,51,659,59,73,Organic,0,Awareness,Day,
467,Facebook,Story,2025-06-30,6724,4195,3489,59,48,595,92,8,Organic,0,Entertainment,Night,
468,Facebook,Reel,2024-09-20,2503,1510,673,183,457,436,35,20,Organic,0,Entertainment,Day,
469,Instagram,Reel,2023-02-03,15343,14298,1865,205,204,2197,95,28,Organic,0,Motivation,Day,
470,Instagram,Image,2024-11-13,15959,11801,10630,85,57,3423,789,84,Organic,0,Promotion,Night,
471,Facebook,Image,2023-05-03,5342,3445,3286,291,347,326,13,6,Paid,3530,Promotion,Day,
472,Instagram,Video,2025-05-15,15357,8408.385817,2140,247,471,2503,388,132,Organic,0,Entertainment,Day,
473,YouTube,Story,2021-04-05,16994,11121,10731,160,6,1684,225,164,Organic,0,Education,Day,
474,Facebook,Story,2022-04-04,18197,17205,17009,267,352,4723,1157,88,Organic,0,Entertainment,Day,
475,Instagram,Story,2022-05-25,4120,3358,2718,197,76,677,186,156,Organic,0,Awareness,Night,
476,Facebook,Reel,2021-01-24,19295,18884,16566,240,436,5020,111,144,Paid,3687,Promotion,Day,
477,YouTube,Story,2022-10-19,17247,11702,4557,25,259,306,62,167,Organic,0,Motivation,Day,
478,YouTube,Video,2025-08-01,8297,7232,3760,227,410,1550,206,128,Organic,0,Promotion,Night,
479,Instagram,Video,2023-07-05,19777,15536,8148,9,52,,127,37,Organic,0,Entertainment,Night,
480,YouTube,Video,2024-01-30,14219,11908,9899,155,455,146,35,165,Organic,0,Awareness,Night,
481,Instagram,Story,2024-10-07,17657,15200,5953,27,418,1694,335,175,Organic,0,Education,Day,
482,Facebook,Image,2025-04-21,8304,6843,5870,186,366,1359,286,105,Organic,0,Promotion,Day,
483,YouTube,Video,2024-09-11,15828,10430,5592,181,424,399,97,16,Organic,0,Entertainment,Day,
484,Instagram,Reel,2021-12-03,10567,9402,6704,54,130,435,11,71,Paid,2644,Entertainment,Day,
485,Instagram,Reel,2022-03-18,7419,5219,2768,55,387,247,50,69,Organic,0,Entertainment,Day,
486,YouTube,Image,2024-04-20,14581,9128,7493,258,68,2593,688,165,Paid,1252,Awareness,Night,
487,Instagram,Image,2024-02-08,17345,10442,8328,90,354,2172,49,172,Paid,693,Entertainment,Night,
488,YouTube,Image,2021-09-20,19958,13396,10772,164,258,2992,834,78,Organic,0,Entertainment,Day,
489,YouTube,Story,2025-04-11,13604,11591,6518,175,496,2494,709,47,Organic,0,Entertainment,Day,
490,Facebook,Story,2023-04-26,10639,10092,8975,160,364,546,35,48,Organic,0,Promotion,Day,
491,Facebook,Story,2022-03-06,19139,16665,11314,67,363,1780,205,33,Organic,0,Entertainment,Night,
492,Facebook,Video,2022-10-23,6826,6158,2885,287,245,1111,326,145,Paid,1131,Awareness,Night,
493,Facebook,Story,2023-05-05,19698,19540,13840,6,267,5465,1454,16,Organic,0,Promotion,Day,
494,Facebook,Video,2021-04-19,4488,2743,818,136,384,390,18,99,Organic,0,Entertainment,Night,
495,YouTube,Story,2021-10-27,6273,4936,1671,277,16,1399,128,50,Organic,0,Education,Day,
496,Facebook,Reel,2025-11-13,12753,11358,10602,287,199,419,78,134,Organic,0,Awareness,Day,
497,Instagram,Image,2021-04-07,8785,7363,3412,160,494,1178,340,39,Organic,0,Education,Day,
498,Facebook,Image,2022-02-20,19092,11895,3695,188,386,53,8,85,Paid,4554,Awareness,Day,
499,Facebook,Reel,2025-05-09,18911,17395,9639,229,90,4942,402,94,Organic,0,Education,Day,
500,YouTube,Image,2023-11-19,3440,2446,166,219,142,177,47,12,Paid,3653,Entertainment,Day,
501,Instagram,Video,2024-04-11,19238,13706,5415,238,363,1065,82,97,Organic,0,Education,Day,
502,YouTube,Story,2024-05-07,6072,3806,2009,293,281,314,41,158,Organic,0,Education,Day,
503,YouTube,Video,2022-03-27,12733,8236,2611,212,278,1301,269,94,Organic,0,Awareness,Night,
504,YouTube,Story,2022-03-30,18597,14462,5424,184,150,753,89,166,Organic,0,Entertainment,Day,
505,Facebook,Video,2024-02-24,8158,7976,939,177,228,2172,486,119,Organic,0,Awareness,Night,
506,Instagram,Image,2024-10-29,8875,7955,7503,58,197,998,20,109,Paid,394,Entertainment,Day,
507,Instagram,Image,2023-11-25,9407,7856,3987,22,151,1158,12,139,Paid,1345,Motivation,Day,
508,YouTube,Video,2021-07-16,7308,5696,5135,33,107,1052,42,62,Organic,0,Promotion,Day,
509,Facebook,Image,2022-02-26,7985,7598,5296,36,382,1737,106,118,Organic,0,Promotion,Day,
510,YouTube,Video,2021-03-19,6038,3719,222,91,406,940,169,79,Organic,0,Awareness,Day,
511,YouTube,Story,2025-08-10,9254,7837,3339,198,230,288,73,161,Paid,4940,Entertainment,Day,
512,Facebook,Video,2023-03-09,14252,12098,8762,3,328,1295,8,124,Organic,0,Education,Night,
513,YouTube,Story,2025-10-04,3072,3042,2059,54,148,46,11,168,Paid,521,Promotion,Night,
514,Instagram,Video,2023-02-21,10874,7232,3882,80,273,1153,224,25,Organic,0,Awareness,Night,
515,Facebook,Story,2025-06-20,8204,5480,5194,73,152,1529,200,168,Organic,0,Awareness,Day,
516,YouTube,Video,2021-10-17,13226,8026,41,293,305,2267,568,142,Paid,4945,Awareness,Day,
517,YouTube,Story,2022-09-17,13913,12747,3469,211,463,2242,87,105,Organic,0,Entertainment,Day,
518,Facebook,Story,2022-03-29,17795,11843,3183,58,92,659,47,156,Organic,0,Awareness,Night,
519,Facebook,Video,2024-08-13,19589,18734,9524,34,128,445,118,103,Organic,0,Motivation,Night,
520,Instagram,Story,2023-09-25,4217,2934,525,120,51,743,148,40,Organic,0,Education,Night,
521,Instagram,Image,2022-10-13,10343,6776,2689,156,355,1843,198,100,Organic,0,Awareness,Day,
522,Instagram,Image,2025-07-13,5993,5911,1381,2,160,1160,186,156,Organic,0,Entertainment,Day,
523,Instagram,Reel,2022-07-21,9066,8657,5432,245,236,907,223,155,Paid,4077,Education,Day,
524,Facebook,Video,2023-09-25,15593,12293,2879,41,430,3173,312,41,Organic,0,Education,Day,
525,Instagram,Video,2022-02-07,10195,9634,1235,9,434,573,137,16,Paid,2536,Promotion,Day,
526,Instagram,Reel,2024-03-31,17619,15745,14848,18,282,255,74,117,Organic,0,Awareness,Day,
527,YouTube,Story,2024-09-01,9539,7949,3215,114,456,2210,483,17,Organic,0,Awareness,Day,
528,YouTube,Image,2023-11-12,10535,7417,2980,257,5,1903,513,27,Organic,0,Entertainment,Day,
529,Facebook,Reel,2021-12-06,8827,8769,7310,81,91,2515,700,103,Organic,0,Motivation,Day,
530,YouTube,Image,2025-11-22,19558,19505,11757,20,112,4635,1350,109,Organic,0,Motivation,Night,
531,YouTube,Video,2023-01-27,16979,12085,10954,105,265,257,33,34,Paid,469,Promotion,Day,
532,YouTube,Video,2025-12-11,12837,10881,10625,165,52,1923,465,21,Organic,0,Motivation,Day,
533,Facebook,Reel,2024-03-31,18084,16040,6171,193,187,2240,269,117,Organic,0,Entertainment,Night,
534,Facebook,Image,2022-04-02,3550,3188,1445,176,249,257,48,66,Organic,0,Promotion,Day,
535,YouTube,Image,2025-12-12,16797,15027,2713,117,39,54,16,88,Paid,4671,Awareness,Day,
536,YouTube,Reel,2021-11-04,17860,15987,5934,60,338,2300,216,116,Paid,1615,Motivation,Night,
537,Instagram,Image,2021-08-21,8547,6826,3924,107,302,1352,368,90,Organic,0,Entertainment,Day,
538,YouTube,Reel,2021-03-30,6283,5452,1103,262,20,45,3,145,Organic,0,Entertainment,Day,
539,YouTube,Image,2022-06-13,19752,13054,9819,288,326,229,21,23,Organic,0,Awareness,Day,
540,Facebook,Image,2023-07-09,1610,1256,986,87,112,43,3,104,Organic,0,Entertainment,Day,
541,YouTube,Story,2025-08-08,14460,13598,2747,175,472,584,149,144,Organic,0,Promotion,Day,
542,Instagram,Reel,2023-02-14,15859,14401,1778,8,103,563,58,151,Organic,0,Promotion,Day,
543,YouTube,Video,2025-08-20,18128,17917,5813,243,461,4131,859,80,Organic,0,Education,Day,
544,YouTube,Video,2025-03-21,2279,2265,1975,66,461,544,128,13,Organic,0,Awareness,Night,
545,Instagram,Image,2024-08-22,18671,17981,12136,22,357,9,2,32,Organic,0,Entertainment,Day,
546,Instagram,Story,2025-06-06,18361,14530,9650,294,50,1879,493,132,Paid,3672,Motivation,Night,
547,YouTube,Video,2025-04-18,14942,10061,4641,278,209,1042,244,56,Paid,3075,Promotion,Day,
548,Facebook,Video,2024-03-29,9447,6442,4257,3,192,11,0,87,Organic,0,Awareness,Day,
549,YouTube,Reel,2023-01-12,7731,7455,3490,299,129,1293,209,115,Organic,0,Awareness,Day,
550,Instagram,Story,2024-03-02,9562,9238,6511,104,211,2195,433,148,Organic,0,Promotion,Night,
551,Instagram,Image,2022-01-02,19091,17874,8315,157,295,4567,988,121,Organic,0,Education,Night,
552,Facebook,Video,2025-10-18,12283,10630,3764,228,400,3013,141,73,Paid,2050,Awareness,Day,
553,Instagram,Video,2023-04-01,6301,4190,1316,199,493,439,130,103,Organic,0,Entertainment,Day,
554,Instagram,Image,2021-10-25,1173,1114,180,32,134,46,13,144,Paid,2653,Motivation,Night,
555,Facebook,Image,2021-03-19,8266,6477,3282,266,146,163,38,29,Paid,3216,Motivation,Night,
556,YouTube,Story,2021-01-22,2882,2087,797,17,401,506,112,127,Organic,0,Promotion,Day,
557,YouTube,Story,2024-10-12,17729,14862,3919,0,499,1897,173,57,Organic,0,Awareness,Day,
558,Facebook,Image,2022-12-25,6159,4050,1660,300,102,565,102,155,Organic,0,Motivation,Night,
559,YouTube,Story,2021-05-21,17965,10904,9160,298,178,3018,720,148,Organic,0,Awareness,Day,
560,Instagram,Video,2023-07-21,12386,9696,4277,89,208,926,99,61,Organic,0,Promotion,Night,
561,Instagram,Story,2023-10-28,17588,11424,1917,262,489,2288,74,43,Organic,0,Education,Day,
562,Facebook,Image,2022-05-28,9444,9254,6178,288,247,2203,588,113,Paid,3519,Motivation,Night,
563,Facebook,Image,2023-07-29,8971,8484,448,246,59,1391,397,1471,Organic,0,Entertainment,Day,
564,YouTube,Reel,2025-06-04,9448,5944,2586,211,489,783,162,171,Organic,0,Promotion,Day,
565,Instagram,Reel,2024-12-06,12570,11773,4706,47,204,2194,9,146,Organic,0,Education,Day,
566,Instagram,Story,2023-09-03,12206,7945,1790,293,137,2271,182,126,Organic,0,Entertainment,Night,
567,Facebook,Reel,2022-04-26,6989,4971,2174,105,117,1021,102,137,Organic,0,Entertainment,Night,
568,YouTube,Video,2021-11-16,7644,5608,642,252,314,1266,182,167,Paid,3562,Motivation,Night,
569,Instagram,Story,2025-10-03,1217,1121,645,252,459,277,5,79,Organic,0,Awareness,Night,
570,Facebook,Story,2022-01-10,19825,19011,13037,113,384,2250,502,150,Organic,0,Promotion,Day,
571,Facebook,Video,2023-09-07,19896,12987,8232,177,201,221,54,80,Organic,0,Entertainment,Day,
572,Instagram,Video,2023-08-01,6727,5908,96,107,194,246,66,13,Organic,0,Motivation,Night,
573,Instagram,Reel,2025-11-01,4301,3246,2246,134,121,370,78,78,Paid,3070,Education,Night,
574,Instagram,Image,2022-01-12,9827,7826,1724,214,358,1405,187,149,Organic,0,Entertainment,Day,
575,YouTube,Reel,2023-07-13,13199,10909,9435,117,416,1640,143,11,Paid,4813,Education,Day,
576,Instagram,Image,2024-02-12,4272,4039,803,74,409,552,60,178,Organic,0,Promotion,Day,
577,Instagram,Reel,2023-05-14,5900,5477,5166,264,273,19,1,145,Organic,0,Motivation,Day,
578,Facebook,Video,2024-02-26,11345,10793,6527,50,353,1228,128,172,Organic,0,Education,Night,
579,Facebook,Video,2023-09-03,6352,4056,1842,171,133,441,65,174,Organic,0,Awareness,Night,
580,Instagram,Story,2025-07-17,12828,10647,324,210,62,2295,570,141,Organic,0,Education,Night,
581,Facebook,Reel,2024-03-25,12504,12462,4663,181,166,814,147,31,Paid,3818,Education,Night,
582,Facebook,Story,2023-02-20,17726,14628,7598,74,444,3661,160,126,Organic,0,Motivation,Day,
583,YouTube,Video,2025-10-05,6491,5275,1327,175,116,863,207,9,Organic,0,Motivation,Day,
584,Instagram,Image,2024-12-25,11272,9358,4444,227,399,2674,298,33,Organic,0,Entertainment,Night,
585,YouTube,Reel,2023-04-28,12900,12548,378,64,372,2133,461,169,Organic,0,Education,Day,
586,YouTube,Image,2022-03-08,8688,7923,843,48,32,1030,40,170,Organic,0,Education,Day,
587,Instagram,Video,2025-04-28,16505,14395,1702,134,316,440,6,87,Organic,0,Motivation,Night,
588,YouTube,Story,2022-04-15,6088,3997,1815,64,67,798,79,140,Organic,0,Awareness,Night,
589,Facebook,Story,2021-03-13,18260,17825,10656,243,239,1397,14,113,Organic,0,Motivation,Night,
590,Facebook,Reel,2021-10-04,18713,13458,9680,233,323,2246,455,69,Organic,0,Awareness,Night,
591,Instagram,Image,2022-09-27,19480,15251,8841,116,412,4288,1093,90,Organic,0,Motivation,Day,
592,Instagram,Reel,2023-04-25,3934,3264,1243,5,0,315,46,149,Organic,0,Promotion,Day,
593,Instagram,Video,2022-08-11,18148,17567,16119,244,153,1116,176,75,Organic,0,Education,Night,
594,YouTube,Story,2022-04-19,1299,1219,386,210,451,149,38,49,Paid,3119,Awareness,Night,
595,Facebook,Image,2021-12-01,19368,15200,13572,193,112,3233,255,136,Organic,0,Promotion,Day,
596,Facebook,Story,2023-11-25,9617,6094,2332,272,414,864,122,40,Organic,0,Awareness,Day,
597,YouTube,Reel,2021-05-21,9808,7575,2372,56,326,770,218,74,Organic,0,Entertainment,Night,
598,Facebook,Image,2024-12-05,15920,14612,3076,164,9,3709,557,163,Organic,0,Entertainment,Day,
599,YouTube,Story,2022-01-16,5985,3794,1102,64,366,1095,11,23,Paid,1015,Education,Night,
600,YouTube,Video,2021-07-04,15366,15175,8086,111,175,67,7,112,Organic,0,Promotion,Day,
601,Instagram,Image,2023-10-18,14770,11414,519,169,41,3218,818,171,Paid,3618,Promotion,Day,
602,Facebook,Image,2021-05-27,5787,3701,743,98,458,545,100,95,Paid,4297,Entertainment,Night,
603,YouTube,Reel,2021-01-26,9194,8863,6304,226,126,1562,424,94,Organic,0,Education,Day,
604,Facebook,Reel,2023-12-04,2098,1461,968,199,348,235,12,23,Organic,0,Entertainment,Day,
605,YouTube,Video,2025-01-31,11227,9382,4150,246,326,649,161,43,Organic,0,Promotion,Night,
606,Facebook,Reel,2025-11-04,10791,8101,7973,57,120,1476,26,130,Organic,0,Awareness,Night,
607,Instagram,Video,2025-06-15,15226,11793,6484,124,4,61,5,177,Organic,0,Promotion,Day,
608,YouTube,Reel,2023-01-31,2376,2020,322,255,46,486,39,145,Organic,0,Education,Day,
609,YouTube,Video,2024-08-13,12089,7744,1030,249,119,244,45,130,Organic,0,Promotion,Day,
610,Facebook,Image,2021-02-13,11378,9671,5868,68,128,1796,197,62,Organic,0,Motivation,Day,
611,Facebook,Image,2024-01-17,2293,1871,388,290,95,448,75,152,Organic,0,Promotion,Day,
612,Instagram,Reel,2023-08-18,18813,14135,1128,271,79,2651,749,65,Paid,2225,Motivation,Day,
613,Instagram,Image,2024-01-15,15725,11857,11,259,194,3356,269,131,Organic,0,Entertainment,Day,
614,Facebook,Reel,2025-05-09,7079,4323,2627,32,337,1269,186,109,Paid,3773,Motivation,Day,
615,Facebook,Image,2023-12-10,18660,17905,5050,144,165,3174,194,171,Organic,0,Promotion,Day,
616,Facebook,Video,2021-07-17,14428,13906,717,66,91,2638,113,5,Organic,0,Promotion,Day,
617,YouTube,Video,2022-01-28,2024,1420,1169,198,336,54,15,135,Organic,0,Promotion,Night,
618,YouTube,Video,2023-01-21,17053,14538,214,106,335,2096,50,96,Organic,0,Education,Night,
619,Facebook,Video,2025-06-29,17102,17077,11826,285,380,655,119,117,Organic,0,Entertainment,Day,
620,Facebook,Story,2021-04-30,14629,11800,8667,20,375,3253,725,157,Organic,0,Motivation,Night,
621,YouTube,Video,2023-11-30,3306,2605,946,272,197,79,6,60,Paid,4199,Awareness,Night,
622,Facebook,Reel,2024-03-13,7208,5115,4574,285,212,1077,127,2208,Organic,0,Motivation,Day,
623,Instagram,Image,2024-10-13,4457,4243,852,85,405,1180,183,170,Organic,0,Promotion,Day,
624,Facebook,Reel,2022-11-23,6911,6398,4373,226,477,822,129,121,Paid,2819,Awareness,Day,
625,Instagram,Image,2025-09-27,12544,10107,7054,165,311,2253,332,138,Paid,2549,Awareness,Day,
626,Facebook,Story,2023-02-08,8887,7638,2949,231,229,2234,219,62,Organic,0,Motivation,Day,
627,YouTube,Reel,2024-05-05,14011,8407,4945,3,153,141,18,48,Organic,0,Motivation,Night,
628,Facebook,Story,2021-02-14,8270,5841,4535,261,284,1752,322,177,Paid,2872,Motivation,Night,
629,YouTube,Image,2021-07-13,19699,19404,11654,79,70,4682,316,164,Organic,0,Motivation,Night,
630,Instagram,Video,2022-06-09,9683,7312,4673,204,291,1023,119,177,Organic,0,Entertainment,Night,
631,Instagram,Reel,2022-10-27,8124,7881,3999,295,419,316,92,65,Organic,0,Education,Night,
632,Facebook,Image,2025-02-05,4124,3693,321,28,471,615,9,51,Paid,4632,Education,Day,
633,YouTube,Reel,2025-11-13,11957,10024,9868,5,324,1778,426,153,Organic,0,Motivation,Day,
634,Instagram,Reel,2021-03-26,13533,8562,5354,257,357,1248,268,84,Paid,3561,Education,Day,
635,Instagram,Image,2025-02-07,8235,5568,4875,294,258,103,21,122,Organic,0,Motivation,Night,
636,Instagram,Reel,2025-05-30,3951,2824,541,172,42,442,74,168,Paid,4655,Motivation,Day,
637,Instagram,Video,2023-03-29,16592,14636,6529,256,222,403,70,151,Organic,0,Motivation,Night,
638,Instagram,Image,2022-02-10,5272,3715,2671,292,100,984,286,24,Organic,0,Entertainment,Night,
639,YouTube,Story,2022-05-12,19388,16678,14092,165,350,4294,504,150,Paid,2901,Promotion,Day,
640,Instagram,Story,2023-05-18,19874,12657,3120,164,176,460,105,51,Organic,0,Education,Day,
641,Instagram,Reel,2024-06-16,1793,1387,902,22,473,86,11,53,Organic,0,Education,Night,
642,Facebook,Video,2021-11-16,8650,6007,920,27,124,1403,191,18,Organic,0,Entertainment,Day,
643,YouTube,Story,2024-11-21,5839,4681,3686,241,11,28,5,147,Organic,0,Entertainment,Day,
644,Facebook,Story,2022-02-22,11874,8836,7913,72,355,2203,216,163,Organic,0,Motivation,Night,
645,YouTube,Story,2023-12-15,1602,1346,348,30,145,298,84,5,Organic,0,Motivation,Night,
646,Facebook,Video,2023-08-11,7576,7397,545,198,338,1111,27,121,Organic,0,Promotion,Day,
647,YouTube,Story,2021-08-09,9890,8649,6332,118,194,1475,442,58,Organic,0,Education,Night,
648,Instagram,Video,2022-10-09,17663,16410,6108,101,256,815,231,122,Organic,0,Entertainment,Day,
649,Facebook,Story,2022-05-22,16007,14197,5465,250,201,176,2,7,Organic,0,Promotion,Night,
650,Instagram,Story,2022-12-22,6144,3761,967,256,141,710,175,148,Paid,585,Education,Night,
651,YouTube,Story,2025-07-27,3031,2345,923,77,174,396,113,16,Organic,0,Promotion,Day,
652,Instagram,Reel,2025-02-03,13872,13704,6837,123,293,1124,44,78,Organic,0,Promotion,Day,
653,Instagram,Reel,2022-11-06,6005,5349,1693,70,297,639,154,20,Paid,2919,Motivation,Night,
654,Instagram,Reel,2021-10-10,18739,16846,14092,74,335,1657,441,106,Organic,0,Promotion,Day,
655,Facebook,Video,2021-05-19,19508,19216,6033,162,429,1294,162,156,Paid,4688,Motivation,Day,
656,Instagram,Image,2023-04-23,5768,3580,3054,140,77,652,105,160,Paid,799,Education,Day,
657,Facebook,Story,2021-02-23,7158,4731,4645,118,305,269,23,121,Paid,3455,Education,Day,
658,YouTube,Image,2023-01-06,8608,6109,1098,257,433,1407,13,12,Organic,0,Motivation,Night,
659,Instagram,Image,2025-10-12,16360,15648,7763,70,83,3063,188,126,Paid,4248,Awareness,Day,
660,YouTube,Story,2025-04-15,7332,5325,3383,113,380,66,13,96,Paid,955,Promotion,Night,
661,Facebook,Image,2023-06-19,7646,5424,2661,234,454,135,11,168,Organic,0,Education,Day,
662,Facebook,Image,2021-03-27,9086,7202,5899,160,201,1658,397,94,Organic,0,Promotion,Night,
663,Facebook,Video,2024-08-06,19741,16708,3582,231,233,4392,1075,140,Organic,0,Awareness,Day,
664,Instagram,Video,2024-01-07,2389,2331,2284,198,264,251,66,64,Organic,0,Promotion,Day,
665,Instagram,Story,2023-03-27,2615,1957,944,85,216,298,56,32,Organic,0,Awareness,Night,
666,Facebook,Image,2025-08-27,10647,6834,740,256,57,582,118,105,Organic,0,Entertainment,Day,
667,Instagram,Image,2021-10-05,6890,6531,2649,230,12,1920,559,45,Organic,0,Awareness,Day,
668,Instagram,Video,2025-12-13,6861,5974,2048,165,354,1208,103,159,Organic,0,Education,Night,
669,Instagram,Story,2024-12-17,6373,4329,698,268,362,186,7,149,Organic,0,Motivation,Night,
670,Facebook,Image,2023-02-15,13585,12342,719,87,467,2507,163,165,Organic,0,Motivation,Night,
671,YouTube,Reel,2021-11-29,11983,11821,11666,26,214,2701,153,161,Paid,1698,Promotion,Day,
672,YouTube,Video,2024-07-06,11094,9191,2155,103,1,1827,295,145,Organic,0,Entertainment,Day,
673,Instagram,Video,2025-10-18,9293,5625,4980,252,121,939,254,50,Organic,0,Promotion,Day,
674,Instagram,Video,2023-04-20,8106,7274,4925,3,125,1948,464,39,Organic,0,Awareness,Night,
675,YouTube,Video,2024-02-16,18935,13639,3028,75,28,2538,643,138,Organic,0,Motivation,Night,
676,Facebook,Story,2024-09-28,12436,7761,2712,44,25,595,8,86,Paid,2409,Awareness,Day,
677,Instagram,Reel,2024-10-08,4568,3593,1865,296,184,365,20,119,Paid,4263,Motivation,Day,
678,Instagram,Image,2022-10-24,2174,1399,138,218,431,393,38,51,Organic,0,Motivation,Day,
679,YouTube,Story,2021-10-03,19037,11953,5393,269,211,1199,241,157,Paid,1308,Motivation,Day,
680,YouTube,Video,2024-06-07,18191,12633,9361,270,44,2850,214,14,Organic,0,Education,Day,
681,Instagram,Story,2024-05-31,16848,16039,8608,294,319,2352,437,60,Organic,0,Awareness,Night,
682,Facebook,Image,2023-10-14,12595,8619,8069,92,452,2516,576,34,Organic,0,Promotion,Night,
683,YouTube,Video,2021-01-04,8625,8077,3808,60,377,1189,99,113,Paid,2928,Entertainment,Night,
684,Instagram,Story,2021-04-04,7793,7195,4590,108,5,1698,211,9,Organic,0,Promotion,Night,
685,YouTube,Story,2025-06-07,7592,7381,2459,259,281,1153,130,123,Organic,0,Awareness,Night,
686,Instagram,Video,2022-12-01,11614,7018,6816,89,99,466,85,37,Paid,1581,Entertainment,Night,
687,YouTube,Reel,2023-08-30,11830,9866,7888,79,321,2754,490,122,Organic,0,Promotion,Day,
688,Instagram,Video,2025-05-25,16093,14053,13682,266,153,2745,473,69,Organic,0,Entertainment,Day,
689,YouTube,Reel,2024-01-03,19512,17645,10869,181,33,2584,568,150,Paid,1386,Awareness,Day,
690,Facebook,Reel,2023-02-08,5892,4683,4677,199,95,63,10,15,Organic,0,Motivation,Night,
691,Instagram,Video,2025-10-23,4828,4666,2224,211,44,631,180,89,Organic,0,Awareness,Night,
692,Instagram,Reel,2025-08-26,17287,12318,8603,154,89,1522,231,30,Organic,0,Education,Day,
693,Instagram,Video,2021-07-09,4677,3572,3272,247,463,76,6,67,Organic,0,Entertainment,Night,
694,Facebook,Story,2023-09-18,17385,11693,5363,73,393,779,87,90,Organic,0,Awareness,Day,
695,Facebook,Video,2022-02-25,4219,4214,3763,198,365,1057,67,63,Organic,0,Motivation,Night,
696,Facebook,Video,2021-04-01,18116,11817,5460,239,455,16,2,31,Organic,0,Motivation,Night,
697,Facebook,Story,2021-02-16,2511,1611,1308,107,164,266,39,165,Organic,0,Awareness,Night,
698,Instagram,Image,2023-12-27,7571,5330,963,139,76,586,70,102,Paid,1507,Promotion,Night,
699,Facebook,Video,2024-06-29,6160,4816,1692,277,179,234,1,109,Paid,397,Awareness,Day,
700,Instagram,Reel,2024-12-13,19001,14009,2806,36,159,2220,144,103,Organic,0,Motivation,Day,
701,YouTube,Image,2021-09-24,12099,11687,11067,25,54,1817,51,133,Organic,0,Awareness,Day,
702,YouTube,Image,2023-03-14,13569,8581,5826,159,170,352,54,153,Paid,3536,Education,Day,
703,Instagram,Reel,2025-03-28,7492,7415,761,239,49,2185,80,59,Organic,0,Promotion,Night,
704,Instagram,Image,2024-12-25,15928,12098,3796,114,73,2803,659,10,Organic,0,Awareness,Day,
705,Facebook,Story,2022-01-11,9455,9412,5320,232,249,1488,200,99,Paid,415,Motivation,Night,
706,Instagram,Image,2022-12-21,1991,1260,349,144,393,243,14,137,Paid,1849,Awareness,Night,
707,YouTube,Image,2023-11-07,12423,12404,11702,54,166,2353,130,106,Paid,3062,Awareness,Day,
708,Instagram,Image,2023-12-28,19223,16853,13547,122,317,581,77,7,Paid,809,Entertainment,Day,
709,YouTube,Story,2023-02-26,8985,7635,1705,220,401,651,123,27,Organic,0,Awareness,Day,
710,YouTube,Reel,2024-11-22,15265,13805,10856,39,378,2803,557,57,Organic,0,Education,Day,
711,Facebook,Image,2024-04-27,19815,18743,10661,284,49,3986,234,169,Organic,0,Motivation,Day,
712,Facebook,Video,2021-05-23,15588,10795,9771,194,167,1261,207,87,Organic,0,Entertainment,Day,
713,YouTube,Video,2022-03-22,17197,15601,12403,75,338,503,23,149,Organic,0,Awareness,Day,
714,Facebook,Image,2023-03-10,5889,5388,1602,105,348,1088,149,89,Paid,3011,Promotion,Night,
715,Instagram,Story,2022-09-16,11374,9279,1462,298,4,2335,695,82,Paid,3621,Education,Night,
716,Instagram,Video,2021-05-08,17725,13946,13,286,420,1044,150,114,Organic,0,Education,Night,
717,Instagram,Image,2022-04-27,12771,8560,5212,195,207,1155,15,5,Paid,1298,Education,Day,
718,YouTube,Image,2024-09-18,13503,11666,2278,96,284,2232,216,55,Paid,2921,Entertainment,Night,
719,Facebook,Reel,2022-08-14,13602,11112,2200,5,36,1708,157,177,Organic,0,Awareness,Night,
720,YouTube,Reel,2021-10-06,1514,1055,851,233,457,249,55,8,Organic,0,Education,Night,
721,Instagram,Image,2023-11-10,14949,14074,6303,181,115,1472,232,117,Organic,0,Awareness,Day,
722,Instagram,Reel,2024-03-29,7088,5991,5833,256,137,1238,3,36,Organic,0,Promotion,Night,
723,YouTube,Image,2021-03-10,14462,13151,11548,188,57,2360,375,38,Organic,0,Awareness,Night,
724,Facebook,Story,2025-02-04,16778,15722,7617,264,40,655,36,96,Organic,0,Awareness,Day,
725,Facebook,Video,2023-08-26,18149,15886,11207,276,408,724,62,99,Organic,0,Awareness,Day,
726,YouTube,Image,2024-01-01,19993,14554,7438,262,463,432,87,76,Organic,0,Motivation,Night,
727,Instagram,Story,2022-12-24,16375,14526,2744,18,355,2715,431,43,Paid,4225,Entertainment,Day,
728,YouTube,Video,2024-03-30,10963,8710,4780,13,146,251,60,158,Organic,0,Awareness,Day,
729,Instagram,Story,2021-06-07,16884,10805,2171,143,140,519,129,166,Paid,3451,Education,Day,
730,YouTube,Reel,2024-05-21,9419,5709,5399,228,189,1518,57,122,Organic,0,Motivation,Night,
731,YouTube,Video,2023-09-21,6747,5118,2808,43,495,1435,120,7,Organic,0,Awareness,Night,
732,Instagram,Reel,2025-04-27,5753,4082,2706,225,371,1015,211,127,Paid,807,Motivation,Day,
733,Facebook,Story,2021-04-22,6481,4751,950,26,85,1183,176,54,Organic,0,Entertainment,Night,
734,Facebook,Reel,2023-09-03,16204,12988,6222,199,242,1950,308,16,Organic,0,Motivation,Day,
735,Instagram,Image,2021-01-25,9605,6357,3129,161,492,1086,222,58,Paid,2352,Education,Night,
736,Facebook,Story,2023-12-25,18375,16619,14148,139,171,336,12,137,Organic,0,Awareness,Day,
737,Facebook,Image,2024-09-02,9858,7007,3777,123,375,402,32,61,Organic,0,Education,Night,
738,YouTube,Story,2024-11-14,7387,6561,4486,5,344,691,173,149,Organic,0,Promotion,Day,
739,Facebook,Video,2021-07-20,1277,835,701,228,179,3,0,116,Paid,688,Motivation,Day,
740,YouTube,Video,2022-01-31,8189,7883,5074,47,29,1160,128,51,Organic,0,Motivation,Day,
741,Facebook,Reel,2021-06-26,8104,7317,3079,289,411,498,30,3536,Organic,0,Motivation,Night,
742,Instagram,Video,2022-08-27,7054,4686,3714,141,393,377,32,89,Organic,0,Entertainment,Night,
743,YouTube,Story,2021-11-28,14991,14664,12732,31,195,2649,263,146,Organic,0,Education,Day,
744,Instagram,Reel,2025-07-23,13733,10964,7218,35,251,246,33,70,Paid,3652,Promotion,Day,
745,Instagram,Video,2024-08-14,7575,7044,1178,276,393,1608,91,79,Organic,0,Entertainment,Night,
746,Instagram,Story,2021-08-06,15131,10867,1692,17,37,2514,658,107,Organic,0,Entertainment,Night,
747,Instagram,Video,2025-05-11,3307,3154,2038,76,334,745,64,170,Organic,0,Awareness,Day,
748,YouTube,Story,2022-06-30,1028,635,400,294,1,170,24,42,Paid,2266,Promotion,Day,
749,Instagram,Video,2023-06-13,17888,16528,7400,1,196,4019,979,54,Organic,0,Motivation,Day,
750,Instagram,Story,2023-01-06,16796,11069,6563,28,323,2323,548,102,Paid,2490,Motivation,Day,
751,Instagram,Story,2021-06-14,3970,3130,2653,103,90,547,87,86,Paid,4424,Awareness,Day,
752,Instagram,Image,2022-01-27,19169,11823,1749,183,249,1573,338,34,Organic,0,Motivation,Day,
753,YouTube,Reel,2021-10-14,3780,3563,103,122,250,896,97,83,Organic,0,Education,Day,
754,Instagram,Image,2022-09-23,13739,8759,268,18,173,2214,658,95,Organic,0,Motivation,Night,
755,YouTube,Image,2021-08-31,2836,2392,2197,76,379,43,6,56,Paid,1307,Education,Night,
756,YouTube,Image,2025-02-15,19984,13898,10712,9,241,590,9,170,Organic,0,Awareness,Night,
757,Facebook,Video,2021-12-19,2500,1748,629,49,233,133,0,83,Organic,0,Awareness,Night,
758,Instagram,Reel,2021-08-22,6593,6375,516,103,218,130,6,34,Paid,1639,Education,Night,
759,Facebook,Reel,2024-11-02,12054,10525,5268,109,391,1328,61,110,Organic,0,Motivation,Day,
760,YouTube,Story,2021-05-10,2493,2102,578,212,86,177,21,55,Organic,0,Awareness,Night,
761,Facebook,Video,2022-05-14,13121,12405,2185,51,405,675,112,85,Organic,0,Awareness,Day,
762,YouTube,Video,2021-06-15,13325,9287,2939,45,361,64,15,137,Organic,0,Education,Night,
763,Instagram,Reel,2025-06-11,10297,9587,3377,73,327,2840,826,33,Paid,4142,Awareness,Night,
764,YouTube,Video,2022-05-05,9878,8068,4884,92,367,1844,421,136,Organic,0,Motivation,Night,
765,Instagram,Story,2025-08-20,17380,15441,6861,2,285,721,160,142,Organic,0,Awareness,Day,
766,Facebook,Story,2021-07-15,8721,6018,4421,259,112,240,67,149,Paid,424,Education,Night,
767,YouTube,Video,2021-04-19,16211,16036,13051,76,350,1704,283,78,Organic,0,Motivation,Night,
768,YouTube,Video,2024-10-04,16545,14002,10565,186,145,1444,81,21,Paid,4352,Promotion,Day,
769,Instagram,Video,2024-06-17,7867,6500,855,26,473,514,85,88,Paid,3896,Education,Night,
770,Facebook,Video,2023-09-21,18608,12604,1160,120,369,647,7,73,Organic,0,Promotion,Day,
771,Facebook,Story,2022-02-12,15575,14200,3769,56,166,2670,429,38,Organic,0,Awareness,Night,
772,YouTube,Image,2025-11-17,8463,5478,1807,37,241,485,105,10,Paid,1603,Motivation,Day,
773,Facebook,Image,2022-03-19,16873,10568,2917,198,191,1785,148,57,Organic,0,Awareness,Day,
774,Instagram,Story,2024-07-18,5469,5155,1656,171,65,1474,99,130,Organic,0,Motivation,Night,
775,YouTube,Image,2021-10-07,2051,1938,939,214,87,61,8,47,Paid,2116,Entertainment,Day,
776,Facebook,Reel,2021-11-18,12258,9155,9056,117,44,1208,309,119,Organic,0,Awareness,Day,
777,Instagram,Image,2024-04-26,14490,12968,4573,7,373,2003,221,115,Paid,4267,Awareness,Day,
778,Facebook,Reel,2023-06-09,15028,11036,9695,76,467,1015,167,155,Organic,0,Awareness,Night,
779,YouTube,Image,2021-04-01,19799,19237,16522,17,217,41,6,84,Organic,0,Education,Day,
780,Instagram,Reel,2023-07-16,18403,14271,1361,285,385,3926,200,99,Organic,0,Motivation,Night,
781,Instagram,Reel,2023-01-05,1407,1260,185,8,245,111,8,122,Paid,3901,Motivation,Night,
782,Instagram,Reel,2023-07-21,10988,7917,7161,207,94,1881,24,148,Organic,0,Motivation,Day,
783,Facebook,Video,2025-10-29,13137,13016,6305,170,271,1901,1,12,Paid,3168,Education,Night,
784,Facebook,Reel,2024-11-30,2071,1545,1402,41,317,218,34,136,Organic,0,Motivation,Day,
785,YouTube,Video,2025-12-24,12000,7649,3137,187,238,2108,372,108,Organic,0,Awareness,Day,
786,Facebook,Video,2024-08-20,2339,1777,1148,104,70,375,22,136,Organic,0,Promotion,Day,
787,Instagram,Reel,2024-08-22,11974,9138,3693,164,180,2210,116,29,Organic,0,Entertainment,Day,
788,YouTube,Story,2021-04-22,9760,7918,2828,231,248,1732,283,100,Organic,0,Motivation,Day,
789,Facebook,Story,2024-12-24,17431,14772,7405,188,409,1005,240,159,Organic,0,Education,Day,
790,Instagram,Reel,2021-06-14,3150,2275,1181,39,55,468,22,97,Organic,0,Education,Night,
791,YouTube,Reel,2023-10-14,6399,4969,4265,11,150,229,18,164,Paid,682,Motivation,Day,
792,Instagram,Image,2022-12-12,14649,14379,12086,10,149,1081,242,65,Organic,0,Promotion,Night,
793,YouTube,Story,2025-07-01,7195,4574,3372,296,175,45,13,126,Paid,2839,Motivation,Day,
794,Facebook,Image,2024-11-28,11692,10997,7503,155,290,2430,681,55,Organic,0,Education,Day,
795,YouTube,Image,2022-06-17,5323,4448,3046,147,394,351,101,151,Organic,0,Entertainment,Day,
796,YouTube,Reel,2023-07-23,2550,1681,1457,274,146,180,18,25,Organic,0,Promotion,Day,
797,YouTube,Reel,2024-09-26,6972,4901,1948,59,21,1450,354,9,Organic,0,Motivation,Night,
798,YouTube,Reel,2023-01-28,11375,7861,4607,17,340,1805,266,96,Organic,0,Entertainment,Day,
799,Facebook,Reel,2023-07-08,11385,9647,8743,154,62,605,95,174,Organic,0,Motivation,Day,
800,Instagram,Reel,2023-07-28,1816,1503,8,279,499,255,18,65,Organic,0,Promotion,Day,
801,Instagram,Story,2022-08-29,17626,13288,12356,293,341,2651,722,26,Paid,3808,Education,Day,
802,Facebook,Video,2022-11-25,5819,5806,3923,20,71,1492,226,153,Organic,0,Promotion,Day,
803,Facebook,Reel,2023-04-03,19053,12388,7306,182,47,1261,12,74,Paid,4960,Awareness,Day,
804,YouTube,Story,2023-12-15,11694,7466,1603,11,42,799,149,5,Organic,0,Motivation,Day,
805,Instagram,Reel,2023-11-15,18642,18143,16071,162,308,3649,178,137,Organic,0,Entertainment,Day,
806,YouTube,Image,2023-03-26,17762,11116,6056,197,190,2731,369,16,Organic,0,Entertainment,Day,
807,Instagram,Video,2022-09-23,1399,1130,441,227,379,176,22,94,Organic,0,Promotion,Night,
808,Facebook,Image,2025-07-09,14618,12394,11937,212,71,1182,83,50,Organic,0,Promotion,Day,
809,Facebook,Story,2023-08-31,3820,2586,270,192,45,212,38,38,Organic,0,Promotion,Day,
810,Facebook,Image,2021-12-25,1216,938,727,290,386,139,26,82,Organic,0,Entertainment,Day,
811,Instagram,Image,2023-02-21,5486,4107,345,154,427,380,106,49,Organic,0,Education,Day,
812,YouTube,Video,2022-04-05,10958,10621,2523,134,153,2290,474,159,Organic,0,Entertainment,Day,
813,Instagram,Reel,2022-08-13,16484,10907,8059,125,14,2678,681,77,Organic,0,Education,Day,
814,Facebook,Story,2021-05-17,4911,4512,3936,289,223,567,126,30,Organic,0,Promotion,Day,
815,Facebook,Video,2023-02-04,9451,8242,4252,83,297,1949,122,51,Paid,3212,Awareness,Day,
816,Facebook,Reel,2025-12-04,2917,2049,1463,83,27,327,59,125,Paid,4644,Entertainment,Night,
817,Instagram,Story,2021-04-10,9934,7439,4338,39,263,1718,364,60,Organic,0,Promotion,Night,
818,Facebook,Reel,2021-07-13,7350,6982,4454,165,446,750,195,98,Paid,3382,Entertainment,Day,
819,Facebook,Story,2021-07-16,11361,9282,2354,6,70,1111,185,111,Paid,3623,Promotion,Day,
820,Instagram,Story,2023-09-21,17979,13092,2671,52,111,1527,398,67,Organic,0,Entertainment,Night,
821,Facebook,Video,2025-06-17,6064,5699,3418,235,469,452,48,52,Organic,0,Motivation,Night,
822,Instagram,Story,2023-09-10,3503,2339,1485,71,418,134,1,65,Paid,1756,Entertainment,Night,
823,Instagram,Video,2024-12-24,15481,14183,12197,60,113,2802,176,85,Organic,0,Motivation,Day,
824,YouTube,Reel,2021-09-14,5217,3713,321,217,353,464,78,30,Paid,2532,Education,Day,
825,Instagram,Video,2025-04-01,4660,2955,804,55,16,19,3,40,Organic,0,Entertainment,Night,
826,Instagram,Video,2021-09-01,17825,15554,1085,154,341,485,120,5,Organic,0,Education,Night,
827,YouTube,Reel,2024-04-18,1336,899,686,179,14,63,6,12,Organic,0,Awareness,Day,
828,Instagram,Story,2024-04-02,3974,2682,657,256,399,764,71,117,Organic,0,Motivation,Night,
829,Facebook,Video,2025-08-06,8924,7422,4332,111,366,279,12,103,Paid,4285,Entertainment,Day,
830,YouTube,Video,2024-01-06,7276,5519,1753,258,435,351,96,51,Paid,496,Education,Day,
831,Instagram,Video,2022-01-15,16555,12935,2963,181,194,2859,603,131,Organic,0,Promotion,Day,
832,YouTube,Story,2023-04-15,14896,10692,2025,238,56,2106,233,60,Organic,0,Education,Day,
833,Instagram,Video,2024-12-14,18030,11931,1347,167,252,2030,369,18,Paid,3461,Entertainment,Night,
834,Facebook,Story,2024-05-14,4791,3662,2814,227,115,580,116,32,Organic,0,Awareness,Night,
835,YouTube,Image,2022-01-22,19150,14826,11126,188,91,2380,438,82,Organic,0,Motivation,Night,
836,Instagram,Video,2023-03-23,1418,1353,244,73,202,344,13,134,Organic,0,Promotion,Day,
837,YouTube,Story,2021-12-12,14127,13313,3261,173,102,416,94,113,Paid,695,Education,Day,
838,Instagram,Story,2025-01-25,14247,9553,9534,139,387,953,217,158,Paid,3195,Entertainment,Day,
839,Facebook,Story,2023-09-20,14114,11385,2414,232,55,1948,414,18,Organic,0,Entertainment,Day,
840,Facebook,Reel,2022-04-18,5003,3514,121,50,377,1002,254,60,Organic,0,Motivation,Night,
841,Instagram,Story,2022-01-02,2731,1777,312,155,318,510,6,119,Paid,4524,Promotion,Day,
842,Facebook,Image,2025-03-20,4156,4049,3247,238,103,156,42,11,Organic,0,Education,Day,
843,Facebook,Story,2022-06-20,10619,10449,8856,279,9,2008,516,7,Organic,0,Education,Day,
844,Instagram,Story,2023-02-25,2035,1661,770,226,235,450,30,115,Organic,0,Education,Day,
845,Instagram,Reel,2024-09-12,2179,1340,1006,220,68,90,17,155,Paid,4226,Motivation,Night,
846,Facebook,Image,2024-03-11,11238,9929,9073,276,292,1996,112,111,Organic,0,Motivation,Day,
847,Instagram,Story,2021-04-25,16395,13735,8105,193,315,1280,259,22,Organic,0,Promotion,Night,
848,Facebook,Video,2021-02-27,12559,9865,2100,187,178,1312,31,42,Organic,0,Education,Night,
849,Instagram,Story,2021-07-19,1881,1768,731,210,179,349,48,119,Organic,0,Education,Day,
850,Instagram,Video,2024-08-20,2849,2209,268,156,58,253,30,19,Organic,0,Promotion,Day,
851,YouTube,Image,2022-10-30,12062,8627,6921,290,263,80,17,123,Organic,0,Promotion,Night,
852,Facebook,Video,2023-08-20,14800,11064,5185,193,292,83,22,32,Organic,0,Promotion,Day,
853,Instagram,Video,2025-07-14,13789,10914,3373,172,254,2345,100,43,Organic,0,Entertainment,Night,
854,Instagram,Story,2024-06-13,17474,17131,14286,103,254,2781,170,21,Organic,0,Promotion,Day,
855,YouTube,Story,2022-06-28,3468,3177,2349,205,411,219,36,90,Organic,0,Awareness,Day,
856,Facebook,Video,2025-09-25,8401,7598,4848,172,139,376,91,130,Paid,963,Motivation,Night,
857,Instagram,Reel,2023-09-01,3204,3082,1422,39,333,820,135,48,Paid,3568,Promotion,Day,
858,Facebook,Story,2024-09-20,10890,10668,3278,212,205,1228,221,29,Organic,0,Entertainment,Day,
859,Facebook,Reel,2024-10-07,9233,8098,7216,9,321,2110,464,149,Paid,1152,Awareness,Day,
860,YouTube,Image,2023-10-20,17915,17816,8779,272,414,1528,295,17,Organic,0,Entertainment,Day,
861,Instagram,Image,2022-02-15,15212,13764,2420,123,77,490,133,29,Paid,4679,Entertainment,Day,
862,YouTube,Reel,2025-10-28,10839,10069,6757,136,421,1680,163,72,Organic,0,Entertainment,Day,
863,Instagram,Reel,2022-04-29,10405,7558,930,76,98,1050,307,142,Organic,0,Entertainment,Day,
864,Instagram,Image,2022-09-28,1907,1395,1146,223,216,408,105,71,Organic,0,Education,Night,
865,YouTube,Story,2021-10-07,2212,1533,568,281,90,81,8,113,Organic,0,Motivation,Day,
866,YouTube,Story,2021-04-24,2383,2168,1220,32,461,497,5,150,Paid,4405,Education,Day,
867,YouTube,Image,2025-12-19,14336,11578,2302,120,57,2751,673,115,Organic,0,Awareness,Day,
868,Facebook,Story,2023-12-05,19709,17841,16267,46,121,4098,247,115,Organic,0,Education,Day,
869,Facebook,Image,2025-09-01,5006,4586,1932,216,111,641,84,38,Organic,0,Awareness,Day,
870,Instagram,Image,2022-07-17,5727,3873,1041,28,251,358,27,115,Paid,4965,Promotion,Day,
871,Instagram,Image,2024-01-23,18480,14157,11185,126,493,925,162,12,Organic,0,Awareness,Night,
872,Facebook,Story,2023-09-01,10100,9662,5049,10,330,593,92,172,Organic,0,Education,Day,
873,Facebook,Image,2022-06-03,2140,2041,633,185,462,55,7,117,Paid,961,Education,Day,
874,YouTube,Image,2023-03-07,4999,4094,3799,130,154,484,113,87,Organic,0,Awareness,Night,
875,YouTube,Image,2022-03-07,3957,3923,2586,162,450,482,76,46,Organic,0,Education,Day,
876,Instagram,Image,2025-08-13,14313,8864,6765,170,367,1122,41,173,Paid,2843,Awareness,Night,
877,Facebook,Video,2022-06-19,14840,9726,5764,215,308,656,178,105,Organic,0,Entertainment,Day,
878,YouTube,Video,2024-11-24,18947,17411,6020,227,405,2676,464,10,Organic,0,Motivation,Night,
879,Instagram,Story,2024-07-10,5459,3287,2358,42,56,410,25,30,Organic,0,Awareness,Night,
880,Facebook,Image,2025-10-01,6171,4724,2616,231,244,1057,66,68,Paid,1668,Entertainment,Night,
881,Instagram,Story,2024-04-29,5374,4291,1627,43,212,355,87,63,Organic,0,Entertainment,Day,
882,Facebook,Reel,2023-02-12,13045,9317,339,11,472,1611,448,113,Paid,991,Entertainment,Night,
883,YouTube,Image,2022-04-14,19301,16881,6496,134,359,5013,1283,125,Paid,1862,Entertainment,Day,
884,Facebook,Story,2023-05-29,6529,4120,1222,45,490,821,158,37,Organic,0,Awareness,Night,
885,Facebook,Image,2021-01-29,13056,9226,7433,253,60,2323,120,154,Paid,2628,Education,Day,
886,Instagram,Story,2025-11-01,8355,7935,6114,253,195,832,48,25,Organic,0,Entertainment,Day,
887,Instagram,Reel,2022-03-18,5266,4925,3426,92,209,423,76,74,Organic,0,Promotion,Day,
888,Facebook,Image,2022-04-28,5782,3586,1017,189,298,594,67,116,Paid,1316,Entertainment,Day,
889,Instagram,Image,2021-09-30,16013,10309,3476,196,362,42,7,8,Paid,2641,Education,Day,
890,Facebook,Video,2021-07-15,14870,13814,853,170,476,2099,74,98,Organic,0,Education,Night,
891,Facebook,Video,2024-10-05,8695,7145,43,129,258,1451,310,79,Organic,0,Motivation,Day,
892,YouTube,Video,2023-01-30,13482,10567,9510,91,133,1616,343,66,Organic,0,Motivation,Night,
893,Instagram,Reel,2025-12-03,6566,6002,734,162,363,1009,173,98,Organic,0,Entertainment,Day,
894,Instagram,Video,2021-08-28,18380,14574,2095,255,446,1161,133,99,Organic,0,Entertainment,Day,
895,Instagram,Story,2022-08-03,10207,9187,8470,160,223,1476,220,156,Organic,0,Motivation,Day,
896,YouTube,Image,2025-04-14,6406,5135,435,96,76,1509,251,59,Organic,0,Entertainment,Day,
897,Instagram,Reel,2023-08-22,2788,2142,1913,223,59,187,2,141,Organic,0,Promotion,Day,
898,Facebook,Image,2024-12-23,17217,10664,7499,252,57,1808,365,135,Organic,0,Awareness,Night,
899,Instagram,Reel,2022-02-22,5851,4016,3419,86,383,715,23,35,Paid,1314,Motivation,Day,
900,Facebook,Reel,2025-12-30,17670,17340,135,269,392,2234,576,44,Paid,3464,Motivation,Night,
901,Instagram,Video,2022-05-20,19703,13300,5384,13,145,1705,78,40,Organic,0,Education,Day,
902,Instagram,Reel,2021-08-06,4997,3805,118,41,235,765,151,156,Organic,0,Entertainment,Night,
903,YouTube,Story,2024-09-09,16723,13752,718,231,166,2206,608,10,Organic,0,Motivation,Day,
904,Facebook,Story,2025-06-30,19650,12849,5294,28,380,865,24,70,Organic,0,Motivation,Night,
905,Instagram,Story,2021-07-09,3317,3110,729,122,494,616,97,79,Organic,0,Promotion,Day,
906,Instagram,Image,2021-11-30,14071,9172,4668,78,61,84,6,8,Paid,2072,Entertainment,Day,
907,Facebook,Reel,2024-11-03,10782,10490,5882,49,426,1770,317,83,Organic,0,Awareness,Day,
908,Instagram,Image,2023-07-02,13040,12023,4398,288,307,818,125,138,Organic,0,Promotion,Day,
909,YouTube,Image,2024-06-11,14863,9656,6979,47,20,1730,377,122,Organic,0,Awareness,Day,
910,YouTube,Reel,2024-10-17,17821,13491,8115,269,322,3986,949,117,Organic,0,Education,Day,
911,YouTube,Image,2023-06-15,18192,11602,4921,76,65,1190,239,98,Organic,0,Motivation,Night,
912,Facebook,Video,2022-08-29,10843,8541,1253,23,262,2142,437,66,Paid,518,Promotion,Day,
913,Instagram,Story,2021-07-13,4526,3760,1455,130,299,870,211,83,Organic,0,Awareness,Day,
914,Facebook,Image,2025-02-25,3679,3238,735,93,431,16,0,140,Organic,0,Entertainment,Day,
915,Facebook,Story,2025-12-01,13876,8695,5143,300,370,341,53,1585,Organic,0,Education,Night,
916,YouTube,Reel,2022-12-01,15909,15749,3032,40,382,3685,542,177,Paid,1574,Education,Day,
917,Facebook,Video,2023-06-08,9497,9268,95,202,59,2758,108,48,Organic,0,Motivation,Day,
918,Instagram,Image,2024-11-17,1435,1036,620,184,353,244,58,137,Organic,0,Motivation,Day,
919,YouTube,Reel,2021-10-04,13943,10844,1833,8,356,358,16,74,Paid,552,Awareness,Day,
920,YouTube,Reel,2024-08-21,7167,4409,3569,275,97,428,123,158,Organic,0,Awareness,Day,
921,Instagram,Image,2021-10-31,3821,2908,89,59,85,788,118,122,Organic,0,Education,Night,
922,Instagram,Reel,2021-02-10,5994,5419,,150,291,993,241,72,Organic,0,Awareness,Day,
923,Facebook,Image,2021-07-30,13836,8718,6810,253,377,1367,4,23,Organic,0,Motivation,Day,
924,Instagram,Image,2021-03-17,19961,16857,15928,262,302,4540,595,24,Organic,0,Education,Night,
925,YouTube,Image,2023-12-18,16987,12091,9443,161,283,2925,62,117,Organic,0,Education,Day,
926,Instagram,Video,2025-12-26,3081,2396,2026,177,229,663,106,144,Organic,0,Entertainment,Night,
927,YouTube,Image,2025-01-27,15294,9346,5633,224,118,660,73,51,Organic,0,Entertainment,Night,
928,Facebook,Image,2022-11-26,17634,12379,2148,150,370,2407,701,2954,Organic,0,Awareness,Night,
929,Instagram,Reel,2025-06-19,13791,11688,10188,106,144,3412,737,94,Organic,0,Awareness,Day,
930,YouTube,Reel,2021-12-21,3824,3660,2481,251,51,988,66,146,Organic,0,Motivation,Day,
931,Facebook,Video,2022-03-05,14630,12822,297,183,451,1243,120,68,Paid,4652,Motivation,Night,
932,Facebook,Video,2025-08-23,9546,7189,6609,32,172,649,44,42,Organic,0,Entertainment,Day,
933,Facebook,Reel,2021-09-05,15110,9999,7968,132,174,2529,232,41,Organic,0,Education,Day,
934,Facebook,Video,2021-11-06,12640,7966,5786,25,474,2281,273,130,Organic,0,Promotion,Day,
935,Facebook,Video,2021-08-05,15346,12951,9215,21,259,3447,227,143,Organic,0,Promotion,Day,
936,YouTube,Story,2025-11-19,4454,3014,643,149,362,645,30,104,Organic,0,Awareness,Night,
937,Facebook,Story,2021-11-12,15467,13424,5482,70,62,2041,101,81,Organic,0,Promotion,Night,
938,Instagram,Story,2022-05-18,7615,6367,2349,258,87,851,3,7,Organic,0,Promotion,Day,
939,Instagram,Story,2025-03-26,3792,2819,2578,125,77,381,91,165,Organic,0,Entertainment,Night,
940,Instagram,Image,2025-07-01,18355,14467,6706,234,487,1869,141,138,Paid,1259,Education,Day,
941,YouTube,Video,2023-06-26,17913,17256,16952,35,43,2963,30,14,Organic,0,Motivation,Night,
942,Instagram,Video,2021-12-03,12085,9829,6443,18,338,1645,395,9,Organic,0,Entertainment,Day,
943,Instagram,Image,2022-08-29,5946,5920,5577,283,447,118,33,155,Organic,0,Motivation,Day,
944,Instagram,Reel,2025-08-21,10972,9152,6618,228,329,1409,4,142,Organic,0,Entertainment,Day,
945,Facebook,Image,2025-12-23,7721,6861,6352,101,451,1811,353,176,Organic,0,Entertainment,Day,
946,Instagram,Reel,2022-11-17,10880,7218,4263,276,145,151,34,134,Organic,0,Promotion,Day,
947,Facebook,Story,2022-10-02,8003,5181,1310,11,14,1047,282,17,Organic,0,Motivation,Day,
948,Instagram,Image,2025-09-01,18692,16068,8278,56,374,2119,247,172,Paid,2744,Entertainment,Night,
949,YouTube,Video,2022-12-27,2964,2541,510,229,152,265,64,134,Paid,4068,Promotion,Night,
950,YouTube,Reel,2022-11-26,19757,17890,11479,153,145,42,7,88,Organic,0,Awareness,Night,
951,Facebook,Reel,2023-12-01,19768,17368,3448,167,264,1146,193,69,Organic,0,Motivation,Night,
952,Facebook,Image,2021-10-28,7309,5864,3375,41,47,930,50,67,Paid,3831,Entertainment,Night,
953,Instagram,Video,2022-03-16,3037,2692,1512,269,206,133,30,105,Organic,0,Awareness,Night,
954,Facebook,Image,2022-06-25,19316,15840,10427,216,225,3234,892,77,Organic,0,Promotion,Day,
955,Facebook,Reel,2021-10-23,17041,16218,7942,234,66,3415,333,21,Organic,0,Entertainment,Night,
956,YouTube,Image,2024-11-23,17816,17760,15510,16,382,4334,241,13,Organic,0,Promotion,Day,
957,Instagram,Video,2024-05-17,6139,5972,990,189,292,756,30,147,Organic,0,Promotion,Day,
958,Instagram,Story,2021-08-30,10489,6622,3067,155,150,1070,78,156,Organic,0,Promotion,Day,
959,Facebook,Image,2025-05-25,16922,10382,797,156,455,585,36,42,Organic,0,Motivation,Day,
960,Instagram,Video,2025-02-23,10289,7939,1002,280,178,749,209,167,Organic,0,Awareness,Night,
961,Instagram,Image,2024-03-19,3213,2018,1843,172,400,427,123,98,Paid,637,Awareness,Night,
962,YouTube,Image,2025-04-10,13363,11910,7371,229,76,3417,271,99,Organic,0,Education,Night,
963,Instagram,Story,2022-04-22,11656,7724,4431,23,490,1677,198,53,Organic,0,Entertainment,Night,
964,YouTube,Video,2021-07-01,15519,15339,9371,158,287,2272,661,73,Organic,0,Promotion,Day,
965,Facebook,Video,2022-01-30,5056,4351,4274,96,384,1145,43,66,Paid,3501,Entertainment,Night,
966,Facebook,Reel,2024-09-10,16592,14072,310,140,402,152,7,82,Paid,4318,Awareness,Day,
967,Facebook,Image,2025-12-23,7743,5649,693,273,310,1445,429,121,Organic,0,Awareness,Day,
968,YouTube,Story,2023-10-04,11499,10190,7160,92,212,2412,46,2905,Organic,0,Promotion,Night,
969,YouTube,Video,2022-06-11,1788,1612,203,277,86,162,24,141,Paid,3790,Motivation,Night,
970,YouTube,Reel,2025-04-23,10350,7389,2513,208,347,748,65,166,Organic,0,Promotion,Night,
971,Facebook,Video,2021-02-25,6544,4167,2441,199,50,666,46,80,Organic,0,Promotion,Day,
972,Instagram,Image,2022-10-26,11487,8059,7713,61,26,1690,457,39,Organic,0,Education,Night,
973,YouTube,Image,2024-04-15,7637,5563,4166,258,197,1540,305,5,Organic,0,Motivation,Day,
974,Facebook,Image,2023-08-10,4770,3413,268,247,14,124,20,44,Organic,0,Entertainment,Day,
975,Facebook,Video,2022-07-06,14352,13800,4035,284,333,1914,19,68,Organic,0,Motivation,Day,
976,Facebook,Reel,2021-06-21,5114,3691,3206,72,191,833,114,154,Organic,0,Promotion,Day,
977,Instagram,Image,2024-01-06,18709,12602,684,0,416,3203,251,64,Paid,2792,Promotion,Day,
978,YouTube,Video,2021-12-09,16225,14820,7900,139,306,2369,668,68,Paid,4374,Promotion,Day,
979,Facebook,Reel,2025-09-22,9221,8970,8361,144,23,1557,179,97,Paid,1258,Promotion,Night,
980,YouTube,Image,2022-09-08,6289,5960,5721,62,425,1153,35,76,Paid,2742,Promotion,Day,
981,Facebook,Story,2024-06-04,5576,4489,2806,133,385,884,107,15,Organic,0,Motivation,Day,
982,YouTube,Image,2022-12-01,15834,11736,9822,168,8,1007,164,109,Organic,0,Promotion,Day,
983,YouTube,Reel,2021-01-09,5381,3236,1692,284,458,623,121,18,Organic,0,Awareness,Night,
984,Facebook,Video,2021-06-16,17022,16459,1014,227,344,3217,551,64,Paid,4080,Awareness,Night,
985,Instagram,Image,2024-05-16,5044,3748,725,4,63,770,211,34,Organic,0,Education,Day,
986,YouTube,Video,2021-01-20,16161,12730,12425,143,348,790,113,39,Paid,2631,Entertainment,Day,
987,Facebook,Story,2024-06-10,12725,9203,3623,119,252,368,104,169,Organic,0,Awareness,Day,
988,Facebook,Reel,2024-12-12,12894,8037,58,100,420,1149,252,9,Paid,3503,Education,Day,
989,Instagram,Reel,2023-10-22,13978,9294,9040,99,337,1136,291,87,Organic,0,Motivation,Day,
990,YouTube,Reel,2021-12-26,19537,17228,2131,65,132,4939,1157,127,Organic,0,Entertainment,Day,
991,Instagram,Reel,2025-02-01,19674,18812,757,272,314,1867,535,82,Paid,4842,Promotion,Day,
992,Instagram,Video,2021-01-05,9287,8360,5292,221,432,2294,464,158,Organic,0,Promotion,Night,
993,Instagram,Story,2023-08-14,14332,10843,8474,22,452,498,132,66,Paid,2639,Motivation,Day,
994,Instagram,Story,2023-12-27,8357,5206,42,200,99,569,107,136,Organic,0,Entertainment,Day,
995,YouTube,Image,2025-02-19,11967,7850,7846,38,469,2342,25,93,Organic,0,Awareness,Night,
996,YouTube,Video,2022-09-29,9191,6320,228,245,221,336,42,46,Organic,0,Entertainment,Night,
997,Instagram,Reel,2022-11-16,1787,1678,220,242,122,408,80,93,Organic,0,Education,Night,
998,YouTube,Video,2025-06-15,12167,7745,6354,224,391,1366,266,150,Organic,0,Motivation,Day,
999,YouTube,Video,2021-06-25,4134,3760,1545,160,455,914,63,44,Organic,0,Awareness,Day,
1000,Instagram,Image,2021-04-23,3130,2139,269,52,346,63,14,76,Organic,0,Entertainment,Day,
1001,YouTube,Image,2023-04-03,2828,1802,477,5,232,301,48,43,Organic,0,Entertainment,Day,
1002,Facebook,Video,2025-12-08,13580,11950,5564,13,232,3256,438,108,Organic,0,Awareness,Day,
1003,YouTube,Video,2021-08-10,17948,13456,9751,34,303,2407,197,18,Organic,0,Education,Night,
1004,Instagram,Image,2022-06-09,7344,6753,3943,227,95,258,65,36,Paid,3743,Education,Night,
1005,YouTube,Story,2021-05-04,8967,5943,4788,223,262,1632,22,129,Organic,0,Entertainment,Night,
1006,YouTube,Reel,2025-05-08,12722,10182,7692,158,308,2390,554,170,Organic,0,Promotion,Night,
1007,Facebook,Reel,2023-11-27,12236,9725,939,121,259,1510,4,101,Organic,0,Awareness,Day,
1008,YouTube,Reel,2022-12-06,19332,18633,6594,35,174,447,108,27,Organic,0,Education,Night,
1009,Facebook,Story,2024-05-13,7204,7057,6979,296,289,1948,478,67,Organic,0,Education,Night,
1010,YouTube,Image,2021-11-29,11998,9652,691,253,112,1714,336,147,Paid,3928,Education,Night,
1011,Facebook,Reel,2023-08-14,1121,999,244,246,376,114,14,157,Paid,4193,Motivation,Day,
1012,YouTube,Story,2022-01-13,11863,10196,162,37,183,840,102,149,Organic,0,Promotion,Day,
1013,Instagram,Reel,2022-08-19,1983,1757,1292,299,467,117,9,57,Organic,0,Education,Day,
1014,Instagram,Reel,2022-02-10,12793,8034,1793,134,368,121,12,108,Paid,4461,Promotion,Day,
1015,YouTube,Video,2022-01-01,6710,5417,1442,134,466,1135,125,108,Organic,0,Entertainment,Night,
1016,Facebook,Video,2023-02-16,4315,2631,1386,107,156,693,35,43,Organic,0,Entertainment,Night,
1017,Facebook,Reel,2023-02-02,15948,11535,8633,222,449,1514,414,138,Organic,0,Motivation,Night,
1018,YouTube,Reel,2025-06-16,3142,2127,1549,191,162,147,8,71,Organic,0,Promotion,Day,
1019,Facebook,Reel,2025-04-12,15075,14256,13999,274,150,2003,47,139,Paid,917,Awareness,Day,
1020,Instagram,Reel,2024-07-13,5868,4862,4163,299,453,506,13,46,Organic,0,Motivation,Day,
1021,Instagram,Video,2025-05-26,17023,11927,2743,260,198,2979,83,19,Organic,0,Education,Night,
1022,YouTube,Story,2023-08-09,17684,13675,11673,191,269,4084,1062,115,Organic,0,Entertainment,Day,
1023,Facebook,Image,2022-07-04,16836,15963,10454,298,332,4053,970,161,Paid,3979,Entertainment,Night,
1024,YouTube,Image,2023-07-15,2199,1531,447,156,217,112,12,37,Paid,490,Awareness,Night,
1025,Facebook,Video,2022-06-06,13356,12693,2200,43,151,643,95,159,Organic,0,Motivation,Night,
1026,YouTube,Image,2024-04-10,15565,13589,8392,172,218,1440,117,168,Organic,0,Promotion,Night,
1027,Instagram,Story,2023-01-23,15783,13299,4473,195,12,1771,418,161,Organic,0,Entertainment,Night,
1028,YouTube,Story,2024-08-14,6884,5939,675,150,431,478,67,42,Paid,2614,Education,Day,
1029,YouTube,Video,2022-04-12,17441,14664,1168,184,19,640,70,101,Paid,2495,Awareness,Night,
1030,Instagram,Story,2024-10-14,18892,12975,4959,140,97,1367,100,159,Organic,0,Awareness,Day,
1031,Instagram,Image,2022-08-01,5517,4379,3323,296,387,17,2,37,Paid,1437,Awareness,Day,
1032,YouTube,Image,2025-04-08,1389,1316,466,116,370,334,65,90,Organic,0,Education,Day,
1033,Facebook,Image,2024-04-17,7877,6669,5918,236,174,478,132,70,Organic,0,Awareness,Night,
1034,Facebook,Image,2023-05-29,3813,2928,858,224,230,866,96,14,Organic,0,Promotion,Day,
1035,YouTube,Story,2024-03-28,19299,11825,158,255,414,1534,71,9,Organic,0,Promotion,Night,
1036,Facebook,Image,2023-05-22,12621,10355,8808,153,166,923,214,127,Organic,0,Motivation,Night,
1037,YouTube,Story,2021-10-12,1761,1637,1163,293,443,402,4,78,Organic,0,Motivation,Night,
1038,YouTube,Image,2023-03-12,13808,11407,3085,243,55,836,242,101,Organic,0,Promotion,Day,
1039,YouTube,Video,2021-07-10,11775,11730,11057,283,90,1849,311,122,Organic,0,Education,Night,
1040,YouTube,Video,2022-01-18,2050,1935,1866,197,145,500,6,42,Organic,0,Motivation,Day,
1041,YouTube,Image,2023-12-10,7746,5601,470,188,265,596,168,145,Organic,0,Awareness,Day,
1042,YouTube,Video,2023-03-12,1361,8408.385817,132,274,214,167,26,1989,Organic,0,Promotion,Night,
1043,YouTube,Reel,2025-11-08,16671,16089,14261,105,158,563,99,51,Organic,0,Entertainment,Day,
1044,Facebook,Story,2024-05-21,15162,14910,9625,103,257,3889,325,113,Organic,0,Education,Day,
1045,Instagram,Video,2021-10-20,16039,11879,6541,126,269,826,1,19,Paid,650,Education,Night,
1046,Facebook,Video,2023-08-06,11777,11729,1492,147,330,2010,,161,Paid,2115,Promotion,Day,
1047,Instagram,Image,2025-06-11,15952,12411,10043,89,212,2868,728,140,Paid,1123,Entertainment,Day,
1048,Instagram,Reel,2023-07-27,9163,6232,5722,291,48,1843,442,9,Organic,0,Education,Night,
1049,Facebook,Story,2022-07-15,13895,8694,1093,111,465,981,80,161,Organic,0,Motivation,Day,
1050,YouTube,Story,2021-06-06,17170,13671,6719,230,84,993,188,51,Organic,0,Entertainment,Day,
1051,YouTube,Video,2023-08-05,9282,6418,5233,236,195,1036,22,72,Organic,0,Awareness,Night,
1052,YouTube,Story,2021-03-19,12260,10627,1878,69,167,796,101,80,Organic,0,Motivation,Night,
1053,Facebook,Reel,2021-06-19,16212,13698,11691,224,71,3779,139,177,Organic,0,Entertainment,Night,
1054,YouTube,Video,2021-12-16,16426,12141,2903,150,63,3447,330,134,Paid,1462,Promotion,Night,
1055,Facebook,Video,2021-06-08,18519,17184,8953,78,225,3201,172,159,Organic,0,Education,Day,
1056,Facebook,Reel,2024-10-14,12733,9096,7242,24,428,887,17,99,Paid,3125,Motivation,Night,
1057,Instagram,Image,2024-11-14,18133,16130,858,2,24,842,99,119,Paid,1252,Promotion,Night,
1058,YouTube,Video,2022-05-04,13366,9671,262,215,14,1022,191,168,Organic,0,Entertainment,Day,
1059,YouTube,Reel,2024-10-02,1477,1231,197,85,370,98,21,40,Paid,2622,Awareness,Night,
1060,Instagram,Story,2025-07-29,6473,4063,2302,97,319,851,55,30,Organic,0,Education,Night,
1061,YouTube,Reel,2023-05-27,7786,6889,1751,54,182,1618,480,47,Paid,4659,Education,Day,
1062,Instagram,Video,2024-09-01,11596,8379,6376,108,234,61,12,31,Organic,0,Motivation,Night,
1063,Facebook,Story,2024-08-24,8212,5197,359,34,453,1347,142,73,Paid,4609,Promotion,Night,
1064,YouTube,Reel,2023-10-21,8161,6579,2063,48,307,617,153,152,Organic,0,Entertainment,Day,
1065,YouTube,Story,2024-11-21,11628,10159,2872,162,500,2776,789,15,Paid,3723,Entertainment,Night,
1066,Facebook,Image,2024-05-31,16798,10631,6264,261,327,1372,9,78,Organic,0,Promotion,Night,
1067,Facebook,Video,2021-02-13,8616,7231,2530,121,377,54,7,108,Organic,0,Education,Night,
1068,YouTube,Story,2021-05-03,15041,11019,8171,151,103,2538,81,42,Paid,1056,Promotion,Day,
1069,YouTube,Image,2021-03-19,5969,5120,2692,68,142,418,82,138,Paid,3184,Entertainment,Day,
1070,Instagram,Video,2024-08-20,11405,7167,1876,169,175,2133,424,27,Organic,0,Promotion,Day,
1071,YouTube,Reel,2024-09-23,8938,6205,4981,195,266,1104,27,51,Organic,0,Education,Night,
1072,Instagram,Video,2021-05-13,11539,8426,3153,26,324,1811,6,94,Organic,0,Motivation,Night,
1073,Facebook,Reel,2021-12-22,5637,4218,1935,259,40,257,11,50,Paid,1811,Education,Day,
1074,Facebook,Reel,2021-12-03,14967,14919,4012,217,90,3826,637,111,Paid,1990,Awareness,Day,
1075,Facebook,Reel,2023-07-08,9158,6735,2227,246,40,584,147,144,Paid,1067,Awareness,Day,
1076,Instagram,Image,2023-08-23,12782,10931,8278,221,389,1547,85,145,Organic,0,Promotion,Night,
1077,Instagram,Video,2023-02-21,6107,5638,2459,275,78,40,12,108,Organic,0,Education,Night,
1078,Instagram,Story,2023-02-19,19115,17421,14863,145,192,1439,131,115,Organic,0,Education,Day,
1079,YouTube,Image,2022-11-14,19420,16616,6413,79,469,3939,147,108,Paid,4016,Entertainment,Day,
1080,Instagram,Image,2023-10-04,7213,4344,3232,191,196,26,5,64,Organic,0,Motivation,Day,
1081,Instagram,Video,2021-05-26,17041,12745,2039,197,477,2625,602,175,Paid,3581,Education,Day,
1082,Instagram,Story,2023-06-13,19533,13049,8349,250,325,795,195,104,Organic,0,Promotion,Night,
1083,YouTube,Reel,2025-02-15,13064,8310,7827,17,471,1578,217,72,Organic,0,Entertainment,Day,
1084,Instagram,Reel,2024-05-24,12842,7936,2083,126,308,605,66,137,Organic,0,Entertainment,Day,
1085,YouTube,Video,2021-01-26,19951,19766,12594,203,361,5428,330,124,Organic,0,Promotion,Night,
1086,Instagram,Reel,2025-11-30,3632,3240,1748,129,354,931,96,41,Organic,0,Promotion,Night,
1087,Instagram,Image,2024-04-15,10903,10642,1456,55,325,2183,391,76,Organic,0,Education,Night,
1088,Instagram,Reel,2021-10-20,19763,18219,13040,157,3,2821,833,131,Organic,0,Education,Night,
1089,Facebook,Image,2021-05-24,6518,5924,4300,213,335,3,0,110,Paid,3520,Entertainment,Night,
1090,YouTube,Reel,2023-02-07,10448,9798,3244,249,93,698,45,96,Organic,0,Entertainment,Night,
1091,YouTube,Video,2022-01-16,17469,11384,2993,98,132,1845,217,35,Organic,0,Motivation,Night,
1092,Facebook,Reel,2021-08-12,14395,12247,1307,150,43,2567,639,126,Organic,0,Entertainment,Night,
1093,YouTube,Reel,2022-12-02,13377,9047,7829,248,344,1133,32,141,Organic,0,Promotion,Night,
1094,YouTube,Video,2025-03-20,4303,2600,396,108,267,62,8,55,Paid,1854,Promotion,Day,
1095,Instagram,Story,2023-09-23,1237,934,618,219,172,266,34,33,Organic,0,Motivation,Day,
1096,Facebook,Image,2023-01-10,13149,10699,6200,29,499,1291,122,44,Paid,3319,Awareness,Day,
1097,Facebook,Image,2023-07-25,12666,10304,2275,13,308,410,0,45,Organic,0,Awareness,Night,
1098,YouTube,Story,2024-12-03,5027,4795,3702,243,263,1086,143,15,Organic,0,Promotion,Night,
1099,Instagram,Video,2024-07-30,14537,14130,10383,184,447,1539,1,155,Organic,0,Awareness,Night,
1100,YouTube,Image,2023-06-29,2499,2491,1639,41,178,333,86,5,Organic,0,Awareness,Day,
1101,Facebook,Image,2021-07-25,15021,12912,4814,99,364,2696,716,50,Organic,0,Motivation,Day,
1102,YouTube,Image,2021-03-07,5691,5544,713,154,426,1171,258,105,Paid,2308,Entertainment,Night,
1103,YouTube,Image,2023-07-03,18981,18554,17716,123,124,3824,344,153,Organic,0,Entertainment,Day,
1104,YouTube,Video,2024-12-04,7935,5459,3562,14,82,1542,337,94,Organic,0,Awareness,Day,
1105,Instagram,Image,2025-01-12,11698,10159,2016,69,472,1148,112,114,Organic,0,Education,Night,
1106,Facebook,Story,2025-06-18,18515,16299,14285,114,477,4030,185,168,Organic,0,Motivation,Day,
1107,Instagram,Image,2024-08-11,19873,18200,12505,287,494,4920,132,61,Organic,0,Awareness,Day,
1108,Instagram,Video,2021-08-25,15318,11101,1824,45,174,915,132,5,Organic,0,Education,Day,
1109,Instagram,Image,2021-09-18,7165,4774,4726,0,159,1173,188,67,Organic,0,Education,Day,
1110,Instagram,Image,2025-10-01,3027,3024,1309,186,408,548,48,59,Organic,0,Motivation,Day,
1111,Facebook,Image,2021-01-19,5138,3991,1294,74,417,218,50,119,Organic,0,Entertainment,Day,
1112,Facebook,Story,2021-10-29,10726,8228,2389,17,306,2047,466,172,Paid,345,Promotion,Day,
1113,Facebook,Image,2022-07-15,11490,9424,3534,253,149,2057,126,147,Organic,0,Education,Day,
1114,Facebook,Reel,2025-08-23,13343,8486,3687,26,472,1364,78,153,Organic,0,Promotion,Night,
1115,Facebook,Reel,2022-09-05,6866,6115,176,280,200,1489,200,179,Paid,4499,Promotion,Day,
1116,Instagram,Image,2022-12-15,12056,10693,1176,270,372,2776,484,57,Organic,0,Motivation,Day,
1117,Facebook,Image,2025-10-20,10274,8477,1594,67,165,799,179,141,Organic,0,Entertainment,Day,
1118,YouTube,Image,2024-03-28,2773,2285,1976,149,459,468,41,61,Organic,0,Motivation,Day,
1119,Facebook,Video,2025-02-14,5745,4306,2967,294,52,446,50,121,Organic,0,Education,Day,
1120,YouTube,Story,2021-04-26,5836,5043,3881,91,483,874,86,158,Organic,0,Entertainment,Day,
1121,Instagram,Reel,2024-04-30,2719,1871,1284,206,125,527,86,173,Paid,1560,Awareness,Night,
1122,Instagram,Reel,2023-09-28,2113,1388,1336,192,397,123,25,39,Paid,3038,Entertainment,Night,
1123,Facebook,Image,2022-07-18,3936,3310,1504,5,61,885,195,67,Paid,1926,Motivation,Night,
1124,Facebook,Reel,2024-08-06,4821,3061,94,300,293,124,31,29,Paid,2489,Motivation,Day,
1125,Facebook,Reel,2025-06-15,19763,15785,6290,247,330,2242,96,94,Organic,0,Promotion,Night,
1126,Instagram,Video,2021-07-23,15210,11570,8806,94,207,2340,128,79,Organic,0,Awareness,Day,
1127,Facebook,Image,2025-05-24,1647,1391,,265,428,284,68,42,Paid,3024,Entertainment,Night,
1128,YouTube,Reel,2024-09-10,18661,17043,5896,2,284,1016,106,134,Paid,1458,Awareness,Day,
1129,Facebook,Reel,2021-09-21,15654,11966,10692,82,44,503,10,139,Organic,0,Promotion,Night,
1130,Facebook,Story,2021-09-13,19431,13761,5956,278,87,286,10,166,Paid,1256,Awareness,Night,
1131,YouTube,Story,2022-09-08,14862,14308,10799,273,227,0,0,95,Organic,0,Awareness,Day,
1132,Instagram,Reel,2023-12-07,5582,5357,811,22,121,1423,160,21,Organic,0,Entertainment,Day,
1133,YouTube,Reel,2025-10-20,2203,1513,1233,282,110,72,9,132,Organic,0,Awareness,Day,
1134,Facebook,Story,2021-06-02,12765,9931,4270,195,332,526,108,175,Organic,0,Promotion,Day,
1135,Facebook,Image,2022-06-05,6351,5448,1173,274,104,934,42,112,Organic,0,Education,Night,
1136,Facebook,Reel,2024-07-20,3312,3276,2926,190,288,750,68,156,Organic,0,Education,Day,
1137,YouTube,Story,2025-08-10,17758,15609,12907,222,194,1343,214,29,Organic,0,Motivation,Day,
1138,YouTube,Video,2022-07-08,1849,1727,1400,280,208,253,9,92,Organic,0,Education,Night,
1139,Instagram,Story,2023-01-14,3161,2570,599,115,140,655,22,165,Organic,0,Entertainment,Day,
1140,YouTube,Video,2023-02-15,1323,893,179,269,372,193,14,33,Paid,4630,Motivation,Day,
1141,Facebook,Story,2022-12-16,11045,10637,9036,138,311,391,67,67,Organic,0,Education,Day,
1142,Instagram,Reel,2025-03-20,4246,2645,1413,272,282,174,20,154,Organic,0,Education,Night,
1143,YouTube,Reel,2022-06-15,14194,12422,10773,64,73,2426,130,158,Organic,0,Motivation,Day,
1144,Facebook,Story,2021-04-19,13412,12696,11591,127,347,3012,273,160,Organic,0,Entertainment,Night,
1145,Instagram,Image,2023-06-18,14705,14612,8228,146,141,3750,374,118,Paid,2493,Motivation,Day,
1146,Facebook,Video,2022-09-18,15017,13274,5007,208,394,3857,468,53,Organic,0,Entertainment,Day,
1147,YouTube,Video,2025-02-03,11247,7486,1352,294,29,325,9,85,Paid,528,Entertainment,Day,
1148,YouTube,Image,2025-07-14,3771,2847,2773,260,477,567,126,88,Organic,0,Promotion,Night,
1149,Facebook,Video,2024-11-04,5470,5246,3321,7,315,1019,263,109,Organic,0,Education,Day,
1150,Facebook,Video,2022-05-16,7231,4367,3675,86,345,870,176,152,Organic,0,Education,Day,
1151,YouTube,Story,2023-01-22,18154,12735,834,216,253,716,19,122,Organic,0,Awareness,Night,
1152,Facebook,Reel,2022-11-24,13422,9449,8832,60,148,1528,57,90,Organic,0,Motivation,Night,
1153,YouTube,Image,2022-03-13,10803,10438,3562,156,475,1202,135,67,Organic,0,Promotion,Night,
1154,Instagram,Video,2024-06-19,17892,17499,11657,3,315,290,59,108,Organic,0,Education,Day,
1155,YouTube,Story,2021-08-08,16084,12341,11836,95,205,1222,181,53,Organic,0,Awareness,Day,
1156,YouTube,Video,2023-10-05,12617,7642,4334,263,460,415,55,75,Paid,3533,Promotion,Day,
1157,YouTube,Story,2021-01-15,6036,5303,1852,240,202,253,62,5,Organic,0,Entertainment,Night,
1158,Facebook,Story,2022-01-09,13265,10410,1780,224,336,1492,219,145,Organic,0,Education,Day,
1159,Instagram,Video,2025-03-11,15396,10562,5885,101,56,572,90,127,Organic,0,Motivation,Day,
1160,Instagram,Story,2023-03-20,7211,5492,258,82,341,82,4,66,Organic,0,Promotion,Day,
1161,Instagram,Image,2021-09-01,7520,6475,4506,253,409,1362,136,36,Organic,0,Awareness,Day,
1162,Facebook,Image,2025-01-26,5175,4435,1076,56,490,818,128,162,Paid,2198,Motivation,Night,
1163,Instagram,Video,2021-11-15,4534,4343,1937,26,347,43,2,33,Paid,4852,Entertainment,Night,
1164,Instagram,Story,2023-06-09,12211,10845,4623,248,42,2445,8,53,Organic,0,Motivation,Night,
1165,Facebook,Reel,2025-02-02,15055,11062,4087,143,392,2529,156,177,Organic,0,Awareness,Day,
1166,Instagram,Reel,2024-09-26,4768,4629,3882,52,358,539,63,34,Organic,0,Entertainment,Night,
1167,Facebook,Reel,2025-10-17,17460,15482,3758,61,67,1484,96,148,Organic,0,Awareness,Day,
1168,Instagram,Video,2021-10-27,14149,8803,3270,46,442,1121,98,172,Organic,0,Education,Day,
1169,Facebook,Reel,2022-09-20,2669,2379,908,172,218,417,67,23,Organic,0,Awareness,Day,
1170,YouTube,Story,2024-08-11,16702,10523,1803,137,186,2088,437,22,Organic,0,Motivation,Day,
1171,YouTube,Story,2023-05-07,10193,9977,779,93,20,1437,364,5,Organic,0,Education,Day,
1172,YouTube,Story,2022-10-21,1017,636,483,143,465,169,47,82,Organic,0,Education,Day,
1173,Instagram,Story,2023-10-04,4301,3462,1246,57,49,378,32,119,Organic,0,Promotion,Night,
1174,Instagram,Story,2021-09-24,1447,1433,740,270,309,394,110,179,Organic,0,Motivation,Night,
1175,Facebook,Image,2022-03-07,13176,9856,1429,54,66,2663,282,117,Organic,0,Motivation,Day,
1176,YouTube,Reel,2025-08-02,4943,3049,2886,228,473,600,167,118,Paid,4163,Entertainment,Day,
1177,Instagram,Image,2022-12-04,4232,2692,827,273,369,559,158,170,Organic,0,Awareness,Day,
1178,Facebook,Story,2023-05-07,6035,3800,3651,286,499,261,24,67,Paid,4255,Awareness,Day,
1179,YouTube,Image,2023-06-13,12381,10426,6864,268,476,1836,120,136,Organic,0,Motivation,Day,
1180,Instagram,Reel,2024-05-12,17510,16984,9491,23,489,179,10,133,Organic,0,Awareness,Day,
1181,Facebook,Image,2022-01-25,19552,12229,8110,272,445,3253,710,12,Organic,0,Motivation,Night,
1182,Facebook,Image,2025-03-18,17825,11309,9215,199,205,677,112,161,Organic,0,Education,Day,
1183,Facebook,Reel,2021-11-24,9896,6784,4850,4,450,376,0,59,Paid,308,Awareness,Day,
1184,Instagram,Reel,2022-06-15,17803,14411,4855,137,282,4127,1075,107,Organic,0,Awareness,Night,
1185,YouTube,Story,2023-12-29,4902,3291,160,75,482,229,5,135,Organic,0,Motivation,Night,
1186,YouTube,Reel,2025-11-24,10101,9858,3440,273,59,544,69,36,Organic,0,Motivation,Day,
1187,Instagram,Story,2024-05-24,1045,959,85,281,135,177,40,14,Paid,4497,Entertainment,Day,
1188,YouTube,Video,2022-10-27,5378,4898,2912,112,374,1252,150,114,Organic,0,Awareness,Night,
1189,Facebook,Video,2024-01-06,10164,6821,5919,195,484,524,4,166,Paid,413,Promotion,Night,
1190,Facebook,Reel,2024-05-22,9432,9222,7244,112,166,2565,649,128,Paid,4622,Motivation,Day,
1191,Instagram,Reel,2025-07-13,9807,6719,3654,118,373,1191,322,91,Organic,0,Promotion,Night,
1192,Instagram,Reel,2021-07-11,15218,12149,7526,94,417,607,122,59,Paid,4818,Education,Day,
1193,YouTube,Story,2025-02-02,6770,4835,172,158,83,1166,251,36,Paid,1187,Education,Night,
1194,YouTube,Reel,2022-01-20,6823,5707,590,218,125,1407,311,139,Organic,0,Promotion,Day,
1195,Facebook,Reel,2025-01-23,15910,14830,11907,6,308,3297,102,97,Organic,0,Education,Day,
1196,YouTube,Video,2021-08-14,4267,3333,541,127,394,393,2,12,Organic,0,Promotion,Night,
1197,YouTube,Video,2024-05-13,3739,2791,435,277,376,146,40,69,Organic,0,Entertainment,Night,
1198,Facebook,Image,2023-09-11,12088,7948,6680,83,157,828,35,61,Organic,0,Entertainment,Day,
1199,Facebook,Story,2021-04-25,11870,11045,10280,278,63,632,62,71,Organic,0,Education,Day,
1200,Facebook,Image,2021-07-30,1694,1061,290,0,467,52,9,76,Organic,0,Promotion,Day,
1201,YouTube,Story,2023-03-01,8350,5108,2349,115,471,464,109,58,Organic,0,Promotion,Day,
1202,YouTube,Video,2021-08-14,13607,9084,4617,182,39,2014,173,71,Organic,0,Promotion,Day,
1203,Facebook,Reel,2021-03-30,11935,8130,1458,219,271,1476,43,55,Paid,3926,Education,Night,
1204,Facebook,Story,2024-09-28,11972,8668,4702,178,448,1741,153,101,Paid,2087,Promotion,Day,
1205,Instagram,Story,2024-09-17,4405,3198,2913,39,403,938,255,96,Organic,0,Motivation,Night,
1206,Instagram,Reel,2021-10-28,1071,718,399,228,369,199,41,12,Organic,0,Promotion,Night,
1207,Instagram,Reel,2025-01-28,16677,10557,1481,165,65,463,109,166,Organic,0,Motivation,Day,
1208,Instagram,Image,2023-10-10,6959,5752,5680,211,308,722,81,39,Paid,2331,Entertainment,Night,
1209,Facebook,Image,2023-05-08,11926,8287,8070,272,274,1007,196,100,Organic,0,Motivation,Night,
1210,Instagram,Reel,2025-01-04,8540,6699,5759,44,120,171,37,92,Organic,0,Entertainment,Day,
1211,Instagram,Image,2021-02-05,12852,7734,1094,56,30,832,217,82,Paid,2451,Education,Night,
1212,YouTube,Image,2023-08-01,12447,10424,3973,107,423,570,75,36,Paid,1208,Entertainment,Night,
1213,Facebook,Reel,2021-08-29,8359,5243,3092,13,356,1529,70,124,Paid,1517,Entertainment,Day,
1214,Facebook,Video,2024-09-19,14916,11993,7812,80,15,221,13,50,Paid,3416,Promotion,Day,
1215,YouTube,Video,2022-05-17,5813,4983,4662,213,76,289,10,148,Organic,0,Awareness,Night,
1216,Facebook,Story,2025-03-13,6977,6110,3851,210,369,1522,71,169,Organic,0,Entertainment,Day,
1217,YouTube,Story,2024-11-24,12053,10868,1822,79,30,3200,660,146,Organic,0,Motivation,Night,
1218,YouTube,Image,2021-11-25,2052,1849,1705,216,348,177,32,59,Organic,0,Education,Night,
1219,Instagram,Reel,2023-10-25,15886,14070,6941,80,139,2113,585,11,Paid,2823,Motivation,Day,
1220,YouTube,Image,2025-03-02,4012,3475,2535,28,112,773,32,78,Organic,0,Education,Day,
1221,YouTube,Image,2025-09-20,13854,9816,7821,160,334,2290,619,11,Organic,0,Motivation,Day,
1222,Instagram,Image,2025-07-04,14274,11680,3190,138,55,675,13,165,Paid,1149,Entertainment,Day,
1223,Instagram,Video,2025-05-14,4420,2811,981,144,83,,77,155,Organic,0,Awareness,Night,
1224,YouTube,Story,2024-05-07,18746,12119,3075,282,103,267,27,89,Paid,1268,Entertainment,Day,
1225,Facebook,Video,2024-03-13,2060,1482,1154,247,23,137,5,151,Paid,4511,Promotion,Day,
1226,Instagram,Story,2021-01-18,2574,2188,1630,256,99,95,9,116,Organic,0,Motivation,Day,
1227,Facebook,Video,2021-09-23,11304,9982,5428,208,459,2972,364,129,Organic,0,Awareness,Night,
1228,Facebook,Image,2021-02-18,17501,11327,7814,300,444,2056,153,151,Organic,0,Motivation,Day,
1229,Instagram,Video,2024-10-29,2225,1632,1281,47,487,82,4,40,Organic,0,Promotion,Night,
1230,YouTube,Reel,2024-09-01,8588,6035,4109,264,373,1653,348,33,Organic,0,Promotion,Night,
1231,YouTube,Story,2025-05-28,18147,17184,9530,184,319,2796,458,86,Organic,0,Promotion,Night,
1232,YouTube,Video,2022-05-05,15119,9398,2496,290,321,2797,396,6,Paid,2069,Entertainment,Day,
1233,Instagram,Video,2021-10-20,17302,11178,8174,48,232,3296,15,133,Organic,0,Entertainment,Day,
1234,Instagram,Story,2021-05-20,11279,8157,2894,45,36,1210,82,51,Paid,1184,Awareness,Day,
1235,Instagram,Reel,2022-06-09,6871,6009,1015,291,249,528,121,152,Organic,0,Promotion,Day,
1236,Facebook,Reel,2023-04-18,2297,1750,902,187,262,293,51,15,Organic,0,Entertainment,Night,
1237,Facebook,Image,2023-04-27,11277,9827,4306,21,317,341,87,134,Paid,3626,Education,Day,
1238,YouTube,Story,2021-11-13,2869,2222,1539,81,291,574,2,123,Organic,0,Education,Day,
1239,Instagram,Video,2025-11-26,14083,9046,5716,238,239,913,198,144,Organic,0,Entertainment,Night,
1240,YouTube,Video,2021-06-25,18534,18493,13007,221,102,3808,223,24,Organic,0,Awareness,Day,
1241,Facebook,Image,2022-12-03,14157,11186,3483,243,58,264,40,9,Paid,372,Motivation,Day,
1242,Instagram,Reel,2021-11-15,10121,7933,5244,109,163,156,34,41,Organic,0,Promotion,Day,
1243,Instagram,Image,2021-05-08,19618,12026,7756,109,27,2462,389,170,Organic,0,Entertainment,Night,
1244,Instagram,Reel,2022-07-07,7930,4851,684,72,35,1400,216,141,Organic,0,Awareness,Day,
1245,Facebook,Image,2025-11-25,9975,7644,7137,214,268,334,38,57,Paid,4301,Motivation,Night,
1246,YouTube,Video,2025-08-28,8015,7551,7331,219,175,1062,94,176,Paid,3043,Awareness,Day,
1247,Instagram,Image,2023-05-09,10728,7783,4386,82,494,813,89,103,Organic,0,Motivation,Day,
1248,YouTube,Reel,2023-03-08,15312,12092,1274,296,315,2838,584,90,Paid,2310,Education,Night,
1249,Facebook,Story,2025-03-02,5738,4768,116,77,459,1360,375,112,Organic,0,Motivation,Night,
1250,Facebook,Image,2021-08-21,16029,10825,4305,266,369,2045,324,28,Organic,0,Education,Day,
1251,Facebook,Video,2024-08-01,1120,902,37,111,381,64,14,85,Organic,0,Promotion,Night,
1252,YouTube,Image,2025-05-05,7149,6010,1770,178,107,1426,279,162,Organic,0,Entertainment,Day,
1253,Instagram,Video,2025-07-25,7263,7140,2473,157,257,58,11,124,Organic,0,Education,Night,
1254,Instagram,Story,2023-04-28,5087,4484,2885,277,218,1022,233,63,Organic,0,Awareness,Night,
1255,Instagram,Image,2021-12-27,18143,17152,12226,90,283,2751,116,132,Organic,0,Motivation,Day,
1256,Facebook,Image,2022-08-07,6329,6020,5194,145,359,892,195,118,Paid,1024,Awareness,Night,
1257,YouTube,Image,2024-08-23,4251,2729,424,254,383,106,5,119,Organic,0,Education,Day,
1258,Facebook,Video,2023-10-28,18849,12125,10939,148,436,2594,454,18,Organic,0,Awareness,Night,
1259,Instagram,Video,2024-02-04,14783,10604,3204,240,486,912,232,13,Paid,2645,Motivation,Night,
1260,Facebook,Image,2025-08-08,5077,3764,31,191,400,950,211,44,Organic,0,Entertainment,Day,
1261,Facebook,Story,2025-12-07,8337,7080,2518,212,344,1161,137,29,Organic,0,Awareness,Day,
1262,YouTube,Reel,2021-02-01,8915,5366,3067,265,419,849,8,107,Paid,4895,Promotion,Night,
1263,YouTube,Image,2023-05-31,11402,9586,3156,201,424,698,146,26,Organic,0,Motivation,Day,
1264,YouTube,Image,2025-01-31,2690,2492,1303,264,81,131,24,8,Organic,0,Motivation,Night,
1265,YouTube,Video,2025-06-29,15332,11091,10345,295,401,407,90,158,Organic,0,Promotion,Day,
1266,Facebook,Reel,2025-09-11,13845,13445,5282,104,47,3754,532,33,Paid,3131,Education,Night,
1267,Facebook,Reel,2024-07-11,4056,2485,113,278,471,447,2,113,Organic,0,Promotion,Day,
1268,Facebook,Reel,2025-03-01,3581,3319,1858,183,95,391,3,102,Paid,3510,Education,Day,
1269,Facebook,Reel,2022-02-01,8855,7985,5949,193,394,908,152,41,Organic,0,Entertainment,Night,
1270,YouTube,Video,2021-06-19,9535,8421,1694,56,235,211,35,79,Organic,0,Education,Night,
1271,YouTube,Video,2022-06-21,5020,3231,316,253,432,145,18,74,Paid,2337,Entertainment,Day,
1272,YouTube,Image,2023-10-03,12842,9408,1205,249,491,1600,51,150,Organic,0,Entertainment,Day,
1273,Instagram,Image,2023-02-08,3500,2530,659,92,152,703,107,132,Organic,0,Promotion,Night,
1274,YouTube,Video,2024-05-27,1332,981,351,177,247,290,80,89,Organic,0,Entertainment,Night,
1275,Instagram,Video,2025-02-27,18907,11385,3159,15,274,648,133,46,Paid,3795,Education,Night,
1276,Instagram,Video,2022-03-19,1754,1582,444,15,167,262,19,104,Organic,0,Awareness,Night,
1277,YouTube,Story,2024-11-17,5540,4224,2241,246,102,170,46,45,Organic,0,Motivation,Day,
1278,Instagram,Image,2024-08-28,4013,3120,3052,253,223,725,141,170,Organic,0,Motivation,Night,
1279,YouTube,Story,2021-12-21,17798,13954,6436,52,298,1581,128,38,Paid,3466,Education,Night,
1280,Instagram,Image,2025-01-18,11210,8083,7232,228,216,843,244,21,Organic,0,Awareness,Day,
1281,Facebook,Image,2021-08-09,9902,9282,7033,102,290,1305,318,169,Organic,0,Entertainment,Day,
1282,YouTube,Video,2023-07-10,12564,10601,8378,129,300,2591,65,157,Organic,0,Education,Day,
1283,Instagram,Image,2023-12-23,14428,11060,490,58,92,2473,660,126,Organic,0,Entertainment,Night,
1284,YouTube,Reel,2022-05-18,11573,10460,6089,190,74,761,91,80,Organic,0,Promotion,Night,
1285,YouTube,Story,2024-11-10,11303,7782,1751,238,290,39,5,91,Organic,0,Awareness,Night,
1286,Instagram,Reel,2023-03-01,11536,8826,8638,111,52,2300,67,2001,Organic,0,Motivation,Day,
1287,Instagram,Image,2024-08-16,19381,13905,5206,163,101,612,146,110,Paid,1277,Education,Night,
1288,Instagram,Image,2021-04-06,7459,4678,976,63,231,1011,255,90,Paid,4185,Motivation,Night,
1289,YouTube,Video,2023-02-24,6607,6427,2335,9,329,669,151,31,Organic,0,Entertainment,Day,
1290,Instagram,Video,2021-09-26,19866,11957,8740,270,20,1891,291,61,Paid,3516,Entertainment,Day,
1291,Instagram,Story,2021-07-14,12055,7366,2250,162,385,284,60,35,Organic,0,Promotion,Night,
1292,Instagram,Image,2025-05-06,12331,10677,10032,24,201,326,71,138,Paid,3639,Entertainment,Night,
1293,Instagram,Video,2025-09-23,10779,10190,479,114,24,2020,124,172,Organic,0,Entertainment,Day,
1294,Facebook,Image,2025-10-31,1340,946,231,87,45,53,10,102,Organic,0,Motivation,Day,
1295,YouTube,Video,2024-01-06,7263,5867,2127,22,56,1671,462,16,Paid,2103,Motivation,Day,
1296,Facebook,Image,2022-11-06,2572,2166,1105,87,473,76,8,57,Paid,4424,Education,Day,
1297,YouTube,Image,2022-10-16,5514,5195,3660,62,267,245,16,142,Organic,0,Education,Day,
1298,Instagram,Story,2024-09-16,18288,12942,5274,247,115,2367,489,177,Organic,0,Entertainment,Day,
1299,YouTube,Story,2024-12-27,4008,2944,2287,124,337,784,75,149,Organic,0,Awareness,Night,
1300,YouTube,Reel,2023-10-10,7746,7493,107,110,239,319,9,158,Organic,0,Education,Night,
1301,YouTube,Story,2022-11-29,13617,9709,5108,232,335,1997,107,126,Organic,0,Entertainment,Day,
1302,Instagram,Image,2022-03-25,6046,5693,3706,262,103,216,16,50,Organic,0,Motivation,Night,
1303,YouTube,Story,2023-05-17,14113,10006,9457,52,75,281,35,68,Paid,1759,Promotion,Night,
1304,YouTube,Image,2022-05-08,16104,10539,3064,136,14,3051,112,134,Organic,0,Motivation,Day,
1305,Instagram,Video,2022-12-22,16605,15385,15186,281,43,4349,927,58,Organic,0,Motivation,Day,
1306,Facebook,Image,2023-03-24,12613,11101,8321,170,27,868,77,111,Organic,0,Promotion,Night,
1307,Facebook,Image,2021-04-11,15461,11509,6923,99,150,1514,50,55,Organic,0,Motivation,Night,
1308,Facebook,Image,2022-07-20,7207,5973,4248,221,55,361,76,40,Organic,0,Education,Day,
1309,YouTube,Video,2021-08-24,2634,2089,,122,33,113,14,119,Organic,0,Motivation,Day,
1310,Facebook,Image,2025-12-13,18436,11888,6421,201,51,1128,115,30,Paid,311,Promotion,Night,
1311,YouTube,Reel,2022-02-26,8205,7929,2847,147,361,1098,253,33,Paid,4363,Entertainment,Day,
1312,Facebook,Image,2023-10-28,10436,6286,6054,156,436,193,11,153,Organic,0,Entertainment,Night,
1313,YouTube,Reel,2021-05-23,8819,5988,2721,233,72,645,174,15,Organic,0,Entertainment,Night,
1314,YouTube,Story,2021-02-12,1417,1335,157,87,347,219,42,44,Organic,0,Promotion,Day,
1315,YouTube,Image,2023-09-28,1318,1150,224,23,419,242,0,15,Paid,3928,Promotion,Day,
1316,YouTube,Reel,2025-09-07,1569,1521,300,48,51,348,37,168,Paid,3816,Education,Day,
1317,Instagram,Story,2025-02-13,10981,9337,7970,129,186,1853,502,117,Organic,0,Promotion,Day,
1318,Instagram,Image,2024-12-25,16032,9730,1847,138,351,1444,154,43,Organic,0,Entertainment,Day,
1319,YouTube,Reel,2023-04-21,18016,16774,11704,254,15,169,9,58,Paid,359,Promotion,Night,
1320,Facebook,Video,2022-02-27,9007,7769,1587,193,327,1764,368,102,Organic,0,Awareness,Day,
1321,Facebook,Reel,2025-11-30,4536,3281,1086,178,454,898,230,59,Organic,0,Motivation,Day,
1322,Instagram,Reel,2022-07-20,11852,10314,673,296,266,2413,427,115,Paid,1213,Education,Night,
1323,Instagram,Story,2024-03-06,12248,8355,1805,4,255,1775,465,156,Paid,751,Entertainment,Night,
1324,Instagram,Reel,2023-12-08,5821,5402,2487,249,147,1394,76,154,Organic,0,Entertainment,Night,
1325,YouTube,Story,2021-03-25,3117,2473,2429,63,27,15,3,73,Organic,0,Awareness,Day,
1326,Facebook,Video,2022-12-23,17002,12706,817,128,70,20,3,60,Organic,0,Education,Day,
1327,YouTube,Story,2021-11-14,12475,9805,2337,100,221,2056,574,37,Organic,0,Motivation,Day,
1328,Instagram,Reel,2023-08-28,3644,2781,2779,197,216,224,4,40,Organic,0,Education,Day,
1329,Instagram,Reel,2024-05-07,14078,9249,9239,223,347,1070,154,152,Organic,0,Education,Night,
1330,Instagram,Reel,2021-10-05,11567,8080,2466,156,43,817,64,85,Paid,1977,Entertainment,Day,
1331,Instagram,Video,2023-02-09,10743,10222,2270,269,226,2235,187,113,Paid,259,Promotion,Night,
1332,Instagram,Story,2023-01-03,11264,10885,7006,238,215,2806,729,158,Organic,0,Motivation,Day,
1333,Instagram,Video,2025-04-20,14443,12443,12383,71,314,113,1,77,Organic,0,Education,Day,
1334,YouTube,Story,2023-02-04,10908,8531,877,201,64,2377,524,44,Organic,0,Awareness,Night,
1335,Facebook,Image,2025-07-12,14203,14010,13749,27,43,48,7,21,Organic,0,Entertainment,Day,
1336,Facebook,Video,2022-11-14,2792,2228,1190,289,246,665,27,133,Organic,0,Promotion,Day,
1337,Facebook,Video,2024-10-13,11856,7611,5747,104,264,497,149,65,Organic,0,Promotion,Day,
1338,Facebook,Reel,2024-10-15,5723,5461,2464,159,368,279,28,175,Paid,1159,Entertainment,Night,
1339,YouTube,Video,2021-08-23,1211,1138,313,61,266,248,25,108,Organic,0,Education,Day,
1340,YouTube,Image,2023-08-29,4174,3010,1600,28,474,209,6,46,Paid,1321,Entertainment,Day,
1341,YouTube,Story,2022-01-12,4991,3608,3365,224,439,828,123,29,Paid,2423,Promotion,Night,
1342,YouTube,Reel,2021-02-14,5036,3906,3352,123,87,299,81,43,Organic,0,Promotion,Night,
1343,Instagram,Story,2023-09-03,17761,16731,9484,51,491,4478,410,39,Organic,0,Awareness,Night,
1344,Instagram,Video,2023-03-13,17153,13300,7601,213,416,2734,281,135,Paid,342,Awareness,Day,
1345,YouTube,Image,2023-07-26,14920,10165,180,297,155,114,18,112,Paid,3178,Promotion,Night,
1346,YouTube,Image,2022-12-28,2116,1929,1807,234,141,455,10,176,Organic,0,Awareness,Night,
1347,Facebook,Reel,2025-10-19,1298,940,357,268,199,183,32,106,Organic,0,Awareness,Day,
1348,Instagram,Story,2021-11-07,17811,11200,7528,71,142,714,167,102,Organic,0,Awareness,Day,
1349,Instagram,Image,2023-09-18,10926,9782,2955,294,362,279,82,16,Paid,3540,Promotion,Night,
1350,Facebook,Story,2021-09-23,17612,16919,11406,299,316,4304,530,23,Organic,0,Education,Night,
1351,Facebook,Reel,2025-10-11,14230,9091,3796,49,340,184,1,105,Organic,0,Education,Night,
1352,YouTube,Reel,2025-04-06,4480,3710,431,89,372,975,165,48,Paid,3979,Motivation,Night,
1353,Instagram,Video,2024-06-07,13585,11592,613,37,226,263,7,53,Organic,0,Awareness,Day,
1354,Instagram,Video,2021-12-23,13265,12927,11447,230,193,2585,30,21,Organic,0,Education,Day,
1355,Instagram,Story,2023-10-03,5365,4037,923,103,379,400,32,78,Organic,0,Motivation,Day,
1356,YouTube,Video,2025-07-15,6311,5563,4768,12,322,1666,270,61,Paid,2634,Entertainment,Day,
1357,Instagram,Image,2021-01-11,4152,2907,2327,279,442,34,2,59,Organic,0,Awareness,Day,
1358,Facebook,Image,2025-02-03,3358,2711,778,106,292,189,43,51,Organic,0,Education,Day,
1359,Facebook,Reel,2024-06-20,16523,14015,13133,34,224,2884,365,16,Organic,0,Education,Night,
1360,Facebook,Video,2021-05-26,15008,14127,2083,264,152,3081,894,66,Organic,0,Education,Day,
1366,YouTube,Image,2022-12-10,3389,3187,2450,41,454,926,18,122,Organic,0,Awareness,Night,
1367,YouTube,Video,2025-01-21,19069,15363,583,254,259,1060,138,29,Organic,0,Promotion,Day,
1368,Instagram,Reel,2023-09-06,8380,7691,175,28,13,1434,220,93,Organic,0,Motivation,Day,
1369,Facebook,Video,2024-10-28,7428,6644,4526,246,26,1245,194,16,Paid,1858,Education,Day,
1370,Facebook,Image,2023-05-31,13685,11301,9003,70,59,2848,128,147,Organic,0,Awareness,Night,
1371,YouTube,Story,2022-12-22,15350,10176,7152,29,121,2521,376,63,Organic,0,Awareness,Day,
1372,Instagram,Video,2022-04-11,8603,5537,122,127,416,1205,5,158,Organic,0,Education,Day,
1373,YouTube,Story,2023-06-18,2863,1873,89,160,179,58,4,113,Organic,0,Entertainment,Night,
1374,Instagram,Video,2023-03-26,9003,6598,5378,39,39,265,77,30,Organic,0,Motivation,Day,
1375,Facebook,Story,2024-12-15,9198,7744,7353,112,227,843,126,51,Organic,0,Education,Day,
1376,Facebook,Reel,2025-11-15,10919,9556,8631,136,163,2258,299,36,Organic,0,Awareness,Day,
1377,Instagram,Image,2022-12-11,,15368,4583,40,104,855,27,14,Paid,4558,Entertainment,Day,
1378,Facebook,Reel,2025-02-28,5493,5428,1005,190,371,472,78,20,Organic,0,Awareness,Night,
1379,Instagram,Video,2024-08-24,5651,3536,87,255,428,481,112,149,Organic,0,Promotion,Night,
1380,Instagram,Video,2023-02-26,2106,1539,122,142,437,142,37,155,Organic,0,Awareness,Day,
1381,Instagram,Video,2023-02-27,13580,12205,3677,105,194,77,12,30,Organic,0,Motivation,Day,
1382,Instagram,Video,2024-09-14,7043,6928,4436,178,479,1765,53,90,Organic,0,Education,Day,
1383,Facebook,Reel,2025-07-18,1851,1733,1550,14,174,344,33,139,Organic,0,Awareness,Night,
1384,YouTube,Video,2025-02-15,15223,12635,9065,198,487,3205,746,18,Organic,0,Promotion,Night,
1385,Instagram,Image,2021-11-29,10418,10047,3903,67,464,1736,266,83,Organic,0,Promotion,Day,
1386,YouTube,Story,2021-06-25,1497,1185,691,292,202,349,35,121,Organic,0,Education,Day,
1387,Facebook,Story,2022-07-05,2265,1989,1602,6,63,280,46,11,Organic,0,Promotion,Day,
1388,Instagram,Video,2023-06-28,11056,9262,7207,4,238,1083,91,141,Paid,3529,Education,Day,
1389,Instagram,Video,2022-03-23,2212,1694,1186,40,141,245,71,119,Organic,0,Motivation,Night,
1390,Instagram,Story,2022-01-04,19069,14013,4252,253,65,524,112,76,Organic,0,Education,Night,
1391,Facebook,Video,2025-11-20,8452,7652,1906,58,335,714,37,63,Organic,0,Entertainment,Night,
1392,Instagram,Story,2025-10-29,2261,1544,85,283,367,350,64,86,Organic,0,Promotion,Day,
1393,YouTube,Story,2022-06-12,8469,5330,4427,22,307,1463,132,120,Organic,0,Promotion,Day,
1394,Instagram,Video,2023-11-05,8690,6646,4186,39,121,223,9,171,Organic,0,Awareness,Day,
1395,Facebook,Image,2025-08-26,7686,5945,584,218,448,1168,190,150,Paid,1875,Entertainment,Day,
1396,Instagram,Story,2024-05-28,10276,7337,3343,191,240,101,10,107,Organic,0,Awareness,Day,
1397,Instagram,Reel,2021-04-02,10635,6636,4843,13,54,328,47,21,Organic,0,Education,Day,
1398,Facebook,Story,2025-05-24,7929,6039,1760,193,425,1046,260,18,Paid,487,Motivation,Day,
1399,Facebook,Video,2025-04-11,2068,1912,158,114,289,153,24,163,Paid,985,Promotion,Day,
1400,Facebook,Video,2024-01-09,17498,15203,13886,270,408,4491,856,156,Organic,0,Motivation,Night,
1401,Instagram,Story,2023-12-02,2685,2578,1102,99,428,675,134,112,Organic,0,Education,Night,
1402,Instagram,Reel,2022-05-13,19849,14309,7468,161,383,1999,336,49,Organic,0,Education,Day,
1403,Instagram,Story,2025-02-09,4781,4287,652,180,286,493,113,102,Organic,0,Entertainment,Day,
1404,Facebook,Reel,2023-09-19,17568,11166,7355,214,117,1483,334,135,Organic,0,Awareness,Day,
1405,Instagram,Reel,2022-05-17,19656,18574,8528,146,174,1026,275,41,Organic,0,Promotion,Night,
1406,Facebook,Reel,2023-05-13,11284,7736,4718,253,323,333,52,175,Paid,3215,Promotion,Night,
1407,YouTube,Image,2021-12-08,7491,5230,2157,283,364,929,7,172,Organic,0,Motivation,Night,
1408,YouTube,Image,2025-11-16,16396,15922,392,85,37,827,32,112,Organic,0,Entertainment,Night,
1409,Instagram,Reel,2023-05-15,5337,5311,3295,285,123,1084,198,2037,Organic,0,Education,Day,
1410,Facebook,Video,2024-04-26,10613,7342,5916,23,37,1379,172,19,Paid,3723,Entertainment,Day,
1411,Facebook,Image,2023-07-11,12631,11255,4739,244,358,1674,322,124,Organic,0,Promotion,Day,
1412,YouTube,Story,2021-11-08,5410,3997,2760,232,194,1043,42,8,Organic,0,Awareness,Night,
1413,Facebook,Story,2025-01-19,11500,10492,1587,118,152,723,130,97,Organic,0,Motivation,Day,
1414,Facebook,Image,2023-11-27,17164,13092,4673,165,196,197,36,157,Organic,0,Education,Night,
1415,Facebook,Reel,2025-07-26,11439,8324,7053,265,142,586,10,145,Organic,0,Education,Night,
1416,Instagram,Story,2021-07-23,19846,19112,5426,60,147,5041,643,165,Organic,0,Education,Day,
1417,YouTube,Story,2025-12-19,9973,7976,7693,132,310,1797,229,20,Organic,0,Awareness,Night,
1418,YouTube,Reel,2021-10-16,4477,3160,2261,260,386,682,71,174,Organic,0,Promotion,Day,
1419,YouTube,Video,2024-01-07,6532,4031,2000,13,189,81,17,112,Organic,0,Promotion,Night,
1420,Instagram,Reel,2025-02-08,7656,5747,3717,151,470,1169,218,130,Organic,0,Entertainment,Night,
1421,Instagram,Image,2025-12-26,4591,4220,2154,44,442,245,56,59,Organic,0,Entertainment,Day,
1422,YouTube,Reel,2025-07-04,5483,4429,609,167,80,238,45,174,Organic,0,Promotion,Day,
1423,Facebook,Video,2024-07-15,17615,13316,11580,161,456,1130,232,38,Organic,0,Education,Day,
1424,Facebook,Story,2024-12-15,2256,1796,389,285,338,102,29,162,Organic,0,Awareness,Night,
1425,Facebook,Image,2021-10-08,2167,1949,1786,112,344,8,0,17,Paid,2450,Promotion,Day,
1426,YouTube,Image,2023-09-20,7411,5532,2315,67,101,962,77,145,Organic,0,Awareness,Night,
1427,Instagram,Video,2021-01-07,3906,3400,2009,285,312,877,109,22,Organic,0,Motivation,Day,
1428,Facebook,Story,2023-05-07,7833,7607,5024,194,323,729,9,164,Organic,0,Education,Night,
1429,Facebook,Reel,2023-12-23,8691,7826,7191,153,430,1428,247,100,Paid,3188,Motivation,Night,
1430,Facebook,Image,2023-10-01,8598,6354,4897,182,278,1368,248,127,Paid,802,Promotion,Night,
1431,Instagram,Image,2021-08-19,16760,12476,7326,166,126,395,28,43,Organic,0,Entertainment,Day,
1432,Facebook,Video,2022-10-16,14921,9900,5694,203,360,721,118,50,Organic,0,Promotion,Day,
1433,YouTube,Video,2024-11-08,5196,5098,2383,137,259,1001,210,33,Organic,0,Motivation,Day,
1434,Instagram,Story,2024-02-26,8048,8034,5529,162,210,1675,31,66,Organic,0,Awareness,Day,
1435,YouTube,Story,2022-06-18,13824,11914,7954,112,173,1741,408,20,Paid,1000,Promotion,Day,
1436,Facebook,Reel,2022-03-30,2495,1812,1097,105,399,458,104,125,Organic,0,Entertainment,Day,
1437,Facebook,Video,2024-05-23,4614,4024,3892,10,410,675,33,14,Organic,0,Motivation,Night,
1438,Facebook,Video,2025-04-20,13425,8794,806,265,107,1365,180,162,Paid,4134,Promotion,Day,
1439,Facebook,Image,2025-09-13,12865,12105,11760,117,148,812,40,157,Paid,1014,Motivation,Night,
1440,Facebook,Reel,2022-03-18,6288,5303,111,18,432,678,105,107,Organic,0,Motivation,Day,
1441,Instagram,Video,2025-06-09,1656,1532,321,144,154,52,12,88,Organic,0,Education,Day,
1442,YouTube,Story,2022-05-22,1794,1311,253,193,335,323,88,137,Organic,0,Awareness,Day,
1443,YouTube,Image,2021-06-06,14131,9552,330,7,380,1105,43,69,Paid,3991,Education,Day,
1444,Facebook,Image,2025-02-16,18750,16205,3183,159,401,1243,48,7,Paid,3519,Motivation,Day,
1445,Instagram,Image,2022-09-11,11607,10446,3320,51,135,2098,23,177,Organic,0,Entertainment,Night,
1446,YouTube,Reel,2023-05-30,19880,15789,6657,287,142,3084,298,146,Organic,0,Entertainment,Night,
1447,YouTube,Image,2023-11-04,16838,12431,282,254,372,3717,1092,124,Paid,4167,Education,Day,
1448,YouTube,Image,2025-01-03,13898,11391,3671,295,499,3124,559,162,Organic,0,Entertainment,Day,
1449,Instagram,Image,2023-07-05,1815,1495,1153,55,329,394,29,72,Organic,0,Motivation,Day,
1450,YouTube,Reel,2021-06-21,11178,9429,3402,250,303,588,161,150,Paid,4137,Promotion,Night,
1451,Instagram,Reel,2024-06-16,9190,5857,482,252,129,289,51,41,Organic,0,Motivation,Night,
1452,YouTube,Video,2025-09-05,14495,11248,5266,289,306,3033,345,157,Organic,0,Promotion,Night,
1453,Facebook,Image,2025-03-27,14321,8637,8188,160,491,1098,107,77,Paid,2360,Entertainment,Day,
1454,Facebook,Video,2023-11-20,8724,6552,860,217,358,944,247,147,Paid,3470,Awareness,Day,
1455,Facebook,Video,2021-11-28,3539,2892,680,101,224,130,0,53,Organic,0,Awareness,Day,
1456,Facebook,Image,2021-12-16,4724,2913,572,280,214,434,126,125,Organic,0,Motivation,Night,
1457,Instagram,Story,2023-06-11,14087,8527,5281,190,288,1215,60,92,Organic,0,Motivation,Day,
1458,YouTube,Story,2024-11-03,6437,4441,4254,128,241,594,133,144,Organic,0,Entertainment,Night,
1459,YouTube,Reel,2025-01-14,16167,11425,8591,242,5,1352,382,41,Organic,0,Awareness,Day,
1460,YouTube,Video,2023-08-22,11410,10256,5109,96,102,734,38,65,Paid,2798,Awareness,Day,
1461,YouTube,Image,2021-07-13,4075,3546,2434,80,34,939,169,175,Organic,0,Motivation,Day,
1462,Facebook,Video,2022-12-08,12483,12069,3156,140,145,3618,462,128,Organic,0,Awareness,Night,
1463,Instagram,Story,2024-07-02,14964,13765,9193,277,328,2504,376,43,Organic,0,Motivation,Day,
1464,Facebook,Reel,2021-07-30,7638,4899,2293,91,134,1213,78,67,Paid,4957,Education,Night,
1465,Facebook,Image,2024-04-17,19470,12520,5409,294,395,518,133,50,Organic,0,Awareness,Day,
1466,YouTube,Reel,2023-08-28,10084,10009,43,118,110,2522,684,92,Organic,0,Promotion,Day,
1467,Instagram,Video,2021-12-04,3992,3654,1324,39,458,300,18,15,Organic,0,Entertainment,Day,
1468,Facebook,Image,2023-05-22,2710,1906,669,154,256,523,112,66,Organic,0,Motivation,Night,
1469,Instagram,Image,2023-02-12,4843,3398,1454,159,429,573,100,81,Organic,0,Awareness,Day,
1470,Facebook,Reel,2025-12-14,18104,13458,2721,142,364,2173,80,157,Organic,0,Awareness,Day,
1471,Facebook,Story,2023-10-01,5682,5199,985,285,460,1147,226,56,Organic,0,Motivation,Day,
1472,Instagram,Image,2021-02-21,15267,14501,12627,177,372,2852,182,8,Organic,0,Promotion,Day,
1473,YouTube,Image,2025-11-30,14896,10688,6130,91,477,2527,573,63,Organic,0,Awareness,Night,
1474,YouTube,Video,2023-12-14,1349,1009,600,158,168,226,46,76,Organic,0,Education,Day,
1475,YouTube,Story,2023-10-27,4083,3204,137,140,328,937,129,152,Organic,0,Entertainment,Night,
1476,Instagram,Story,2024-12-13,16687,13274,10244,29,497,179,44,97,Organic,0,Motivation,Night,
1477,Facebook,Image,2024-05-29,19749,18593,16066,88,242,249,60,67,Organic,0,Awareness,Night,
1478,YouTube,Reel,2023-01-27,18877,17940,5796,67,42,851,19,58,Organic,0,Entertainment,Day,
1479,Facebook,Video,2024-07-29,14748,9826,5148,49,439,229,56,121,Organic,0,Motivation,Day,
1480,Facebook,Video,2024-09-03,18828,13569,5450,162,459,4028,397,114,Organic,0,Motivation,Night,
1481,YouTube,Image,2023-11-24,6544,6329,3410,31,33,1478,187,78,Organic,0,Motivation,Night,
1482,YouTube,Image,2021-06-21,7322,6447,364,141,311,302,34,111,Organic,0,Promotion,Day,
1483,Facebook,Video,2021-12-21,7510,7326,2549,140,287,2070,419,61,Paid,3879,Education,Day,
1484,Facebook,Video,2024-03-09,12491,8458,7585,45,59,1398,238,173,Paid,2351,Motivation,Night,
1485,Instagram,Video,2022-01-16,3967,2753,693,5,111,747,22,7,Organic,0,Promotion,Day,
1486,Instagram,Reel,2022-05-21,13272,11734,2174,158,27,332,92,124,Organic,0,Motivation,Night,
1487,Facebook,Story,2021-10-15,13429,10408,6782,115,427,729,71,10,Organic,0,Motivation,Day,
1488,Instagram,Image,2022-08-28,7168,5417,2167,47,250,408,22,9,Organic,0,Promotion,Day,
1489,Facebook,Image,2025-05-01,12637,12322,10338,87,18,1489,178,9,Organic,0,Education,Day,
1490,Facebook,Image,2022-03-08,13637,9457,5683,147,106,2203,582,58,Organic,0,Entertainment,Day,
1491,Facebook,Reel,2021-07-05,12212,11453,4230,111,239,2259,275,51,Organic,0,Awareness,Day,
1492,Facebook,Reel,2024-09-10,9547,5856,3892,71,239,236,66,13,Paid,2356,Motivation,Night,
1493,Facebook,Video,2024-09-10,11583,9998,5281,53,322,2309,386,103,Organic,0,Education,Night,
1494,Instagram,Story,2023-09-01,12759,7719,5307,51,95,650,107,24,Paid,1776,Awareness,Night,
1495,YouTube,Video,2024-01-25,12731,10147,7192,233,303,666,119,1053,Paid,97430,Motivation,Night,
1496,YouTube,Story,2023-08-28,19873,17612,12229,172,247,3563,817,65,Organic,0,Awareness,Day,
1497,Facebook,Video,2025-04-12,14144,10945,6897,218,396,164,14,127,Organic,0,Promotion,Day,
1498,YouTube,Reel,2024-04-29,9826,9802,8391,85,472,2365,410,167,Organic,0,Education,Night,
1499,YouTube,Reel,2024-03-09,10849,10802,5458,27,496,812,243,86,Organic,0,Education,Day,
1500,Instagram,Image,2021-10-17,3962,3010,1621,84,235,811,196,66,Organic,0,Entertainment,Day,
1501,YouTube,Story,2025-12-14,1027,953,314,41,94,75,6,149,Organic,0,Entertainment,Night,
1502,YouTube,Reel,2025-01-23,8739,6075,5609,284,432,894,46,7,Organic,0,Awareness,Day,
1503,YouTube,Image,2022-12-07,13263,7997,4504,201,357,1955,163,164,Paid,1022,Promotion,Night,
1504,Instagram,Reel,2025-08-30,7962,6711,6250,49,198,1368,192,17,Organic,0,Awareness,Night,
1505,Instagram,Story,2025-05-03,5210,4429,3478,201,273,273,51,124,Paid,2795,Motivation,Day,
1506,YouTube,Reel,2021-02-25,3348,2718,963,188,185,500,150,129,Organic,0,Education,Day,
1507,Facebook,Image,2024-06-04,12136,11388,1265,117,70,3371,1,93,Paid,4031,Awareness,Night,
1508,Instagram,Video,2022-09-11,17382,11968,5563,196,334,181,13,77,Organic,0,Awareness,Day,
1509,Instagram,Image,2022-09-30,6894,5879,285,133,490,308,36,72,Organic,0,Education,Day,
1510,Facebook,Video,2024-10-29,14819,10361,7617,42,177,669,101,146,Paid,3802,Education,Day,
1511,YouTube,Reel,2025-07-11,4322,3936,1306,65,294,828,205,105,Organic,0,Entertainment,Night,
1512,Facebook,Image,2023-09-23,17612,13712,6921,27,155,3724,23,102,Organic,0,Entertainment,Night,
1513,Facebook,Image,2021-08-26,14925,11073,8225,190,399,3039,649,15,Organic,0,Education,Night,
1514,YouTube,Reel,2023-01-18,16517,15742,6947,272,388,2744,547,109,Organic,0,Awareness,Night,
1515,Facebook,Story,2022-11-22,13565,8794,3237,263,416,615,1,71,Organic,0,Motivation,Night,
1516,YouTube,Video,2022-07-31,15909,13107,8021,235,187,198,29,127,Paid,398,Awareness,Day,
1517,Facebook,Story,2022-11-23,2640,2340,96,277,136,258,54,33,Organic,0,Motivation,Night,
1518,Instagram,Story,2021-02-05,6856,5314,2438,18,305,730,106,141,Organic,0,Education,Day,
1519,Instagram,Reel,2025-02-21,4659,3526,717,43,273,74,17,157,Paid,1002,Motivation,Day,
1520,Instagram,Image,2024-07-20,4098,2716,1125,176,497,744,37,80,Organic,0,Entertainment,Night,
1521,Instagram,Video,2024-03-11,16008,15248,1253,167,190,1999,536,174,Organic,0,Education,Day,
1522,YouTube,Image,2024-07-30,2254,1502,1049,40,172,311,92,13,Paid,4764,Promotion,Night,
1523,Facebook,Story,2022-01-12,10895,9998,1298,221,494,1641,11,44,Organic,0,Motivation,Day,
1524,Instagram,Reel,2022-06-19,4815,4514,400,191,293,392,73,29,Organic,0,Motivation,Night,
1525,Facebook,Reel,2022-07-17,16496,11659,4535,256,343,3115,447,9,Organic,0,Promotion,Day,
1526,Facebook,Story,2022-01-07,2498,2117,1116,2,208,408,116,143,Organic,0,Promotion,Day,
1527,Instagram,Story,2021-09-23,7787,4748,3788,162,49,848,168,128,Organic,0,Education,Day,
1528,YouTube,Video,2022-10-27,8252,5871,5008,147,372,37,11,42,Organic,0,Awareness,Day,
1529,Instagram,Image,2024-01-14,16094,14472,9136,6,175,3446,673,76,Paid,1618,Promotion,Day,
1530,YouTube,Image,2023-06-30,12160,9914,8175,107,272,1418,421,137,Organic,0,Motivation,Night,
1531,Facebook,Video,2021-03-08,6570,5539,5172,249,287,523,103,94,Organic,0,Promotion,Night,
1532,Instagram,Story,2022-09-15,12314,8068,3698,239,15,850,189,150,Paid,582,Education,Day,
1533,Facebook,Image,2022-12-22,6108,6059,3402,11,384,341,79,41,Organic,0,Education,Day,
1534,YouTube,Image,2024-01-06,10302,10201,9947,63,49,961,192,64,Paid,1593,Motivation,Day,
1535,Instagram,Reel,2024-03-14,13967,10168,2606,205,281,865,56,32,Organic,0,Motivation,Day,
1536,Facebook,Story,2023-05-07,14386,11514,5233,185,322,3077,222,85,Paid,1852,Motivation,Night,
1537,Facebook,Image,2024-01-02,4461,4036,922,206,253,650,128,118,Organic,0,Awareness,Day,
1538,YouTube,Reel,2023-07-10,16201,12065,6554,147,1,3383,946,44,Organic,0,Motivation,Night,
1539,Facebook,Reel,2023-08-09,18454,17870,3221,196,297,2736,781,49,Organic,0,Education,Day,
1540,YouTube,Reel,2024-07-27,14700,12246,2270,257,41,1680,96,66,Organic,0,Education,Day,
1541,Instagram,Reel,2021-02-16,19696,17814,5454,291,320,3348,968,97,Paid,2185,Promotion,Night,
1542,Facebook,Image,2021-02-16,16463,15483,9044,261,442,745,94,119,Organic,0,Motivation,Day,
1543,YouTube,Reel,2025-01-20,7325,5056,3868,102,165,937,188,71,Organic,0,Awareness,Night,
1544,Facebook,Image,2022-02-28,5346,4407,3761,125,350,132,1,60,Paid,549,Entertainment,Night,
1545,Facebook,Video,2023-08-03,15537,11303,9896,169,446,3263,181,44,Organic,0,Promotion,Night,
1546,Facebook,Video,2021-01-15,6218,4732,3328,266,240,946,35,102,Organic,0,Awareness,Day,
1547,Facebook,Video,2025-12-15,13626,8751,8751,12,224,1708,266,44,Organic,0,Motivation,Night,
1548,Instagram,Video,2025-07-21,16755,16000,5953,204,366,489,74,95,Organic,0,Awareness,Night,
1549,YouTube,Video,2025-06-01,17762,15811,2391,134,388,3604,877,37,Organic,0,Entertainment,Day,
1550,Instagram,Story,2023-01-21,19999,18172,4651,124,407,915,86,10,Paid,1584,Awareness,Day,
1551,Facebook,Video,2022-11-07,16813,11808,7507,251,385,1083,49,151,Organic,0,Entertainment,Day,
1552,Facebook,Image,2022-08-28,9019,8511,5417,230,358,1064,175,84,Organic,0,Entertainment,Day,
1553,YouTube,Reel,2021-03-15,9451,7997,4274,147,13,1127,304,172,Paid,1197,Entertainment,Night,
1554,Instagram,Story,2025-01-01,8242,6464,5864,81,290,1154,185,96,Organic,0,Awareness,Day,
1555,Instagram,Reel,2024-10-10,10985,10484,2106,75,311,2920,450,101,Organic,0,Motivation,Night,
1556,YouTube,Story,2021-02-27,10579,9494,2430,299,6,1053,116,63,Organic,0,Education,Day,
1557,Instagram,Reel,2023-04-12,9500,7191,2819,79,300,2083,529,63,Organic,0,Education,Day,
1558,Instagram,Reel,2023-02-14,17419,13025,8605,246,89,2143,383,52,Organic,0,Awareness,Night,
1559,YouTube,Story,2022-12-03,16859,13226,3382,114,76,58,2,173,Organic,0,Motivation,Day,
1560,Instagram,Image,2023-01-01,10119,8563,199,268,459,489,50,17,Organic,0,Education,Day,
1561,YouTube,Image,2024-09-22,8483,8125,5131,50,487,829,93,111,Paid,1671,Entertainment,Night,
1562,Facebook,Video,2024-02-08,11797,11234,917,228,290,275,34,49,Organic,0,Awareness,Night,
1563,Facebook,Reel,2025-06-21,18135,12912,11300,125,116,1002,131,93,Paid,3380,Awareness,Night,
1564,Facebook,Story,2022-06-29,15944,11019,1496,97,375,164,38,174,Organic,0,Promotion,Night,
1565,YouTube,Reel,2021-05-05,3086,2122,999,299,389,535,77,104,Organic,0,Promotion,Night,
1566,YouTube,Story,2025-12-11,16639,13786,12943,37,100,805,137,159,Organic,0,Promotion,Day,
1567,YouTube,Video,2023-09-02,16672,10956,8886,110,306,1810,85,170,Paid,2197,Motivation,Night,
1568,Instagram,Video,2024-04-06,16965,12636,11796,226,398,2331,9,11,Organic,0,Awareness,Night,
1569,Instagram,Story,2022-05-31,7383,6841,4035,90,168,1868,0,137,Organic,0,Promotion,Day,
1570,Instagram,Story,2024-08-14,17622,14532,14209,272,127,4212,581,49,Paid,2735,Awareness,Day,
1571,Instagram,Image,2023-10-28,12178,9561,1826,93,249,2776,574,62,Organic,0,Entertainment,Day,
1572,YouTube,Reel,2023-10-13,1213,890,67,221,344,260,60,35,Paid,4465,Promotion,Night,
1573,Facebook,Reel,2024-07-30,10982,7363,1585,55,390,1815,350,27,Organic,0,Awareness,Day,
1574,Instagram,Image,2022-09-18,8595,6030,843,153,474,629,128,174,Paid,4715,Motivation,Night,
1575,YouTube,Image,2021-11-17,7890,7072,6437,87,436,633,82,142,Paid,4868,Motivation,Day,
1576,Facebook,Image,2023-08-29,6175,4348,2206,117,477,666,132,164,Organic,0,Motivation,Night,
1577,Instagram,Story,2021-10-24,9613,7700,5953,181,424,1243,189,111,Organic,0,Promotion,Day,
1578,Instagram,Image,2024-02-28,11333,10483,92,206,28,1261,217,162,Organic,0,Motivation,Day,
1579,Instagram,Video,2023-07-25,14395,11533,3313,106,338,2645,143,43,Paid,3046,Education,Night,
1580,Instagram,Image,2022-10-22,9386,6838,2668,285,286,1529,12,163,Organic,0,Entertainment,Day,
1581,Instagram,Video,2023-06-21,7535,5401,609,124,82,1264,257,86,Organic,0,Awareness,Day,
1582,YouTube,Image,2023-08-21,11665,10928,7979,127,143,2954,607,104,Organic,0,Education,Day,
1583,Instagram,Story,2024-08-02,13288,8457,6053,224,472,415,7,6,Organic,0,Promotion,Day,
1584,Facebook,Video,2025-12-09,10313,7096,2658,211,422,1932,137,81,Organic,0,Awareness,Day,
1585,YouTube,Video,2024-03-21,5973,4199,3590,125,167,1207,153,16,Organic,0,Awareness,Night,
1586,Instagram,Video,2023-12-24,19767,16337,2301,34,445,2135,570,43,Organic,0,Motivation,Night,
1587,Instagram,Image,2022-01-13,11287,9731,3730,235,185,1826,219,17,Organic,0,Awareness,Night,
1588,Facebook,Video,2024-05-21,11912,8777,2298,61,328,1060,130,50,Organic,0,Awareness,Day,
1589,YouTube,Video,2023-09-24,14460,12176,8392,191,8,1623,412,159,Organic,0,Entertainment,Day,
1590,Instagram,Image,2025-11-24,19537,15303,4630,294,170,262,64,117,Paid,3531,Promotion,Day,
1591,YouTube,Reel,2024-02-18,3199,2073,359,293,472,578,23,21,Paid,4874,Education,Night,
1592,Facebook,Image,2021-05-30,16350,14807,13398,141,238,1563,384,108,Organic,0,Motivation,Day,
1593,YouTube,Reel,2022-11-08,15787,15525,10614,294,173,1246,333,102,Organic,0,Entertainment,Night,
1594,Facebook,Story,2023-04-03,15878,13849,104,199,9,3542,43,92,Organic,0,Education,Day,
1595,Instagram,Reel,2021-11-05,1279,997,598,167,272,165,27,113,Organic,0,Education,Day,
1596,Facebook,Story,2025-08-10,15999,14953,14634,295,78,1641,394,167,Organic,0,Entertainment,Day,
1597,YouTube,Video,2022-01-07,7188,4919,4369,20,399,422,39,74,Organic,0,Motivation,Night,
1598,Instagram,Reel,2025-11-18,5172,4530,1710,103,155,141,20,162,Organic,0,Promotion,Day,
1599,Instagram,Video,2022-03-21,6350,5547,1124,225,63,555,59,78,Paid,309,Entertainment,Day,
1600,YouTube,Image,2023-02-19,13291,8182,3592,204,101,1818,213,67,Organic,0,Entertainment,Night,
1601,YouTube,Video,2021-07-10,7738,6200,1334,107,61,1208,63,160,Organic,0,Entertainment,Night,
1602,Instagram,Reel,2022-10-11,17027,16283,3446,46,409,2935,767,64,Organic,0,Motivation,Day,
1603,YouTube,Image,2023-11-08,17610,13513,264,3,194,1957,261,83,Paid,4933,Entertainment,Day,
1604,Instagram,Story,2022-12-28,14763,12136,1069,222,484,3512,204,41,Organic,0,Entertainment,Day,
1605,Instagram,Image,2024-08-11,10853,8389,259,140,373,345,83,26,Organic,0,Awareness,Day,
1606,Facebook,Video,2021-12-30,11592,7326,1048,265,79,576,63,152,Organic,0,Awareness,Night,
1607,Facebook,Reel,2021-05-06,5594,5280,2400,190,316,1561,19,100,Organic,0,Awareness,Day,
1608,Facebook,Reel,2021-12-24,14594,10046,2975,186,450,1717,176,72,Organic,0,Awareness,Night,
1609,YouTube,Story,2023-10-16,4584,4360,3306,191,465,332,3,21,Organic,0,Entertainment,Day,
1610,YouTube,Story,2025-05-24,9689,8360,466,240,17,1315,14,16,Organic,0,Awareness,Day,
1611,Facebook,Reel,2023-02-12,5729,5106,1295,51,7,95,17,154,Organic,0,Education,Night,
1612,YouTube,Image,2021-05-16,12425,9279,7609,212,438,377,53,149,Organic,0,Promotion,Day,
1613,Facebook,Video,2025-07-16,18587,14759,5102,243,240,1101,308,142,Paid,3484,Awareness,Night,
1614,Instagram,Video,2024-01-11,9416,6174,3914,252,383,661,168,122,Organic,0,Motivation,Night,
1615,YouTube,Reel,2023-11-21,19718,13437,3695,42,380,515,56,26,Paid,4086,Promotion,Day,
1616,Facebook,Video,2025-12-22,4106,3931,1023,115,128,827,72,124,Organic,0,Education,Day,
1617,Instagram,Story,2024-12-26,7049,6929,6225,67,167,1233,168,54,Organic,0,Promotion,Day,
1618,Facebook,Video,2024-04-01,14828,11966,6308,24,406,2708,148,18,Organic,0,Promotion,Night,
1619,YouTube,Reel,2024-07-23,7484,5236,1326,203,165,29,2,179,Organic,0,Education,Day,
1620,Facebook,Image,2022-01-20,1383,1321,925,109,232,247,44,33,Paid,3592,Awareness,Day,
1621,Instagram,Story,2025-03-06,9611,8001,2762,95,130,1801,120,168,Paid,2470,Education,Day,
1622,Facebook,Video,2023-07-24,12173,11295,10944,175,390,3162,562,129,Organic,0,Motivation,Night,
1623,Facebook,Video,2023-05-24,18008,12957,8901,64,48,258,46,11,Organic,0,Education,Day,
1624,Facebook,Story,2024-02-02,8442,6938,1034,177,157,455,30,33,Organic,0,Entertainment,Day,
1625,Facebook,Reel,2025-11-11,15829,13070,6513,261,99,2266,84,143,Organic,0,Entertainment,Night,
1626,Facebook,Story,2025-02-11,5643,4293,1243,288,440,34,3,37,Organic,0,Promotion,Day,
1627,Instagram,Reel,2023-12-28,18385,15332,11365,271,85,384,102,138,Organic,0,Awareness,Day,
1628,Facebook,Reel,2021-12-06,13270,9262,2491,276,482,410,87,115,Paid,564,Awareness,Night,
1629,Instagram,Image,2023-04-01,14894,10592,8548,215,457,1140,25,83,Organic,0,Entertainment,Night,
1630,Instagram,Video,2025-01-17,16615,13802,1226,128,362,2637,139,164,Paid,4814,Motivation,Day,
1631,Facebook,Video,2025-02-11,19211,16999,1940,210,71,2552,213,62,Paid,3399,Education,Day,
1632,YouTube,Image,2025-07-11,5711,5395,1306,214,200,328,97,30,Paid,1826,Education,Day,
1633,Instagram,Reel,2022-04-09,7336,5419,3288,63,371,717,18,178,Organic,0,Education,Day,
1634,Instagram,Story,2024-10-08,5975,4428,88,60,266,908,72,33,Organic,0,Motivation,Night,
1635,Facebook,Image,2024-07-11,11196,11011,3804,224,152,420,98,8,Organic,0,Motivation,Day,
1636,Facebook,Story,2021-05-25,5091,4162,2229,20,195,930,78,103,Organic,0,Education,Night,
1637,Facebook,Reel,2023-05-23,9370,6084,5814,249,388,1283,238,145,Organic,0,Education,Day,
1638,Facebook,Story,2021-07-01,10538,8162,1976,253,428,2141,105,43,Paid,3752,Motivation,Night,
1639,Instagram,Story,2025-11-07,15171,12556,4123,260,168,232,13,19,Paid,1121,Education,Day,
1640,YouTube,Video,2021-06-20,14750,14313,11683,248,124,2058,365,123,Paid,3946,Motivation,Night,
1641,Instagram,Video,2024-09-25,17219,12144,11608,249,287,2421,444,33,Paid,3858,Promotion,Day,
1642,Facebook,Video,2021-03-28,19534,14798,9672,50,294,4251,783,161,Organic,0,Entertainment,Night,
1643,Facebook,Image,2023-01-09,4110,2706,1612,20,177,782,61,79,Organic,0,Entertainment,Day,
1644,Instagram,Image,2021-03-18,15425,13029,10962,13,110,2348,535,120,Organic,0,Motivation,Day,
1645,YouTube,Story,2022-11-05,19577,13226,6752,14,373,98,20,36,Organic,0,Education,Night,
1646,Instagram,Story,2024-10-30,15962,11653,4074,141,228,1468,419,134,Paid,1674,Entertainment,Day,
1647,YouTube,Reel,2025-04-24,2566,2203,1318,205,385,469,67,179,Organic,0,Awareness,Day,
1648,Instagram,Reel,2022-11-15,12420,8861,5186,156,51,2047,91,88,Organic,0,Education,Night,
1649,Instagram,Reel,2024-06-27,3963,3686,3098,195,103,831,80,26,Organic,0,Motivation,Night,
1650,Instagram,Story,2022-11-22,9673,9309,2608,86,165,1988,359,31,Organic,0,Awareness,Day,
1651,Facebook,Story,2022-09-28,1521,1026,364,203,316,97,18,85,Organic,0,Motivation,Day,
1652,Facebook,Image,2024-12-28,3488,2498,1078,74,366,95,2,130,Paid,602,Education,Day,
1653,Instagram,Video,2021-09-30,12146,11651,4815,291,497,1449,203,96,Organic,0,Promotion,Night,
1654,YouTube,Reel,2025-08-19,3693,2878,2244,79,341,230,56,25,Organic,0,Promotion,Day,
1655,Facebook,Reel,2025-09-03,9971,6089,2009,115,225,1012,114,51,Organic,0,Promotion,Night,
1656,YouTube,Image,2022-05-15,8076,5440,3595,212,284,25,4,105,Organic,0,Education,Day,
1657,Facebook,Image,2022-01-17,19062,16090,10276,294,454,1574,211,88,Organic,0,Education,Day,
1658,Instagram,Image,2023-01-16,13684,10352,6065,186,460,2894,815,10,Paid,4988,Awareness,Day,
1659,Facebook,Reel,2021-06-07,8690,6525,2635,126,407,1106,182,151,Organic,0,Education,Night,
1660,Facebook,Image,2025-05-26,18638,15924,8771,160,53,1054,49,135,Organic,0,Education,Day,
1661,Facebook,Reel,2024-12-08,8465,8028,3811,137,294,1426,367,5,Organic,0,Awareness,Day,
1662,Facebook,Image,2023-10-16,2743,2587,264,87,11,633,112,62,Organic,0,Awareness,Day,
1663,Instagram,Image,2021-04-28,19348,15281,14214,75,32,4579,1331,128,Organic,0,Motivation,Day,
1664,Facebook,Video,2022-06-01,12613,8102,5845,251,220,1130,291,170,Organic,0,Entertainment,Day,
1665,Facebook,Story,2022-09-27,5369,4844,2707,119,291,440,115,19,Organic,0,Entertainment,Day,
1666,Facebook,Story,2024-10-27,17644,13921,111,27,364,1181,276,166,Paid,952,Motivation,Night,
1667,YouTube,Image,2024-06-11,12742,12457,11966,82,375,490,18,167,Organic,0,Promotion,Day,
1668,YouTube,Video,2025-09-08,7377,5445,5319,253,373,1231,91,68,Organic,0,Education,Day,
1669,Facebook,Image,2023-04-07,4915,3628,3296,208,195,182,6,29,Organic,0,Awareness,Night,
1670,Instagram,Story,2021-07-16,16545,11061,2906,220,450,1406,93,28,Organic,0,Awareness,Day,
1671,Instagram,Reel,2022-06-18,9257,7600,1856,179,331,371,23,16,Paid,2169,Promotion,Night,
1672,Instagram,Video,2023-12-09,3672,2898,2482,31,285,462,24,22,Paid,4249,Awareness,Day,
1673,Facebook,Video,2021-01-04,2938,2526,19,167,196,97,5,19,Organic,0,Promotion,Day,
1674,YouTube,Reel,2021-05-23,11035,6847,5214,255,93,1535,439,31,Paid,3837,Motivation,Day,
1675,Facebook,Reel,2025-11-22,18537,12910,9825,191,293,1414,49,76,Paid,2622,Promotion,Day,
1676,YouTube,Reel,2025-12-07,6797,5883,3646,15,318,1446,433,64,Paid,4684,Entertainment,Day,
1677,YouTube,Story,2022-08-20,2270,1912,1398,92,302,123,19,178,Organic,0,Promotion,Day,
1678,Facebook,Reel,2022-01-31,17989,12164,10046,172,480,408,63,149,Organic,0,Motivation,Night,
1679,YouTube,Video,2023-07-07,15898,14932,5543,126,187,3185,802,97,Organic,0,Promotion,Day,
1680,Instagram,Video,2025-06-15,5632,4359,2935,30,469,1005,96,57,Paid,3868,Motivation,Day,
1681,Facebook,Video,2025-10-03,16742,16687,10503,269,288,4842,202,12,Organic,0,Entertainment,Day,
1682,Facebook,Reel,2023-03-19,19844,17658,9258,164,69,4357,1068,83,Organic,0,Education,Night,
1683,Instagram,Image,2024-07-06,15676,15659,7129,193,42,1622,149,31,Organic,0,Motivation,Day,
1684,Facebook,Image,2022-10-21,17071,10437,9988,199,156,2012,106,178,Organic,0,Education,Day,
1685,YouTube,Video,2024-12-02,17305,16824,6162,45,157,2352,700,54,Organic,0,Motivation,Night,
1686,Facebook,Video,2022-10-05,19719,16277,8753,14,24,1420,328,135,Paid,2993,Promotion,Night,
1687,YouTube,Image,2024-01-07,10926,9708,8329,268,434,771,90,97,Organic,0,Education,Day,
1688,YouTube,Reel,2024-12-02,6842,6188,808,234,486,759,174,176,Paid,1912,Motivation,Night,
1689,Facebook,Reel,2021-05-30,7085,5158,4057,105,292,1459,163,28,Organic,0,Motivation,Day,
1690,YouTube,Story,2024-11-12,1510,952,4,123,337,195,13,64,Organic,0,Education,Night,
1691,Instagram,Image,2022-04-13,11838,8552,733,79,72,1597,423,126,Organic,0,Motivation,Night,
1692,Facebook,Story,2024-10-25,9066,7985,1678,139,209,1057,216,135,Organic,0,Education,Night,
1693,YouTube,Image,2022-07-24,1335,1226,519,5,320,211,48,152,Organic,0,Entertainment,Night,
1694,Facebook,Reel,2024-09-19,13958,8716,1155,58,59,1839,131,50,Organic,0,Awareness,Day,
1695,Instagram,Reel,2024-01-05,6207,5725,2101,203,145,136,11,19,Organic,0,Entertainment,Day,
1696,YouTube,Video,2022-06-20,18572,13489,6470,103,486,1166,291,157,Paid,2073,Education,Day,
1697,Facebook,Video,2021-09-18,3834,3436,1920,245,55,1019,102,21,Organic,0,Promotion,Day,
1698,YouTube,Video,2022-01-13,4650,3258,990,223,315,38,6,130,Organic,0,Promotion,Day,
1699,Facebook,Video,2023-06-25,13153,11479,10860,257,392,3024,146,88,Organic,0,Awareness,Night,
1700,Facebook,Video,2021-03-31,7192,5176,1251,174,440,1484,162,13,Organic,0,Education,Day,
1701,Facebook,Video,2022-02-15,9218,6248,3205,194,78,717,118,170,Organic,0,Motivation,Day,
1702,Facebook,Reel,2022-01-12,10561,10477,5503,224,12,260,28,67,Organic,0,Entertainment,Day,
1703,Facebook,Reel,2022-08-13,15435,9829,2348,280,493,1006,270,121,Organic,0,Entertainment,Night,
1704,Facebook,Video,2023-04-20,11405,7307,5067,86,370,456,16,134,Organic,0,Awareness,Day,
1705,Facebook,Reel,2021-08-01,11540,9958,96,195,1,157,9,92,Organic,0,Awareness,Day,
1706,Facebook,Video,2025-04-24,19438,12140,3678,18,288,3332,396,76,Paid,2124,Awareness,Night,
1707,Instagram,Image,2025-08-15,18877,11931,4627,198,230,81,20,143,Organic,0,Awareness,Night,
1708,Facebook,Image,2022-12-08,8787,8069,3925,78,232,2009,256,68,Organic,0,Awareness,Night,
1709,Instagram,Reel,2021-10-23,18578,18350,12728,131,451,2950,229,76,Paid,1062,Awareness,Night,
1710,Instagram,Reel,2023-06-04,6253,5258,348,235,210,1515,10,25,Organic,0,Motivation,Day,
1711,Facebook,Story,2021-09-14,18743,18221,6819,207,215,1859,411,22,Organic,0,Motivation,Night,
1712,Instagram,Image,2023-06-29,14688,12585,5956,172,166,3004,463,68,Organic,0,Entertainment,Day,
1713,YouTube,Reel,2022-05-19,14070,9532,9312,99,485,2170,210,86,Organic,0,Entertainment,Day,
1714,Facebook,Story,2023-02-07,12908,11539,3498,201,72,2245,418,114,Organic,0,Awareness,Day,
1715,Facebook,Image,2022-09-08,16408,10734,833,102,111,2223,463,99,Organic,0,Entertainment,Day,
1716,Facebook,Image,2023-02-27,12065,11758,2954,226,12,641,168,170,Paid,1842,Awareness,Day,
1717,Instagram,Reel,2021-12-19,7765,6239,5253,205,294,1162,341,36,Paid,1220,Motivation,Day,
1718,YouTube,Reel,2023-08-18,7481,5105,3986,161,312,842,81,15,Organic,0,Promotion,Day,
1719,YouTube,Video,2021-07-18,18386,17054,703,4,471,289,86,49,Organic,0,Motivation,Day,
1720,YouTube,Reel,2023-01-01,2728,2314,872,157,430,92,10,37,Organic,0,Education,Night,
1721,Instagram,Image,2024-04-09,3163,2640,1386,89,148,638,80,106,Organic,0,Motivation,Day,
1722,Instagram,Video,2021-12-01,10936,7392,4360,209,81,654,38,173,Organic,0,Education,Night,
1723,YouTube,Video,2024-11-14,19404,16166,10876,75,465,3846,575,140,Organic,0,Entertainment,Day,
1724,Instagram,Image,2025-12-08,15578,10141,6215,244,87,161,8,15,Organic,0,Motivation,Night,
1725,Instagram,Reel,2023-01-13,1653,1591,916,10,496,352,104,92,Organic,0,Promotion,Night,
1726,Instagram,Video,2025-12-19,17114,15771,14524,189,35,4643,704,45,Paid,3399,Motivation,Night,
1727,Instagram,Reel,2024-10-19,6807,4636,909,100,492,1278,153,149,Organic,0,Motivation,Day,
1728,Instagram,Video,2024-05-19,11508,9298,6844,86,186,340,45,80,Paid,4137,Motivation,Day,
1729,YouTube,Image,2023-12-02,9280,6354,2609,85,26,1051,143,125,Paid,1879,Awareness,Day,
1730,Instagram,Story,2023-07-09,8825,8164,331,139,383,1255,134,50,Organic,0,Motivation,Day,
1731,YouTube,Reel,2024-02-04,16010,15007,14287,5,376,657,85,164,Paid,767,Motivation,Day,
1732,Instagram,Image,2022-02-13,19797,12035,6363,18,355,1239,194,84,Organic,0,Promotion,Night,
1733,Facebook,Image,2023-01-22,9856,8767,6671,175,67,1536,171,58,Organic,0,Education,Day,
1734,Instagram,Story,2023-09-29,12345,9549,1364,230,470,2262,197,90,Organic,0,Education,Day,
1735,YouTube,Reel,2021-08-21,3778,3630,3302,54,124,652,130,96,Organic,0,Promotion,Day,
1736,Facebook,Reel,2021-11-12,3438,2424,357,38,4,382,8,152,Organic,0,Entertainment,Day,
1737,Facebook,Image,2021-11-16,1440,1213,677,54,313,316,9,165,Organic,0,Motivation,Night,
1738,Facebook,Video,2022-02-13,4996,3112,760,46,367,721,35,172,Organic,0,Entertainment,Night,
1739,YouTube,Video,2022-03-07,4001,2407,1584,164,320,443,59,164,Organic,0,Promotion,Day,
1740,Instagram,Reel,2024-12-21,18345,12585,7687,147,374,1949,202,101,Organic,0,Entertainment,Day,
1741,YouTube,Reel,2021-01-13,3007,2710,809,134,73,189,32,6,Organic,0,Education,Night,
1742,Facebook,Video,2021-09-11,18760,15969,3083,95,434,1551,358,37,Organic,0,Awareness,Day,
1743,Facebook,Story,2024-07-25,11531,8783,6754,259,327,665,101,162,Organic,0,Entertainment,Night,
1744,Instagram,Reel,2025-08-16,10352,7998,4346,3,335,1747,256,165,Organic,0,Awareness,Night,
1745,YouTube,Video,2021-05-13,9246,6699,4046,176,462,1544,82,81,Organic,0,Entertainment,Day,
1746,Facebook,Image,2025-04-15,2979,2667,49,45,163,81,21,120,Paid,3301,Promotion,Day,
1747,Instagram,Story,2024-03-11,12844,12666,7385,183,380,2777,67,158,Organic,0,Awareness,Day,
1748,Instagram,Story,2025-04-13,16743,13079,8944,97,116,2046,307,154,Organic,0,Entertainment,Night,
1749,Instagram,Story,2023-08-11,6588,4126,3303,237,444,722,104,107,Organic,0,Promotion,Day,
1750,Instagram,Image,2025-02-20,16217,13434,401,71,403,625,36,170,Paid,430,Education,Day,
1751,Instagram,Video,2023-03-30,11378,9950,7116,88,77,2589,152,107,Organic,0,Motivation,Night,
1752,Instagram,Reel,2023-03-13,7026,5103,2219,172,101,194,1,94,Organic,0,Promotion,Night,
1753,Facebook,Story,2022-09-14,1710,1535,466,97,249,200,10,178,Organic,0,Promotion,Day,
1754,Facebook,Video,2023-09-26,17355,13958,5789,54,34,3564,327,126,Organic,0,Education,Day,
1755,YouTube,Image,2021-10-17,11593,10860,3545,213,251,2489,296,147,Organic,0,Awareness,Day,
1756,Facebook,Story,2022-11-25,1424,1169,878,62,306,323,20,110,Organic,0,Entertainment,Day,
1757,Facebook,Reel,2023-02-04,5241,4298,3027,289,496,698,185,123,Paid,4828,Awareness,Day,
1758,Instagram,Reel,2023-01-28,16516,10426,3431,167,352,72,14,176,Organic,0,Promotion,Night,
1759,Instagram,Story,2025-05-31,8649,6469,4728,169,357,1298,243,53,Organic,0,Entertainment,Day,
1760,YouTube,Reel,2024-03-18,7369,4941,2040,250,288,659,161,108,Paid,3138,Motivation,Day,
1761,YouTube,Image,2025-12-09,16392,9993,2430,164,41,1283,261,65,Organic,0,Motivation,Day,
1762,Instagram,Image,2021-05-18,18341,15025,12737,98,405,3790,544,127,Paid,2704,Entertainment,Day,
1763,YouTube,Image,2025-10-03,10050,8945,4040,114,324,586,93,138,Organic,0,Promotion,Night,
1764,Instagram,Reel,2024-06-25,1100,827,802,139,489,91,26,13,Paid,4179,Education,Night,
1765,Facebook,Reel,2025-12-14,11486,10861,10581,96,490,1286,309,10,Organic,0,Awareness,Night,
1766,Facebook,Story,2023-12-09,4944,3571,1016,192,216,124,12,77,Paid,4680,Awareness,Night,
1767,Instagram,Video,2021-10-23,1357,1119,59,215,40,133,13,107,Paid,911,Education,Night,
1768,Instagram,Image,2021-10-30,13079,11655,9097,80,304,3177,931,164,Organic,0,Education,Day,
1769,Instagram,Story,2022-07-15,15553,15544,3240,232,145,2573,110,45,Organic,0,Motivation,Day,
1770,YouTube,Video,2021-02-04,6337,6204,2674,282,244,263,41,118,Organic,0,Education,Night,
1771,Facebook,Video,2023-02-08,13085,9012,7114,165,202,1291,368,12,Paid,3386,Entertainment,Day,
1772,Instagram,Story,2024-08-11,6832,5436,4633,291,20,1255,17,76,Organic,0,Motivation,Day,
1773,YouTube,Image,2025-01-01,17767,11117,1046,34,71,2960,734,96,Organic,0,Promotion,Day,
1774,YouTube,Video,2025-01-01,5966,3997,3091,184,497,1070,83,66,Organic,0,Motivation,Day,
1775,YouTube,Image,2022-12-05,12700,10390,6562,279,31,332,52,88,Organic,0,Motivation,Day,
1776,Facebook,Video,2021-11-14,18192,14325,13342,106,229,3243,711,66,Organic,0,Awareness,Night,
1777,YouTube,Video,2022-05-06,6212,4199,429,115,245,534,58,115,Paid,4833,Education,Day,
1778,YouTube,Story,2021-11-09,2389,1476,661,198,387,112,14,131,Organic,0,Entertainment,Night,
1779,YouTube,Image,2023-10-06,13969,8538,1113,20,102,2089,296,11,Paid,2097,Education,Day,
1780,Instagram,Video,2021-01-15,2179,1520,1191,188,260,117,31,88,Organic,0,Awareness,Day,
1781,YouTube,Story,2024-01-04,6379,5453,2176,284,191,435,38,136,Organic,0,Education,Day,
1782,Facebook,Story,2025-03-25,17740,13825,5480,100,167,1309,103,138,Organic,0,Entertainment,Day,
1783,YouTube,Image,2023-07-14,9530,7326,4942,262,394,488,73,62,Organic,0,Education,Night,
1784,Instagram,Video,2021-03-27,14293,10251,3368,102,388,757,28,26,Paid,4292,Awareness,Day,
1785,YouTube,Story,2024-10-12,19684,17836,11827,237,27,2446,706,158,Paid,2101,Entertainment,Day,
1786,YouTube,Story,2023-11-13,8530,7439,101,110,424,1033,111,2834,Organic,0,Education,Day,
1787,Instagram,Story,2025-01-14,6928,5523,3750,200,308,422,63,7,Organic,0,Awareness,Day,
1788,Instagram,Reel,2024-05-07,6415,5862,636,54,452,983,287,131,Organic,0,Awareness,Day,
1789,YouTube,Story,2025-10-22,1008,619,0,155,227,158,3,45,Paid,2887,Motivation,Day,
1790,Instagram,Reel,2021-04-20,13498,12751,10580,97,497,653,24,110,Paid,4296,Entertainment,Day,
1791,Facebook,Video,2023-05-06,14866,11973,4873,17,460,311,35,18,Paid,3956,Entertainment,Night,
1792,YouTube,Video,2023-07-25,4934,3578,2607,15,450,290,33,16,Organic,0,Education,Night,
1793,Facebook,Reel,2021-06-26,16614,11398,7458,296,355,58,3,91,Organic,0,Motivation,Day,
1794,Facebook,Image,2024-12-10,19266,13796,1036,78,110,2212,23,16,Organic,0,Entertainment,Day,
1795,YouTube,Image,2021-03-03,3135,2695,1771,238,211,694,96,145,Organic,0,Awareness,Night,
1796,YouTube,Story,2024-09-06,6735,4095,2306,245,103,1181,22,29,Organic,0,Entertainment,Night,
1797,YouTube,Reel,2025-11-21,9758,5953,5649,229,414,1374,139,49,Organic,0,Motivation,Day,
1798,Instagram,Image,2024-02-28,1063,969,810,118,366,22,6,126,Organic,0,Promotion,Day,
1799,Instagram,Image,2024-05-09,2549,1822,1680,241,278,372,11,151,Paid,2786,Awareness,Day,
1800,Facebook,Reel,2025-01-27,6370,5350,2627,177,208,1348,190,59,Paid,2968,Entertainment,Day,
1801,Instagram,Story,2023-08-16,6700,6396,1209,253,345,822,95,104,Organic,0,Awareness,Day,
1802,Facebook,Story,2021-06-27,18769,14601,14496,70,170,2951,442,177,Organic,0,Education,Day,
1803,Facebook,Reel,2025-10-31,12752,11473,700,175,259,1846,552,140,Organic,0,Awareness,Night,
1804,Facebook,Reel,2025-08-31,5753,4850,4699,71,500,1106,323,123,Paid,1819,Entertainment,Day,
1805,Instagram,Video,2025-08-14,7744,7485,4107,278,21,1623,41,57,Paid,475,Education,Day,
1806,Facebook,Reel,2022-06-06,18025,11665,3715,171,250,2357,4,36,Paid,4303,Education,Night,
1807,Facebook,Image,2023-03-20,4831,3564,897,295,179,764,140,55,Paid,4063,Education,Night,
1808,Facebook,Image,2024-08-04,14369,14255,2551,96,366,871,115,48,Organic,0,Promotion,Day,
1809,YouTube,Video,2023-10-12,1019,1017,711,156,123,258,13,86,Organic,0,Promotion,Day,
1810,YouTube,Video,2025-07-27,14307,11065,265,15,151,857,49,150,Organic,0,Education,Day,
1811,Facebook,Video,2025-05-09,4967,3404,274,129,231,190,52,154,Organic,0,Entertainment,Day,
1812,YouTube,Story,2023-04-06,4897,3802,1405,198,191,732,169,41,Paid,4178,Education,Day,
1813,Facebook,Video,2024-07-24,7830,5942,5563,251,500,877,244,100,Organic,0,Education,Day,
1814,Instagram,Image,2021-03-05,2032,1730,1633,196,385,327,44,60,Organic,0,Awareness,Day,
1815,Facebook,Story,2024-11-11,18662,17503,16066,13,194,802,108,109,Organic,0,Awareness,Night,
1816,Facebook,Video,2022-06-01,2267,1859,169,125,370,88,15,63,Paid,2281,Awareness,Day,
1817,YouTube,Image,2022-11-22,4080,3379,140,165,158,388,95,135,Organic,0,Motivation,Day,
1818,Instagram,Video,2024-06-10,19108,17830,337,65,303,3696,443,160,Organic,0,Awareness,Day,
1819,YouTube,Image,2023-10-26,1925,1673,562,289,198,227,8,39,Organic,0,Awareness,Night,
1820,YouTube,Image,2024-04-14,18552,16486,5698,231,150,399,32,97,Organic,0,Entertainment,Night,
1821,Instagram,Video,2022-11-10,6332,3962,2813,79,495,594,153,101,Organic,0,Promotion,Night,
1822,YouTube,Image,2022-05-26,3517,2517,723,192,22,493,124,139,Paid,2855,Promotion,Night,
1823,Facebook,Image,2025-11-08,10905,8039,1873,227,413,915,174,80,Organic,0,Promotion,Day,
1824,Facebook,Video,2021-09-28,4804,3089,1794,254,187,168,8,53,Paid,4591,Motivation,Day,
1825,Facebook,Video,2024-07-24,15089,9221,6858,242,17,2151,377,98,Organic,0,Education,Day,
1826,YouTube,Video,2021-05-18,10139,7870,2152,183,243,2282,432,163,Organic,0,Awareness,Day,
1827,YouTube,Video,2025-11-29,14150,12644,395,82,44,3765,498,28,Paid,799,Entertainment,Day,
1828,Facebook,Story,2023-07-03,19691,13344,9131,134,244,2722,201,152,Organic,0,Motivation,Day,
1829,Facebook,Video,2021-08-26,3189,2292,951,103,75,596,105,41,Organic,0,Promotion,Day,
1830,YouTube,Video,2023-02-01,10841,7595,923,268,340,1600,5,8,Paid,2458,Motivation,Day,
1831,YouTube,Story,2022-09-14,9712,8225,3992,245,410,2173,9,112,Organic,0,Entertainment,Night,
1832,Instagram,Reel,2023-09-07,7997,5570,811,88,198,1359,243,130,Paid,2942,Motivation,Day,
1833,Facebook,Reel,2021-10-27,19121,16660,4764,34,244,4435,145,24,Organic,0,Promotion,Day,
1834,Facebook,Image,2022-05-21,17822,11287,10250,185,480,2318,168,156,Organic,0,Education,Day,
1835,Instagram,Video,2025-03-21,8384,6105,2625,202,14,832,15,54,Organic,0,Promotion,Night,
1836,Facebook,Reel,2023-07-11,7311,7137,6132,65,245,1530,200,100,Paid,1402,Promotion,Night,
1837,Facebook,Story,2024-05-11,17696,13947,8145,38,221,1288,123,109,Organic,0,Promotion,Day,
1838,Facebook,Reel,2021-06-23,2012,1634,1582,20,189,33,8,168,Paid,1812,Motivation,Day,
1839,Instagram,Story,2024-08-24,10089,7663,6851,274,309,1150,237,121,Paid,3766,Entertainment,Night,
1840,Instagram,Reel,2023-09-26,11718,9554,7689,172,46,1924,523,102,Organic,0,Promotion,Day,
1841,Facebook,Video,2024-06-16,17045,13032,4122,137,478,2182,529,70,Organic,0,Motivation,Night,
1842,YouTube,Story,2023-11-18,9888,9514,5311,122,289,1183,304,83,Organic,0,Entertainment,Day,
1843,Instagram,Image,2025-08-19,7267,5787,2281,135,306,627,49,166,Organic,0,Education,Day,
1844,YouTube,Story,2024-06-09,14888,14418,3112,185,364,1542,393,168,Organic,0,Promotion,Night,
1845,Instagram,Reel,2025-06-23,18785,15800,1920,149,326,2630,209,10,Organic,0,Awareness,Day,
1846,Instagram,Reel,2025-08-28,9094,6298,5304,254,191,1224,324,43,Paid,388,Motivation,Day,
1847,Instagram,Story,2024-03-09,9048,7032,1198,130,310,1983,277,174,Paid,4878,Education,Day,
1848,Facebook,Image,2025-07-24,3360,2533,13,34,96,127,24,119,Paid,799,Education,Night,
1849,Facebook,Image,2023-11-13,9349,7636,1631,136,26,1862,283,129,Paid,4217,Education,Day,
1850,Instagram,Image,2023-09-03,15015,14154,5130,61,71,4010,221,16,Organic,0,Motivation,Day,
1851,YouTube,Video,2025-06-30,6934,4663,575,142,55,740,194,135,Organic,0,Entertainment,Day,
1852,YouTube,Image,2025-05-25,18972,15767,3356,20,456,2198,130,22,Paid,2589,Awareness,Night,
1853,Facebook,Story,2022-11-23,19565,12229,4656,220,123,40,1,44,Organic,0,Entertainment,Day,
1854,Instagram,Story,2024-03-14,8552,6033,1936,77,11,1266,309,25,Paid,1825,Promotion,Day,
1855,Instagram,Reel,2021-12-18,19143,16270,8875,8,488,2594,225,147,Organic,0,Awareness,Day,
1856,Instagram,Video,2022-07-07,6255,4126,783,126,432,1169,314,103,Organic,0,Entertainment,Night,
1857,YouTube,Reel,2024-06-02,14316,10399,3610,143,54,991,235,30,Paid,2224,Promotion,Night,
1858,Facebook,Image,2023-06-11,1103,783,456,109,118,171,19,12,Paid,4529,Awareness,Day,
1859,Instagram,Reel,2023-06-29,4288,2739,1574,194,11,418,91,104,Organic,0,Motivation,Night,
1860,Facebook,Image,2025-12-11,18736,17508,14308,268,175,2225,210,91,Paid,2027,Promotion,Day,
1861,Instagram,Image,2024-06-14,11553,7100,4968,105,190,2044,519,46,Organic,0,Entertainment,Day,
1862,Instagram,Reel,2025-06-02,5735,3757,892,160,180,773,43,176,Organic,0,Awareness,Night,
1863,Instagram,Image,2022-04-18,14274,10809,397,288,124,1018,148,18,Paid,2565,Promotion,Day,
1864,Instagram,Story,2021-02-14,3119,2797,1472,195,10,730,204,82,Organic,0,Promotion,Night,
1865,Instagram,Story,2021-07-03,17087,13826,5705,117,137,3648,868,6,Organic,0,Motivation,Night,
1866,YouTube,Reel,2021-12-12,13012,9935,594,195,186,1960,161,123,Organic,0,Promotion,Day,
1867,YouTube,Video,2021-11-22,2572,2011,512,40,268,92,22,41,Organic,0,Awareness,Day,
1868,Instagram,Story,2021-10-18,9360,8408.385817,7135,95,117,610,75,73,Organic,0,Education,Night,
1869,YouTube,Video,2021-05-17,14417,11202,10173,26,293,682,133,170,Organic,0,Awareness,Day,
1870,YouTube,Reel,2023-05-17,6765,5239,140,100,308,1122,240,45,Organic,0,Awareness,Day,
1871,YouTube,Video,2025-08-01,3524,2251,1894,283,389,103,8,66,Paid,2696,Motivation,Day,
1872,YouTube,Video,2022-01-18,13089,9318,5332,87,392,625,136,64,Organic,0,Motivation,Day,
1873,YouTube,Image,2023-10-31,9923,8055,1105,85,24,84,16,129,Paid,4939,Promotion,Night,
1874,Facebook,Story,2025-10-31,16370,11099,9402,142,236,541,61,115,Organic,0,Motivation,Day,
1875,Facebook,Reel,2021-08-14,9054,7295,1327,21,34,717,181,18,Organic,0,Promotion,Night,
1876,Facebook,Image,2023-08-02,13367,9133,6471,281,277,2,0,88,Organic,0,Education,Night,
1877,Facebook,Image,2022-12-26,14234,12841,12314,128,268,1911,532,134,Organic,0,Entertainment,Day,
1878,YouTube,Reel,2021-09-16,14358,9981,1202,188,431,2060,511,74,Organic,0,Motivation,Day,
1879,Instagram,Story,2023-02-09,10779,7413,195,161,249,1689,195,149,Organic,0,Motivation,Night,
1880,Facebook,Reel,2025-05-07,7511,4571,3685,71,332,441,111,127,Organic,0,Education,Night,
1881,YouTube,Image,2021-02-03,10895,9783,4143,249,204,1001,72,93,Organic,0,Motivation,Day,
1882,YouTube,Image,2025-12-13,16281,15607,2136,212,491,3810,760,32,Organic,0,Education,Day,
1883,Instagram,Story,2021-07-27,2682,2111,217,179,238,149,40,70,Organic,0,Promotion,Day,
1884,Facebook,Story,2021-06-09,13666,13551,5812,262,282,3572,887,167,Organic,0,Motivation,Day,
1885,Instagram,Reel,2022-12-23,16633,10310,5084,259,84,1963,69,9,Paid,2997,Motivation,Day,
1886,Instagram,Video,2024-02-25,1362,920,25,260,111,74,22,172,Organic,0,Promotion,Night,
1887,Instagram,Image,2023-04-07,18075,13886,5684,167,145,197,28,168,Organic,0,Motivation,Day,
1888,Instagram,Image,2021-09-10,13057,8251,7100,263,18,2117,599,49,Organic,0,Awareness,Night,
1889,YouTube,Image,2021-05-18,18956,17342,10818,225,374,4639,1036,155,Paid,4304,Education,Night,
1890,Facebook,Image,2021-07-10,9752,6440,2259,201,112,291,25,51,Organic,0,Entertainment,Day,
1891,YouTube,Image,2021-09-30,2372,1468,1165,99,213,155,0,35,Paid,4077,Awareness,Day,
1892,YouTube,Video,2022-06-07,5969,5329,542,83,439,1120,290,143,Organic,0,Entertainment,Night,
1893,YouTube,Reel,2025-05-31,2227,1607,959,84,473,372,61,14,Paid,3217,Awareness,Night,
1894,Instagram,Story,2023-07-31,17170,11237,7682,132,295,327,85,122,Paid,889,Awareness,Night,
1895,Instagram,Reel,2024-09-23,19303,16069,10940,266,349,2708,646,18,Paid,3338,Awareness,Day,
1896,YouTube,Image,2022-04-09,10141,9386,7919,139,168,2432,251,84,Organic,0,Education,Day,
1897,Facebook,Story,2021-04-16,17673,13065,4221,54,421,2043,414,97,Organic,0,Entertainment,Night,
1898,YouTube,Image,2025-12-09,5848,5781,1255,50,357,457,56,14,Organic,0,Promotion,Day,
1899,Instagram,Image,2025-03-01,18767,15403,9282,169,153,2973,422,80,Organic,0,Promotion,Night,
1900,Facebook,Video,2023-09-13,3658,2690,1285,29,223,166,39,98,Paid,1523,Motivation,Day,
1901,YouTube,Story,2023-08-28,14301,12120,6068,60,157,630,106,109,Organic,0,Education,Night,
1902,YouTube,Image,2024-04-20,8722,7225,3523,120,146,2014,405,5,Organic,0,Education,Day,
1903,Facebook,Story,2021-11-23,8970,7882,4861,192,436,675,86,137,Organic,0,Education,Night,
1904,Facebook,Video,2025-06-19,3715,2435,614,276,219,84,2,24,Organic,0,Awareness,Day,
1905,Facebook,Reel,2024-11-29,17143,11041,841,1,241,3250,827,12,Organic,0,Education,Night,
1906,Instagram,Story,2025-09-24,6818,4223,716,20,84,273,37,175,Paid,2491,Promotion,Day,
1907,YouTube,Video,2024-04-08,11150,9394,3,98,404,409,4,5,Organic,0,Education,Day,
1908,Facebook,Story,2022-07-02,6568,5540,5041,269,36,1004,55,61,Organic,0,Awareness,Day,
1909,Instagram,Reel,2024-05-26,10320,7327,5271,263,49,266,59,68,Organic,0,Entertainment,Night,
1910,Instagram,Story,2021-03-07,17266,15327,10895,83,355,1833,290,122,Organic,0,Education,Day,
1911,Instagram,Image,2022-09-20,16488,13598,6848,120,406,1469,260,32,Organic,0,Entertainment,Day,
1912,YouTube,Reel,2023-08-03,11135,9356,602,40,30,862,123,125,Organic,0,Motivation,Day,
1913,YouTube,Video,2021-09-16,4857,3216,1157,170,352,110,28,111,Paid,1507,Awareness,Day,
1914,YouTube,Story,2023-04-20,11484,8849,3436,242,335,1972,445,169,Paid,2285,Education,Day,
1915,Instagram,Video,2022-01-28,2108,1636,100,16,430,80,12,179,Paid,2019,Motivation,Day,
1916,Instagram,Image,2023-10-17,9263,7152,6420,165,230,764,208,169,Organic,0,Motivation,Night,
1917,Facebook,Reel,2025-03-20,5354,4551,60,84,488,864,161,53,Paid,491,Entertainment,Day,
1918,Instagram,Reel,2025-11-29,9211,7229,344,71,122,381,62,124,Paid,3886,Promotion,Night,
1919,Facebook,Reel,2022-02-19,17802,15628,6846,19,394,4057,569,48,Paid,4587,Promotion,Night,
1920,Instagram,Story,2024-06-13,1302,1150,5,53,247,175,51,60,Organic,0,Promotion,Night,
1921,Facebook,Story,2022-11-12,17419,12103,8697,200,455,864,75,160,Paid,777,Promotion,Night,
1922,Facebook,Video,2025-04-26,18325,15832,7453,280,148,1611,222,115,Paid,4109,Awareness,Day,
1923,Instagram,Video,2022-08-06,18655,17384,13347,32,242,3739,91,138,Paid,1423,Education,Night,
1924,Facebook,Reel,2022-10-08,14672,12600,7360,135,153,3744,472,1617,Organic,0,Education,Day,
1925,Instagram,Video,2023-03-20,2268,2196,2173,117,20,234,32,152,Paid,2852,Awareness,Day,
1926,Instagram,Video,2021-01-05,8267,6800,623,140,274,489,101,118,Paid,646,Entertainment,Night,
1927,Facebook,Story,2025-11-14,18909,14759,12597,26,254,133,32,82,Organic,0,Education,Night,
1928,YouTube,Image,2025-10-18,7993,6982,4593,168,90,1177,59,134,Organic,0,Motivation,Day,
1929,Instagram,Video,2024-11-04,18860,16690,10773,125,484,1640,7,41,Paid,3241,Education,Day,
1930,Facebook,Story,2025-03-15,16724,10203,2769,149,343,407,16,24,Organic,0,Awareness,Day,
1931,Facebook,Reel,2022-02-22,9424,7356,2960,49,391,662,109,30,Organic,0,Entertainment,Day,
1932,YouTube,Video,2024-08-01,10462,8812,2548,62,436,2221,561,33,Organic,0,Education,Night,
1933,YouTube,Image,2022-01-02,1109,787,345,62,256,16,2,5,Paid,3281,Awareness,Day,
1934,Facebook,Story,2023-09-13,18517,14921,12869,42,182,4184,250,123,Organic,0,Motivation,Day,
1935,YouTube,Story,2025-07-10,4015,3132,2970,9,466,180,24,39,Organic,0,Promotion,Day,
1936,YouTube,Reel,2022-12-02,3831,2427,1960,179,15,166,9,63,Organic,0,Motivation,Night,
1937,Facebook,Image,2021-08-01,12147,10476,3479,85,97,3099,442,73,Paid,303,Motivation,Night,
1938,Facebook,Reel,2021-05-18,16840,16440,16199,285,394,4803,1428,165,Organic,0,Entertainment,Night,
1939,YouTube,Video,2023-01-26,16002,12773,596,231,96,1319,328,16,Paid,941,Education,Day,
1940,Instagram,Story,2024-09-23,1121,964,425,3,496,181,1,24,Paid,3606,Promotion,Night,
1941,YouTube,Video,2025-09-23,11327,10592,9713,69,242,349,17,47,Organic,0,Awareness,Day,
1942,YouTube,Story,2024-07-03,17198,14852,4031,159,274,2791,122,130,Organic,0,Promotion,Night,
1943,Instagram,Reel,2021-04-23,14947,11371,4231,194,78,159,6,54,Organic,0,Education,Day,
1944,Facebook,Story,2021-06-02,10196,7509,615,255,157,1687,502,33,Organic,0,Entertainment,Day,
1945,Instagram,Reel,2022-08-07,10824,9827,1524,70,476,93,0,43,Organic,0,Education,Day,
1946,YouTube,Story,2021-08-21,18201,15859,12582,170,162,820,92,175,Paid,3176,Awareness,Day,
1947,YouTube,Reel,2024-04-07,5054,3406,201,141,159,590,54,155,Paid,2334,Promotion,Day,
1948,Facebook,Story,2025-07-21,19029,17600,9749,51,458,4434,163,176,Organic,0,Motivation,Night,
1949,Facebook,Story,2021-07-10,14226,8868,4408,26,70,1277,215,42,Organic,0,Education,Day,
1950,Instagram,Video,2021-08-07,3252,2144,1921,184,207,602,1,88,Organic,0,Entertainment,Day,
1951,Facebook,Reel,2024-04-25,18759,12130,1343,171,86,1082,81,155,Organic,0,Entertainment,Day,
1952,YouTube,Reel,2023-08-22,7066,6895,1387,260,122,425,4,132,Organic,0,Promotion,Day,
1953,Facebook,Reel,2024-03-27,14366,8662,8071,280,121,2142,279,130,Paid,611,Motivation,Night,
1954,Facebook,Story,2022-01-30,2945,2647,1410,69,207,216,49,49,Paid,2131,Awareness,Day,
1955,Facebook,Video,2022-05-26,14485,13428,11581,215,130,1178,137,56,Organic,0,Motivation,Night,
1956,YouTube,Story,2024-04-24,17307,10395,2100,295,94,469,103,84,Paid,446,Promotion,Day,
1957,YouTube,Reel,2024-12-27,4931,4332,2047,23,374,509,33,128,Organic,0,Motivation,Night,
1958,YouTube,Video,2022-07-21,3365,2827,2669,107,367,136,13,123,Paid,2371,Promotion,Day,
1959,Instagram,Reel,2021-08-08,4629,4476,3662,73,75,28,6,12,Organic,0,Motivation,Night,
1960,Instagram,Story,2023-04-22,5038,4801,3632,103,439,755,83,89,Organic,0,Education,Day,
1961,Facebook,Reel,2022-01-21,5781,4314,4013,250,485,797,90,133,Paid,2260,Entertainment,Night,
1962,Instagram,Image,2021-01-07,9975,7776,1299,31,400,200,16,12,Organic,0,Promotion,Day,
1963,Instagram,Video,2022-02-22,2952,2710,1176,72,145,536,74,161,Paid,1144,Promotion,Day,
1964,Facebook,Video,2023-08-28,10153,6816,4804,232,178,872,7,100,Organic,0,Entertainment,Day,
1965,Instagram,Image,2024-11-10,10935,8398,6399,138,82,1840,205,106,Organic,0,Awareness,Night,
1966,YouTube,Image,2021-02-05,16740,11850,6300,112,485,1794,136,9,Organic,0,Promotion,Day,
1967,Facebook,Story,2022-07-03,19079,15622,8552,130,353,1185,56,90,Organic,0,Education,Day,
1968,Instagram,Image,2025-06-26,4238,3098,83,32,290,882,264,179,Organic,0,Motivation,Night,
1969,YouTube,Reel,2022-06-01,4510,3200,2570,254,500,920,144,38,Organic,0,Education,Night,
1970,Facebook,Image,2022-11-02,18312,11014,9305,174,0,610,5,59,Organic,0,Promotion,Night,
1971,Instagram,Image,2025-02-09,16762,11641,4115,139,300,767,27,123,Organic,0,Awareness,Day,
1972,Facebook,Story,2025-09-21,7536,7096,787,194,241,1646,342,175,Paid,3567,Promotion,Day,
1973,Instagram,Story,2025-10-23,7431,5461,3861,123,272,665,11,162,Organic,0,Awareness,Day,
1974,YouTube,Video,2024-02-26,11925,11194,1690,289,458,932,220,118,Paid,533,Entertainment,Night,
1975,YouTube,Image,2021-03-31,5489,4240,3378,273,378,841,221,149,Organic,0,Motivation,Night,
1976,YouTube,Reel,2025-01-11,3379,2237,878,111,189,561,112,30,Organic,0,Education,Night,
1977,Instagram,Video,2024-04-18,4173,2577,1148,230,457,262,1,140,Organic,0,Awareness,Night,
1978,YouTube,Video,2024-06-06,7851,5092,2050,274,382,697,60,51,Organic,0,Education,Night,
1979,YouTube,Video,2024-01-14,8903,5521,4010,110,407,974,141,117,Organic,0,Entertainment,Night,
1980,Facebook,Reel,2023-10-29,14494,11405,9431,142,0,409,11,80,Organic,0,Promotion,Day,
1981,Instagram,Reel,2025-03-23,14995,14701,440,49,321,2858,365,76,Organic,0,Awareness,Night,
1982,YouTube,Reel,2022-01-30,19733,12013,3837,23,375,2733,281,93,Organic,0,Motivation,Night,
1983,Instagram,Image,2021-09-29,6878,4928,501,230,115,428,50,50,Paid,907,Awareness,Day,
1984,Facebook,Story,2023-01-21,5407,3372,2812,221,78,120,13,37,Organic,0,Promotion,Day,
1985,YouTube,Story,2021-01-16,3073,2168,143,272,89,485,96,5,Organic,0,Promotion,Day,
1986,YouTube,Video,2021-11-19,14774,9753,2518,212,55,347,97,151,Organic,0,Motivation,Night,
1987,Instagram,Story,2021-12-07,15241,11022,7422,80,424,2865,832,35,Paid,4642,Motivation,Night,
1988,Instagram,Reel,2023-07-09,18460,16486,14584,142,161,4647,441,146,Organic,0,Entertainment,Day,
1989,Instagram,Story,2022-02-06,9527,8199,6152,274,238,877,10,57,Organic,0,Education,Night,
1990,YouTube,Video,2021-04-21,3982,3579,2294,245,202,236,16,52,Organic,0,Awareness,Day,
1991,YouTube,Reel,2025-11-29,5430,3474,985,25,260,368,68,73,Organic,0,Entertainment,Night,
1992,Facebook,Video,2024-01-09,18814,18533,11112,268,275,607,61,109,Organic,0,Education,Night,
1993,YouTube,Reel,2024-01-30,4065,2970,180,218,251,267,42,94,Paid,2101,Entertainment,Night,
1994,YouTube,Image,2023-11-27,7727,5208,585,216,369,451,22,67,Organic,0,Motivation,Day,
1995,Instagram,Reel,2022-10-22,18915,12005,11163,141,433,3021,778,77,Organic,0,Motivation,Night,
1996,YouTube,Video,2025-05-17,12065,7484,7068,15,42,135,0,165,Organic,0,Promotion,Day,
1997,Facebook,Reel,2021-06-19,11567,8291,7877,50,224,2399,83,173,Organic,0,Awareness,Day,
1998,Facebook,Video,2025-06-01,18662,16501,4907,180,160,3043,58,93,Organic,0,Awareness,Day,
1999,Instagram,Story,2025-03-22,13420,8995,2609,43,279,2064,,17,Organic,0,Awareness,Night,
2000,Facebook,Video,2023-10-03,5847,5719,1233,89,422,976,147,77,Organic,0,Entertainment,Night,
2001,Instagram,Image,2022-10-06,10469,10388,661,259,222,2546,43,81,Organic,0,Entertainment,Day,
2002,YouTube,Story,2021-04-11,16312,10002,4024,193,176,180,38,163,Organic,0,Awareness,Night,
2003,Instagram,Reel,2023-11-23,12189,8039,3319,193,288,1480,370,72,Paid,4151,Promotion,Day,
2004,Instagram,Reel,2025-06-22,5028,3498,1317,189,338,845,38,102,Organic,0,Education,Day,
2005,Facebook,Image,2025-05-27,2605,2312,171,282,365,317,21,129,Organic,0,Entertainment,Day,
2006,YouTube,Reel,2023-04-13,2290,2014,840,285,235,481,13,106,Organic,0,Awareness,Day,
2007,YouTube,Video,2021-09-15,12635,7720,2193,24,475,2153,189,136,Organic,0,Motivation,Night,
2008,Facebook,Video,2025-09-06,5011,4778,4553,270,378,802,64,106,Organic,0,Entertainment,Night,
2009,Facebook,Reel,2022-06-14,1162,830,560,242,255,160,46,23,Organic,0,Education,Day,
2010,YouTube,Video,2025-01-10,9159,7607,3274,137,124,794,96,86,Paid,3396,Entertainment,Night,
2011,Facebook,Story,2024-06-21,6074,3912,2973,87,267,289,51,145,Paid,3531,Education,Day,
2012,YouTube,Video,2022-09-02,19724,17119,7953,214,387,2519,417,27,Organic,0,Education,Day,
2013,YouTube,Story,2022-03-15,5276,4673,2063,42,236,1082,220,87,Paid,2186,Entertainment,Day,
2014,Instagram,Reel,2024-07-17,2336,2242,1452,191,387,399,37,113,Paid,3744,Education,Night,
2015,YouTube,Story,2025-06-04,10522,6659,2784,278,349,382,51,79,Organic,0,Entertainment,Night,
2016,YouTube,Video,2025-02-02,7126,5478,3848,193,157,392,110,133,Paid,1654,Entertainment,Day,
2017,Facebook,Video,2024-03-25,14473,10975,3700,55,188,1190,262,92,Organic,0,Promotion,Day,
2018,Instagram,Story,2022-01-01,8911,7623,5943,68,238,2051,531,58,Organic,0,Motivation,Day,
2019,Facebook,Video,2024-11-07,3016,2505,1193,122,104,38,4,93,Organic,0,Education,Day,
2020,YouTube,Story,2022-12-29,8082,5704,4809,161,452,1566,421,147,Organic,0,Entertainment,Night,
2021,YouTube,Video,2025-07-09,5003,3809,387,232,269,454,36,69,Organic,0,Education,Day,
2022,Facebook,Reel,2021-04-09,16284,15678,3950,46,323,1013,278,80,Organic,0,Entertainment,Night,
2023,Facebook,Story,2023-04-10,7487,6509,1849,20,451,443,34,147,Paid,2020,Entertainment,Day,
2024,Facebook,Image,2025-03-17,14325,8879,5364,199,48,314,10,153,Paid,3002,Entertainment,Day,
2025,Facebook,Video,2024-02-06,16129,13778,174,94,106,3335,797,151,Paid,3995,Motivation,Day,
2026,Instagram,Video,2022-11-17,1870,1152,1125,65,428,300,13,64,Paid,2663,Education,Day,
2027,Instagram,Image,2022-11-15,18166,11006,4323,145,421,1001,193,97,Paid,3571,Motivation,Night,
2028,Facebook,Reel,2025-12-12,4922,4919,3209,188,312,850,1,165,Organic,0,Motivation,Day,
2029,Facebook,Video,2022-09-30,12330,8495,2018,269,327,237,9,53,Organic,0,Motivation,Day,
2030,YouTube,Image,2022-04-08,19842,14254,8681,244,175,891,149,39,Organic,0,Motivation,Night,
2031,YouTube,Reel,2022-02-03,1864,1718,441,258,75,142,26,176,Paid,2988,Promotion,Night,
2032,Instagram,Image,2022-11-18,3408,2535,314,47,130,462,70,106,Organic,0,Education,Night,
2033,Facebook,Image,2023-12-01,2195,2029,1926,21,424,301,16,15,Paid,3806,Education,Day,
2034,Instagram,Reel,2025-06-11,13020,12976,8067,202,219,87,24,103,Organic,0,Entertainment,Day,
2035,YouTube,Video,2024-11-21,15266,15251,12228,65,218,379,66,114,Organic,0,Education,Night,
2036,Facebook,Reel,2021-04-24,1588,995,369,199,203,98,27,78,Paid,420,Motivation,Night,
2037,Instagram,Video,2024-11-03,3896,2392,1312,108,51,395,19,1868,Organic,0,Awareness,Day,
2038,YouTube,Image,2022-12-30,6751,4945,4170,281,93,520,87,13,Organic,0,Education,Day,
2039,Instagram,Image,2024-07-06,15294,13862,12501,287,329,891,248,7,Organic,0,Awareness,Day,
2040,Facebook,Video,2022-08-18,5672,4266,948,123,155,1074,135,89,Organic,0,Promotion,Day,
2041,YouTube,Story,2023-07-06,19170,11542,4889,121,244,3251,540,30,Paid,1688,Entertainment,Day,
2042,YouTube,Reel,2023-04-15,19031,17452,7659,191,314,4330,279,76,Organic,0,Entertainment,Day,
2043,Facebook,Video,2023-07-14,5067,3149,2480,24,259,104,23,52,Organic,0,Entertainment,Day,
2044,Instagram,Story,2025-07-04,13066,12463,9405,93,478,2379,66,160,Organic,0,Promotion,Day,
2045,YouTube,Image,2025-07-12,1516,1372,1224,293,319,130,37,121,Paid,678,Motivation,Day,
2046,Facebook,Story,2025-05-18,14786,13986,13603,282,328,3079,890,158,Organic,0,Awareness,Day,
2047,Facebook,Story,2021-10-25,15948,10302,9490,196,326,2138,302,157,Organic,0,Education,Day,
2048,YouTube,Story,2024-03-03,19637,13815,348,256,454,1203,169,16,Paid,4877,Motivation,Night,
2049,YouTube,Reel,2021-08-10,11144,8278,4823,72,397,717,48,137,Organic,0,Entertainment,Day,
2050,Instagram,Video,2021-04-23,15086,12362,9140,242,79,2309,573,52,Paid,1227,Entertainment,Night,
2051,Instagram,Video,2025-04-14,14041,13668,10517,226,89,964,234,41,Organic,0,Motivation,Night,
2052,Facebook,Reel,2023-12-01,8074,6111,2668,185,332,1150,116,48,Organic,0,Awareness,Day,
2053,YouTube,Story,2024-02-24,8994,7526,6783,1,459,567,168,19,Organic,0,Motivation,Day,
2054,Facebook,Image,2021-10-19,12294,10714,5592,15,281,2718,120,47,Paid,3051,Promotion,Day,
2055,Facebook,Reel,2024-01-21,5824,5157,3556,136,47,1209,183,91,Paid,1578,Entertainment,Night,
2056,Facebook,Video,2023-04-14,19042,14557,13585,110,7,3099,352,74,Organic,0,Awareness,Day,
2057,Facebook,Reel,2024-10-08,19408,15591,12558,97,413,3489,201,50,Organic,0,Education,Day,
2058,YouTube,Story,2025-03-17,18318,13559,3146,136,204,2340,344,112,Paid,265,Entertainment,Night,
2059,Facebook,Story,2025-10-07,18742,12465,10257,20,437,985,159,127,Organic,0,Motivation,Night,
2060,YouTube,Image,2021-01-03,1965,1347,1229,200,464,244,28,175,Paid,4694,Awareness,Day,
2061,Instagram,Reel,2025-09-04,13756,8765,1229,41,342,225,14,25,Organic,0,Entertainment,Night,
2062,YouTube,Image,2021-04-09,7335,6907,4323,28,313,1371,13,155,Paid,4642,Education,Day,
2063,YouTube,Story,2024-05-27,10150,6418,445,232,208,600,161,111,Organic,0,Education,Night,
2064,Facebook,Image,2025-11-21,6806,6661,5259,210,321,1068,100,84,Organic,0,Motivation,Day,
2065,Instagram,Story,2024-07-29,5707,3630,68,253,225,754,56,51,Organic,0,Promotion,Night,
2066,YouTube,Image,2021-11-29,15506,14208,2289,206,390,2306,400,121,Paid,2103,Motivation,Day,
2067,Instagram,Video,2021-10-08,14488,14192,9100,47,381,1065,305,128,Organic,0,Awareness,Day,
2068,YouTube,Video,2021-04-08,17124,16213,12601,134,11,3884,787,147,Organic,0,Motivation,Day,
2069,YouTube,Reel,2022-06-23,14018,12702,3251,103,232,2763,546,29,Organic,0,Awareness,Night,
2070,Facebook,Reel,2023-01-03,8605,5528,1659,176,468,271,40,40,Organic,0,Promotion,Day,
2071,Instagram,Video,2021-06-12,14150,9380,3357,84,347,1913,557,55,Paid,2362,Motivation,Day,
2072,Instagram,Video,2021-01-01,4331,2758,896,216,121,617,41,19,Paid,1185,Education,Day,
2073,Instagram,Story,2023-08-16,17819,16176,6160,62,97,2603,135,72,Organic,0,Awareness,Day,
2074,Instagram,Story,2024-01-22,8151,6722,2167,25,371,152,42,25,Paid,2820,Awareness,Night,
2075,Instagram,Story,2021-10-16,6527,6286,4180,22,498,661,12,145,Paid,1164,Education,Night,
2076,YouTube,Image,2021-04-19,4097,3341,839,128,425,282,36,23,Paid,2747,Motivation,Night,
2077,YouTube,Image,2021-08-10,4329,3412,3034,255,341,963,273,38,Organic,0,Promotion,Night,
2078,YouTube,Video,2021-01-29,17822,12088,8053,274,423,764,19,82,Paid,3373,Entertainment,Day,
2079,Facebook,Image,2022-06-19,6976,4604,1405,293,279,1286,99,129,Organic,0,Motivation,Day,
2080,Facebook,Image,2024-11-07,12145,11311,3831,218,443,3212,748,121,Organic,0,Motivation,Day,
2081,YouTube,Reel,2025-12-01,8590,8523,5217,209,14,2209,248,56,Paid,2632,Awareness,Night,
2082,YouTube,Image,2025-02-22,12091,9129,8922,219,206,2344,460,31,Organic,0,Awareness,Night,
2083,Instagram,Reel,2023-04-05,4899,3867,3687,207,265,979,31,161,Organic,0,Promotion,Day,
2084,Instagram,Reel,2021-01-05,5801,3543,345,87,92,747,195,160,Paid,3978,Promotion,Day,
2085,YouTube,Video,2024-10-12,8337,7579,3222,187,7,1430,167,39,Paid,2040,Promotion,Day,
2086,Instagram,Image,2024-11-07,11978,11602,9329,76,375,1832,107,140,Organic,0,Education,Day,
2087,YouTube,Reel,2021-12-23,3387,3102,1340,290,203,666,197,148,Paid,736,Entertainment,Night,
2088,Facebook,Story,2024-04-24,15965,15763,3853,220,319,323,71,110,Organic,0,Entertainment,Day,
2089,YouTube,Reel,2025-11-13,18755,13618,2078,19,435,3208,559,168,Organic,0,Promotion,Night,
2090,Facebook,Story,2023-06-07,11842,7382,4156,149,331,941,277,162,Paid,2171,Awareness,Night,
2091,Facebook,Video,2025-09-29,5259,4376,688,145,177,1240,172,150,Organic,0,Entertainment,Night,
2092,YouTube,Image,2025-07-18,15806,14611,1501,182,472,4157,937,6,Organic,0,Motivation,Night,
2093,Instagram,Image,2023-07-06,6866,5082,1605,276,393,1114,205,81,Organic,0,Education,Day,
2094,Instagram,Video,2022-07-17,7119,4378,520,236,253,1260,231,136,Organic,0,Awareness,Night,
2095,Facebook,Image,2021-11-04,18439,15097,8287,254,367,3149,554,94,Organic,0,Education,Day,
2096,YouTube,Image,2024-03-27,6043,4155,312,272,162,655,132,93,Paid,4887,Motivation,Night,
2097,Facebook,Reel,2022-01-17,18183,10914,6040,26,356,1632,329,98,Paid,4371,Entertainment,Day,
2098,Instagram,Image,2025-03-28,9825,9511,5437,233,291,122,23,11,Organic,0,Education,Day,
2099,Instagram,Reel,2021-12-10,2255,1384,701,191,137,344,15,99,Paid,1113,Education,Day,
2100,Facebook,Image,2023-08-02,9231,6285,1606,71,180,1072,201,112,Organic,0,Education,Day,
2101,Facebook,Story,2024-10-31,10639,7904,6467,200,425,1010,68,78,Organic,0,Motivation,Night,
2102,Instagram,Image,2021-07-31,8280,5764,1346,133,40,1118,293,43,Paid,1723,Awareness,Night,
2103,Instagram,Reel,2025-01-19,11743,8573,5625,199,85,2183,345,145,Organic,0,Awareness,Day,
2104,YouTube,Reel,2024-04-21,19856,13320,5625,271,311,1653,484,163,Organic,0,Motivation,Day,
2105,Facebook,Image,2021-08-06,13125,8712,6049,187,13,915,258,75,Organic,0,Education,Night,
2106,Facebook,Story,2025-10-08,17044,14477,256,164,387,2153,395,60,Organic,0,Education,Day,
2107,YouTube,Reel,2022-04-05,16983,16521,10047,61,449,2353,267,174,Paid,1901,Promotion,Night,
2108,YouTube,Image,2025-09-01,17787,17424,15867,84,24,4726,152,46,Organic,0,Entertainment,Day,
2109,YouTube,Story,2024-04-06,7525,6651,6499,19,44,1706,341,40,Organic,0,Entertainment,Night,
2110,Instagram,Story,2021-06-30,12934,9481,7433,55,167,1615,157,88,Organic,0,Awareness,Night,
2111,YouTube,Story,2025-02-01,11740,8701,3513,214,243,439,55,122,Organic,0,Motivation,Day,
2112,Instagram,Video,2023-07-06,18187,11709,263,136,487,975,218,11,Organic,0,Education,Day,
2113,Instagram,Reel,2021-03-14,5904,3988,1870,196,315,580,22,58,Organic,0,Entertainment,Night,
2114,Instagram,Video,2023-12-09,18341,12003,9913,67,387,2851,605,133,Paid,314,Motivation,Night,
2115,YouTube,Story,2021-09-23,16663,10052,6589,83,455,1112,184,176,Paid,3529,Motivation,Night,
2116,YouTube,Story,2023-05-03,5484,4645,4148,212,405,1141,219,124,Organic,0,Education,Day,
2117,YouTube,Reel,2022-09-04,15738,13856,8072,172,261,3622,572,177,Organic,0,Motivation,Day,
2118,Facebook,Image,2022-11-27,12052,9521,5959,162,403,2217,647,110,Organic,0,Entertainment,Day,
2119,Facebook,Video,2022-09-16,10438,7718,679,219,170,2056,131,51,Paid,2005,Promotion,Day,
2120,YouTube,Story,2021-03-29,1832,1238,762,117,300,3,0,127,Paid,3769,Entertainment,Night,
2121,YouTube,Story,2024-08-09,8605,5460,2599,35,106,484,33,145,Organic,0,Promotion,Day,
2122,Facebook,Reel,2021-03-11,1182,874,648,217,284,174,30,123,Paid,4985,Motivation,Night,
2123,Facebook,Image,2022-08-06,6968,4591,3160,300,317,581,77,154,Organic,0,Entertainment,Night,
2124,Instagram,Image,2023-05-17,17076,11425,4795,211,76,2046,227,122,Organic,0,Education,Night,
2125,Facebook,Reel,2023-11-22,1208,790,377,147,107,93,27,25,Organic,0,Motivation,Day,
2126,Facebook,Video,2024-12-20,3280,3044,3018,68,97,223,22,141,Organic,0,Education,Day,
2127,Facebook,Video,2021-10-21,3061,2094,1248,47,30,204,38,30,Organic,0,Promotion,Night,
2128,Instagram,Story,2022-05-17,13358,8080,4010,81,104,368,66,13,Organic,0,Awareness,Day,
2129,YouTube,Image,2023-12-27,19112,15261,6619,265,361,2826,24,19,Organic,0,Awareness,Night,
2130,YouTube,Story,2025-05-31,3853,3673,1966,237,164,933,90,14,Organic,0,Promotion,Night,
2131,Instagram,Image,2024-07-09,9530,8777,2222,194,79,1487,287,126,Organic,0,Awareness,Day,
2132,Facebook,Video,2021-10-19,19717,19547,16742,232,195,267,41,125,Organic,0,Motivation,Day,
2133,YouTube,Reel,2023-03-15,19146,13462,11768,225,491,2988,104,129,Organic,0,Motivation,Day,
2134,Instagram,Reel,2021-05-10,4962,4298,1624,226,403,960,89,174,Organic,0,Entertainment,Night,
2135,Instagram,Reel,2021-03-01,8119,7183,1413,79,295,762,214,76,Organic,0,Motivation,Day,
2136,Instagram,Reel,2025-02-26,19575,19196,3303,218,409,5036,438,156,Organic,0,Awareness,Night,
2137,Facebook,Reel,2024-02-07,11713,7644,1937,85,166,1241,120,53,Organic,0,Education,Night,
2138,Instagram,Story,2022-02-21,12917,9753,4370,213,62,2365,553,158,Organic,0,Entertainment,Day,
2139,YouTube,Image,2022-03-25,17026,16152,4748,126,482,3793,1009,3528,Organic,0,Education,Night,
2140,Instagram,Image,2025-11-08,1640,1568,1251,59,92,170,16,41,Organic,0,Awareness,Night,
2141,Facebook,Reel,2022-01-18,15641,14328,7211,35,82,3594,5,72,Paid,258,Education,Night,
2142,Facebook,Image,2025-04-05,2816,2367,460,109,251,252,59,54,Organic,0,Awareness,Day,
2143,YouTube,Reel,2023-11-29,11711,8158,1222,14,415,2373,571,156,Organic,0,Motivation,Day,
2144,Facebook,Video,2023-03-25,4229,2812,2244,96,88,812,93,23,Organic,0,Entertainment,Day,
2145,Facebook,Image,2023-09-29,2233,1384,1062,257,259,135,35,104,Organic,0,Promotion,Day,
2146,Facebook,Story,2022-03-08,19642,15376,10933,263,182,2861,700,64,Organic,0,Awareness,Day,
2147,YouTube,Video,2023-03-19,7050,5199,1654,8,142,1305,273,171,Organic,0,Motivation,Night,
2148,Facebook,Story,2021-06-17,10899,8474,1793,235,34,1588,330,93,Organic,0,Education,Day,
2149,YouTube,Reel,2021-02-16,12366,8754,5705,12,47,860,47,150,Paid,1156,Motivation,Night,
2150,Facebook,Reel,2024-08-31,10921,8180,464,100,466,1957,283,151,Organic,0,Education,Day,
2151,YouTube,Image,2021-06-19,1160,991,95,58,74,212,60,168,Organic,0,Education,Day,
2152,YouTube,Video,2025-02-07,14035,8817,3395,80,60,2593,154,73,Organic,0,Education,Day,
2153,YouTube,Video,2021-04-20,16084,13009,1899,57,195,1911,142,179,Paid,4901,Education,Night,
2154,YouTube,Video,2021-03-27,14195,9373,7315,69,370,530,46,53,Paid,696,Entertainment,Day,
2155,YouTube,Reel,2022-05-25,12237,11676,606,150,292,3112,448,112,Organic,0,Education,Day,
2156,Facebook,Video,2022-03-03,7306,6150,5409,91,233,778,86,165,Paid,3065,Entertainment,Night,
2157,Instagram,Reel,2025-04-15,10878,10793,1645,46,145,424,38,123,Organic,0,Promotion,Day,
2158,Facebook,Reel,2024-07-04,1744,1617,690,4,295,349,50,153,Paid,1222,Entertainment,Night,
2159,Instagram,Reel,2022-08-11,11703,8123,140,99,358,614,152,154,Paid,3330,Education,Day,
2160,YouTube,Video,2025-09-16,13016,10675,3516,291,305,2955,389,41,Organic,0,Promotion,Day,
2161,YouTube,Video,2025-08-14,12312,8437,3749,232,60,2389,508,147,Paid,1689,Motivation,Day,
2162,Facebook,Story,2023-01-06,5649,4517,4420,187,198,390,54,167,Organic,0,Entertainment,Night,
2163,YouTube,Reel,2022-06-16,11057,7701,210,72,246,868,13,164,Organic,0,Motivation,Night,
2164,YouTube,Image,2024-06-11,2763,2522,945,285,253,126,23,15,Organic,0,Promotion,Day,
2165,YouTube,Image,2024-06-22,10107,6311,5888,43,220,340,76,142,Paid,402,Entertainment,Day,
2166,YouTube,Reel,2022-04-13,14965,13818,4610,271,332,183,26,82,Organic,0,Education,Day,
2167,YouTube,Video,2025-11-05,4507,3405,908,146,16,327,33,81,Organic,0,Entertainment,Day,
2168,Instagram,Image,2024-06-15,9182,5749,4066,288,468,255,2,157,Paid,3328,Education,Day,
2169,YouTube,Story,2024-06-29,15793,12494,7255,178,190,1733,315,6,Organic,0,Awareness,Day,
2170,Instagram,Video,2022-05-30,10340,9686,2242,128,236,706,63,68,Organic,0,Entertainment,Day,
2171,YouTube,Video,2024-02-11,15227,9158,8424,62,19,452,11,39,Organic,0,Entertainment,Day,
2172,YouTube,Image,2022-04-16,7790,4783,3265,141,390,844,141,11,Organic,0,Motivation,Night,
2173,YouTube,Video,2023-11-24,3948,3369,2117,49,415,165,27,89,Organic,0,Motivation,Night,
2174,YouTube,Video,2024-04-28,13001,11468,5615,31,237,439,37,150,Organic,0,Promotion,Day,
2175,Instagram,Video,2023-04-17,3766,2659,1009,27,236,520,10,71,Paid,1003,Education,Night,
2176,Instagram,Story,2025-07-24,8510,6466,4347,141,251,163,3,46,Paid,4561,Motivation,Day,
2177,Facebook,Reel,2021-08-22,10838,8136,203,8,289,1640,89,122,Organic,0,Promotion,Day,
2178,Facebook,Story,2025-10-27,15257,10642,7320,218,360,1429,272,129,Organic,0,Education,Night,
2179,YouTube,Video,2021-03-02,15073,13926,9195,2,170,2078,508,171,Organic,0,Education,Night,
2180,YouTube,Image,2023-04-05,7519,7259,2082,223,455,820,155,173,Organic,0,Education,Day,
2181,Instagram,Video,2021-06-11,13898,11916,8595,123,425,3371,152,28,Organic,0,Awareness,Day,
2182,Instagram,Image,2021-04-28,5529,5262,3398,217,51,38,0,50,Organic,0,Education,Night,
2183,YouTube,Video,2021-02-21,11177,9412,828,228,301,2567,603,23,Paid,4549,Promotion,Night,
2184,YouTube,Video,2022-06-01,16913,15607,12271,134,299,3828,254,72,Organic,0,Education,Night,
2185,Facebook,Story,2025-03-31,8731,7465,4703,1,161,278,72,106,Organic,0,Education,Night,
2186,YouTube,Video,2025-05-26,9168,8234,4186,256,19,269,40,46,Paid,2305,Promotion,Day,
2187,Facebook,Image,2024-05-26,10752,10521,10467,114,331,1617,401,36,Organic,0,Entertainment,Day,
2188,YouTube,Image,2024-11-04,3133,2285,1565,284,383,474,112,171,Organic,0,Education,Night,
2189,YouTube,Reel,2023-02-22,10588,7188,1771,248,146,1682,464,113,Organic,0,Promotion,Day,
2190,YouTube,Reel,2022-06-30,2609,2558,713,165,223,491,146,40,Organic,0,Motivation,Day,
2191,Facebook,Story,2023-11-22,6997,5061,4774,291,466,1509,352,101,Paid,1961,Promotion,Night,
2192,Facebook,Story,2021-05-18,4733,4089,676,220,434,913,7,168,Organic,0,Awareness,Day,
2193,Facebook,Image,2021-04-15,5573,3450,3357,276,432,438,119,135,Paid,2006,Motivation,Day,
2194,YouTube,Video,2021-04-23,6620,4404,2125,48,435,182,26,77,Paid,3373,Entertainment,Day,
2195,Facebook,Image,2023-01-27,18883,17875,4803,57,42,685,60,140,Paid,856,Entertainment,Day,
2196,Facebook,Story,2024-07-05,15563,9520,8326,15,417,2201,515,101,Paid,2703,Promotion,Night,
2197,Instagram,Reel,2022-06-17,3313,3106,658,61,231,408,114,127,Organic,0,Promotion,Day,
2198,Instagram,Story,2024-03-15,12667,11875,7170,5,276,2101,238,74,Organic,0,Education,Day,
2199,YouTube,Image,2024-01-12,6654,4244,3885,163,242,52,8,173,Organic,0,Education,Day,
2200,YouTube,Story,2024-02-28,4070,2810,2439,206,46,193,24,17,Organic,0,Awareness,Day,
2201,Facebook,Story,2024-10-13,3753,2574,677,216,286,523,127,53,Paid,1254,Education,Day,
2202,Facebook,Image,2024-03-30,17537,11754,10888,25,136,1897,401,64,Organic,0,Promotion,Day,
2203,YouTube,Story,2025-01-01,2413,2049,362,297,216,363,29,134,Paid,4203,Promotion,Night,
2204,Facebook,Reel,2023-10-10,4686,3537,725,249,145,874,22,9,Paid,2538,Education,Night,
2205,Instagram,Story,2025-01-20,19127,16048,1753,235,297,1836,341,176,Paid,310,Awareness,Day,
2206,Facebook,Image,2021-04-03,14046,9915,4637,192,196,1199,327,31,Paid,1918,Promotion,Day,
2207,Instagram,Video,2024-06-06,18917,13386,4352,231,261,2950,271,164,Organic,0,Awareness,Day,
2208,YouTube,Story,2021-01-24,11236,7983,837,197,72,265,56,153,Organic,0,Promotion,Day,
2209,Facebook,Image,2025-08-18,6236,5197,2254,277,279,1187,124,12,Organic,0,Awareness,Day,
2210,YouTube,Story,2025-06-05,5097,3058,2189,204,272,514,146,54,Organic,0,Awareness,Day,
2211,Instagram,Reel,2025-12-08,17443,12332,4235,202,245,2515,42,71,Organic,0,Awareness,Day,
2212,YouTube,Video,2023-05-21,5959,5734,730,153,37,911,34,48,Paid,1804,Education,Night,
2213,Facebook,Reel,2023-01-03,8027,5278,1675,208,55,1201,127,129,Paid,4403,Entertainment,Night,
2214,Instagram,Reel,2021-01-01,8623,6046,2036,22,470,973,208,62,Organic,0,Awareness,Night,
2215,Facebook,Video,2022-11-12,9339,6918,1356,184,464,386,51,7,Organic,0,Awareness,Day,
2216,Instagram,Video,2021-10-24,10123,9146,1595,219,162,1237,253,90,Organic,0,Promotion,Day,
2217,YouTube,Image,2022-07-15,2034,1417,823,32,240,356,37,74,Organic,0,Entertainment,Day,
2218,Facebook,Story,2021-09-17,16867,16243,9741,275,293,535,132,134,Organic,0,Promotion,Night,
2219,Facebook,Video,2024-01-14,18911,16510,13130,236,426,342,69,176,Organic,0,Promotion,Day,
2220,Instagram,Story,2021-06-13,19060,12627,6778,264,434,396,34,6,Organic,0,Awareness,Day,
2221,YouTube,Image,2024-06-28,4427,4268,3084,135,279,463,83,106,Organic,0,Motivation,Day,
2222,Facebook,Image,2023-03-22,14834,13950,5105,259,195,2039,595,39,Organic,0,Entertainment,Night,
2223,Facebook,Story,2022-11-28,19586,14309,5137,25,56,739,83,102,Organic,0,Promotion,Day,
2224,YouTube,Video,2024-10-23,5067,4296,3913,184,126,276,76,34,Organic,0,Motivation,Day,
2225,Instagram,Video,2021-05-25,13500,8464,6921,31,116,1438,58,120,Organic,0,Motivation,Night,
2226,Instagram,Story,2022-03-01,18623,17339,8144,210,499,4548,808,12,Organic,0,Promotion,Day,
2227,Facebook,Video,2023-02-02,5121,3481,1552,248,3,532,83,154,Paid,1328,Awareness,Day,
2228,Facebook,Story,2024-08-26,2610,1616,278,152,271,304,83,48,Organic,0,Education,Day,
2229,Instagram,Story,2023-02-10,9199,6251,6066,285,314,96,9,40,Organic,0,Promotion,Night,
2230,Instagram,Image,2021-04-13,15251,12683,4294,82,7,2037,420,81,Paid,356,Awareness,Day,
2231,Instagram,Story,2023-10-01,11182,9287,8806,14,292,1735,372,35,Organic,0,Entertainment,Day,
2232,YouTube,Video,2022-03-29,15765,11986,6965,66,124,3145,326,51,Paid,2381,Awareness,Night,
2233,YouTube,Reel,2023-02-20,13108,9978,6860,172,358,1656,448,59,Organic,0,Motivation,Day,
2234,Instagram,Story,2024-07-19,10476,6728,1875,27,4,222,50,110,Organic,0,Entertainment,Night,
2235,YouTube,Story,2021-12-25,14942,10277,2966,231,219,764,30,162,Organic,0,Entertainment,Night,
2236,YouTube,Story,2023-04-02,16675,15689,10047,34,199,3882,636,125,Organic,0,Education,Day,
2237,Facebook,Video,2022-07-30,1909,1251,189,190,466,40,2,59,Organic,0,Education,Day,
2238,Facebook,Image,2025-06-21,17494,17174,1965,3,389,2057,546,148,Organic,0,Promotion,Night,
2239,Facebook,Image,2024-04-20,18591,11276,7883,253,286,443,121,16,Organic,0,Awareness,Night,
2240,Facebook,Story,2024-03-29,5189,3915,1818,6,476,162,11,149,Organic,0,Promotion,Night,
2241,Instagram,Reel,2025-06-12,9952,7798,5231,217,38,552,104,148,Organic,0,Education,Day,
2242,Facebook,Story,2022-02-22,5825,3949,937,245,175,337,6,144,Organic,0,Motivation,Night,
2243,Facebook,Image,2024-04-20,8470,6843,6164,272,24,1416,356,140,Organic,0,Education,Day,
2244,YouTube,Story,2024-07-25,16112,14206,4337,263,89,2870,838,7,Organic,0,Awareness,Day,
2245,YouTube,Story,2024-11-23,11150,7737,7197,129,185,505,142,148,Organic,0,Motivation,Night,
2246,Instagram,Story,2022-06-06,9793,6068,2336,239,173,64,13,34,Paid,4237,Promotion,Night,
2247,YouTube,Reel,2021-10-14,5772,4269,3665,146,394,157,7,27,Organic,0,Promotion,Day,
2248,Instagram,Image,2023-07-13,18605,16199,12519,105,124,4024,173,96,Organic,0,Education,Night,
2249,YouTube,Image,2021-03-04,10616,7731,5612,86,419,2004,173,119,Organic,0,Education,Day,
2250,Facebook,Video,2021-01-26,3384,3002,275,198,492,362,91,108,Organic,0,Promotion,Day,
2251,Facebook,Reel,2022-11-05,9091,8840,543,197,311,170,16,122,Paid,4375,Promotion,Night,
2252,YouTube,Story,2023-10-28,8521,6443,5112,117,169,1472,279,9,Organic,0,Entertainment,Day,
2253,Facebook,Video,2025-10-23,8520,6363,4216,35,366,24,0,108,Organic,0,Awareness,Night,
2254,Facebook,Video,2022-08-10,13987,12000,6962,176,88,1942,517,112,Organic,0,Entertainment,Night,
2255,Instagram,Image,2022-06-20,10137,7122,438,272,107,1041,184,69,Paid,4865,Entertainment,Day,
2256,Instagram,Reel,2021-05-16,18533,18319,14756,282,54,2962,704,125,Organic,0,Promotion,Night,
2257,Facebook,Image,2021-10-29,1510,1234,1028,262,338,123,7,34,Paid,2416,Awareness,Day,
2258,Facebook,Image,2025-07-05,9370,9202,8645,263,397,2207,395,153,Paid,3605,Promotion,Day,
2259,Facebook,Reel,2023-09-13,6079,3896,3430,245,53,626,80,88,Organic,0,Entertainment,Night,
2260,Instagram,Reel,2022-06-04,9986,9430,596,45,441,1840,140,154,Paid,2483,Entertainment,Night,
2261,YouTube,Story,2022-06-02,18709,17350,4331,104,425,3123,727,36,Organic,0,Promotion,Day,
2262,Facebook,Reel,2021-11-30,19243,16859,7807,290,405,1854,460,165,Paid,1020,Education,Day,
2263,Instagram,Reel,2021-03-03,4381,2937,2320,107,88,115,31,20,Organic,0,Education,Day,
2264,Facebook,Reel,2024-12-28,17943,17866,5497,74,62,4216,101,42,Organic,0,Promotion,Day,
2265,YouTube,Reel,2022-01-15,2467,2315,8,8,32,119,0,146,Organic,0,Motivation,Day,
2266,YouTube,Video,2023-02-17,18105,14024,488,260,430,3779,888,40,Paid,2862,Motivation,Day,
2267,Instagram,Video,2025-01-04,19288,19104,367,280,42,5543,984,155,Organic,0,Education,Day,
2268,YouTube,Story,2025-06-20,10682,7960,505,120,459,1526,196,118,Organic,0,Awareness,Night,
2269,Facebook,Video,2022-05-15,19121,13842,9660,261,386,2615,665,70,Organic,0,Entertainment,Day,
2270,Facebook,Reel,2023-05-13,2552,2336,798,161,158,494,70,109,Organic,0,Awareness,Day,
2271,YouTube,Video,2025-06-07,14391,13456,59,101,375,1295,346,89,Organic,0,Education,Night,
2272,YouTube,Story,2022-01-09,1553,1399,571,168,487,384,51,6,Organic,0,Promotion,Day,
2273,YouTube,Video,2022-11-10,13425,11639,7141,221,497,3416,152,79,Organic,0,Motivation,Night,
2274,YouTube,Image,2021-06-01,13777,11723,6077,153,444,1100,47,71,Organic,0,Education,Day,
2275,YouTube,Story,2025-09-18,3835,3752,6,228,277,184,45,155,Organic,0,Awareness,Day,
2276,Facebook,Story,2025-08-03,11614,7791,6327,240,21,1633,314,158,Organic,0,Awareness,Day,
2277,Facebook,Reel,2025-05-03,18130,15917,7043,214,280,123,23,59,Organic,0,Education,Day,
2278,Facebook,Image,2023-02-13,7629,5782,1305,198,310,1134,72,10,Paid,4150,Entertainment,Day,
2279,Instagram,Video,2024-01-11,16044,9752,7741,270,349,2162,239,167,Organic,0,Awareness,Day,
2280,Instagram,Image,2021-03-04,16902,16543,5918,185,232,595,93,154,Paid,782,Entertainment,Day,
2281,Facebook,Reel,2021-02-17,3540,3290,518,11,482,465,96,175,Paid,4315,Entertainment,Day,
2282,Facebook,Reel,2023-07-20,3850,2581,1557,7,154,441,91,147,Organic,0,Promotion,Day,
2283,Facebook,Story,2025-04-08,3577,3279,570,37,401,875,2,90,Organic,0,Education,Night,
2284,YouTube,Image,2022-10-06,16105,12622,7973,233,148,1374,261,64,Paid,3617,Education,Night,
2285,Instagram,Reel,2022-08-31,3956,3747,3211,38,49,282,62,105,Organic,0,Entertainment,Night,
2286,YouTube,Image,2022-07-29,18754,16765,4514,223,136,4517,296,16,Organic,0,Promotion,Night,
2287,Instagram,Video,2023-09-05,6800,4746,3680,27,415,288,77,53,Organic,0,Awareness,Day,
2288,YouTube,Story,2021-09-28,9661,8749,4811,190,248,1500,136,46,Organic,0,Awareness,Day,
2289,YouTube,Reel,2021-09-16,2486,1817,258,187,254,445,129,170,Paid,4022,Education,Night,
2290,YouTube,Image,2021-04-12,1001,963,224,175,209,9,2,86,Organic,0,Entertainment,Day,
2291,YouTube,Reel,2021-12-18,10014,9901,4562,240,90,216,58,177,Organic,0,Promotion,Day,
2292,Facebook,Story,2022-11-03,17485,11825,82,29,45,2293,625,39,Organic,0,Promotion,Day,
2293,Facebook,Story,2021-11-26,16908,14405,11748,231,123,4232,374,162,Organic,0,Awareness,Day,
2294,Facebook,Story,2023-03-09,3952,2650,25,246,33,429,18,162,Organic,0,Awareness,Day,
2295,YouTube,Video,2024-11-30,2930,2477,475,294,190,575,164,138,Organic,0,Motivation,Night,
2296,YouTube,Video,2023-08-08,1033,931,322,95,218,91,27,71,Paid,4860,Motivation,Night,
2297,Instagram,Video,2025-08-01,3649,2278,557,102,22,371,29,84,Organic,0,Entertainment,Day,
2298,Instagram,Video,2024-04-30,2075,1718,9,247,131,72,13,11,Paid,1463,Motivation,Night,
2299,Facebook,Story,2024-02-25,3838,3334,2863,150,116,587,79,18,Organic,0,Promotion,Day,
2300,Facebook,Reel,2024-04-29,5615,5506,3376,176,67,959,211,77,Organic,0,Motivation,Night,
2301,YouTube,Image,2025-04-18,9424,6796,6002,45,491,1959,483,147,Organic,0,Education,Night,
2302,Instagram,Video,2025-07-07,17864,11875,3493,36,18,1942,207,153,Organic,0,Education,Day,
2303,Facebook,Image,2022-12-22,9448,7029,1816,93,35,185,9,167,Organic,0,Awareness,Night,
2304,Instagram,Reel,2023-06-16,16344,12237,5527,77,215,873,184,70,Organic,0,Awareness,Day,
2305,Facebook,Image,2022-07-14,18365,11514,637,219,229,1661,441,95,Paid,259,Entertainment,Day,
2306,Instagram,Story,2025-01-09,7349,6818,4439,257,99,1122,112,134,Paid,744,Education,Night,
2307,YouTube,Image,2025-06-27,18929,13844,13071,152,207,1448,162,167,Organic,0,Entertainment,Night,
2308,Instagram,Image,2021-04-19,5518,3504,1133,25,201,677,85,24,Organic,0,Entertainment,Night,
2309,YouTube,Story,2022-12-23,12799,11357,6505,81,105,2539,343,14,Organic,0,Motivation,Night,
2310,Facebook,Video,2021-01-20,19499,13196,8861,170,461,2986,844,29,Organic,0,Awareness,Night,
2311,Facebook,Story,2024-07-12,11634,7857,5985,14,341,174,31,29,Organic,0,Entertainment,Night,
2312,YouTube,Image,2021-06-20,4333,3077,2078,198,48,102,30,58,Organic,0,Entertainment,Night,
2313,Instagram,Image,2024-12-13,1625,1120,110,90,86,168,18,37,Paid,1270,Awareness,Day,
2314,YouTube,Story,2023-01-30,1779,1482,548,42,349,367,79,168,Paid,1250,Awareness,Day,
2315,YouTube,Image,2021-10-04,6804,4084,3690,160,401,169,42,99,Organic,0,Education,Day,
2316,Instagram,Video,2021-11-20,19543,14652,1293,163,56,487,2,18,Organic,0,Awareness,Day,
2317,Facebook,Story,2022-12-12,12051,8987,7211,173,16,749,224,69,Organic,0,Motivation,Night,
2318,YouTube,Image,2023-10-06,15354,11526,3133,66,237,179,53,114,Paid,2834,Education,Day,
2319,Facebook,Story,2025-03-02,19046,11832,10549,14,467,1449,362,84,Organic,0,Entertainment,Day,
2320,Instagram,Story,2021-01-20,8556,7862,7842,110,496,269,6,58,Organic,0,Motivation,Night,
2321,YouTube,Video,2024-03-31,10963,6676,2272,178,64,416,88,129,Paid,1685,Motivation,Day,
2322,Facebook,Story,2023-11-04,2029,1436,131,36,277,219,5,135,Organic,0,Education,Day,
2323,Facebook,Reel,2025-12-09,10826,7263,4468,183,177,906,172,173,Organic,0,Entertainment,Day,
2324,Instagram,Image,2021-04-04,8983,6920,578,17,30,1394,75,138,Organic,0,Education,Night,
2325,Facebook,Video,2021-01-27,14354,12600,6517,292,219,2332,591,29,Organic,0,Promotion,Day,
2326,Facebook,Image,2023-03-04,18940,11845,7823,134,22,301,69,145,Organic,0,Promotion,Night,
2327,Facebook,Reel,2024-11-23,8917,7311,5870,111,339,2051,273,121,Organic,0,Education,Day,
2328,Facebook,Story,2022-09-21,7351,6745,1843,10,1,1737,295,140,Organic,0,Entertainment,Night,
2329,YouTube,Story,2025-04-03,13865,12339,5375,4,111,1877,386,153,Organic,0,Entertainment,Day,
2330,YouTube,Image,2023-10-08,6265,5184,2564,130,66,22,0,29,Paid,3568,Awareness,Day,
2331,Facebook,Story,2023-07-30,13817,9794,3010,298,31,1170,54,83,Organic,0,Motivation,Day,
2332,YouTube,Story,2025-06-05,7120,6981,2711,48,35,612,56,72,Organic,0,Education,Day,
2333,Facebook,Video,2023-05-14,1499,931,364,125,2,20,5,177,Organic,0,Motivation,Day,
2334,YouTube,Video,2022-06-03,18727,15788,2481,59,45,3391,522,16,Paid,2228,Motivation,Day,
2335,YouTube,Video,2025-06-16,13583,11365,4613,171,490,1818,225,36,Paid,1394,Promotion,Day,
2336,Facebook,Image,2024-02-27,15959,12311,5296,289,440,3089,897,132,Organic,0,Promotion,Night,
2337,Facebook,Image,2025-02-18,7097,4617,2553,85,202,350,75,100,Organic,0,Education,Day,
2338,YouTube,Video,2024-10-06,2521,1748,1421,72,234,246,53,96,Paid,3010,Education,Night,
2339,Instagram,Image,2021-06-09,13125,10772,7591,12,355,2132,191,145,Organic,0,Entertainment,Night,
2340,Instagram,Reel,2021-07-06,5131,3082,924,281,3,455,29,35,Organic,0,Education,Day,
2341,Facebook,Reel,2021-07-22,6928,4930,553,180,464,883,86,82,Paid,546,Entertainment,Day,
2342,Instagram,Video,2024-03-19,18184,17346,11994,289,48,1019,267,24,Organic,0,Entertainment,Night,
2343,YouTube,Story,2023-06-14,15212,9998,5444,281,281,459,128,150,Paid,4428,Education,Night,
2344,Facebook,Image,2024-03-11,3672,3408,2827,240,85,901,160,64,Paid,3953,Entertainment,Night,
2345,Facebook,Video,2021-04-02,4086,3232,3073,173,469,569,132,138,Organic,0,Motivation,Night,
2346,Instagram,Reel,2024-01-27,8744,7206,4165,297,245,884,34,164,Paid,305,Entertainment,Day,
2347,Instagram,Video,2025-12-12,6648,6073,5385,49,263,565,84,97,Paid,2418,Motivation,Day,
2348,YouTube,Reel,2021-01-03,5525,4003,2257,109,314,976,83,47,Organic,0,Motivation,Night,
2349,YouTube,Video,2024-09-18,10651,7434,2064,45,142,936,69,134,Organic,0,Motivation,Night,
2350,Facebook,Reel,2022-03-09,10133,8074,7573,268,382,1141,335,64,Organic,0,Awareness,Night,
2351,Facebook,Reel,2024-03-28,4594,2891,2871,5,344,431,92,155,Organic,0,Awareness,Night,
2352,YouTube,Video,2024-07-22,5146,3140,1134,76,112,130,2,35,Paid,4068,Entertainment,Day,
2353,YouTube,Video,2023-01-06,5299,3713,998,190,367,898,254,9,Organic,0,Education,Night,
2354,Instagram,Story,2021-07-11,7355,4582,385,208,129,267,64,166,Organic,0,Entertainment,Night,
2355,Facebook,Reel,2022-12-07,13971,9996,7208,233,235,11,0,14,Organic,0,Awareness,Day,
2356,Facebook,Reel,2024-06-05,12660,10855,2163,36,350,2394,98,93,Paid,2068,Promotion,Day,
2357,Instagram,Video,2021-07-03,1750,1717,961,152,193,165,38,134,Organic,0,Promotion,Day,
2358,Facebook,Reel,2025-03-15,2339,2284,488,14,134,162,37,130,Organic,0,Entertainment,Night,
2359,Facebook,Image,2021-05-17,9124,8923,6420,83,77,2216,282,15,Organic,0,Awareness,Day,
2360,YouTube,Image,2022-02-20,19595,12421,7976,7,256,3282,889,163,Organic,0,Motivation,Day,
2361,Instagram,Image,2025-12-18,2830,2449,1610,235,488,415,71,60,Organic,0,Awareness,Day,
2362,YouTube,Image,2021-11-10,2329,1789,741,185,30,239,50,87,Organic,0,Entertainment,Day,
2363,YouTube,Image,2024-09-05,10935,8911,7069,200,100,1043,153,141,Organic,0,Awareness,Day,
2364,YouTube,Story,2022-12-06,11032,8163,5302,192,85,920,213,103,Organic,0,Promotion,Night,
2365,YouTube,Image,2023-03-01,15864,11072,1924,45,151,530,43,153,Paid,4997,Motivation,Night,
2366,YouTube,Story,2024-09-24,5812,4534,2626,136,344,443,105,77,Organic,0,Entertainment,Day,
2367,YouTube,Image,2024-07-27,5957,3989,3887,50,378,1054,262,160,Organic,0,Entertainment,Night,
2368,Instagram,Video,2025-01-23,14355,9821,9353,194,134,2619,245,119,Organic,0,Education,Night,
2369,YouTube,Reel,2025-07-07,8228,5759,2307,235,498,1146,173,11,Organic,0,Motivation,Day,
2370,Facebook,Reel,2023-01-17,7116,5766,1842,125,133,1365,29,84,Organic,0,Entertainment,Day,
2371,YouTube,Story,2021-06-08,7629,4719,4333,255,207,1412,123,148,Organic,0,Awareness,Day,
2372,Instagram,Image,2023-01-28,1917,1532,1412,288,345,368,34,101,Organic,0,Awareness,Day,
2373,Facebook,Story,2023-04-03,9800,7925,5912,171,484,1355,232,8,Organic,0,Awareness,Night,
2374,Facebook,Image,2023-01-30,7532,5995,2218,201,197,491,111,8,Organic,0,Awareness,Night,
2375,YouTube,Story,2023-06-02,17475,13616,2072,40,90,3941,130,107,Paid,326,Entertainment,Day,
2376,Facebook,Video,2024-01-02,12247,9687,9382,170,473,1515,11,44,Organic,0,Promotion,Night,
2377,YouTube,Image,2022-12-01,11038,10783,9763,73,165,358,104,21,Organic,0,Motivation,Night,
2378,Instagram,Reel,2022-09-11,13163,12613,1848,122,6,1561,203,105,Organic,0,Awareness,Night,
2379,Facebook,Video,2023-01-24,15850,11772,4353,92,197,559,61,107,Organic,0,Entertainment,Day,
2380,Instagram,Reel,2024-09-29,5015,4920,2030,80,481,585,13,128,Organic,0,Entertainment,Night,
2381,Instagram,Reel,2025-12-20,14613,9720,914,231,290,1232,162,56,Organic,0,Awareness,Night,
2382,YouTube,Video,2023-07-27,14521,10514,296,15,273,2694,788,56,Organic,0,Education,Night,
2383,YouTube,Video,2021-12-09,4997,4013,325,188,373,1087,182,168,Organic,0,Entertainment,Day,
2384,Instagram,Reel,2022-07-30,18989,15051,3426,185,417,756,142,128,Organic,0,Motivation,Night,
2385,Facebook,Image,2025-12-27,10154,9119,4255,136,432,721,110,170,Paid,1620,Motivation,Day,
2386,Facebook,Reel,2022-02-02,17320,10790,10618,12,354,460,127,67,Organic,0,Education,Night,
2387,YouTube,Reel,2025-08-08,18335,14367,7286,236,231,2797,759,120,Organic,0,Entertainment,Night,
2388,Instagram,Reel,2022-10-26,5327,4957,1597,239,1,819,174,66,Paid,3193,Education,Day,
2389,YouTube,Story,2024-08-15,4652,3361,3339,78,416,932,31,11,Organic,0,Entertainment,Day,
2390,Instagram,Video,2023-01-23,15395,13636,595,12,471,257,3,159,Organic,0,Entertainment,Night,
2391,YouTube,Video,2025-02-02,5980,5569,2532,95,163,1397,91,96,Organic,0,Education,Day,
2392,YouTube,Story,2023-05-22,16175,15132,3714,293,354,1596,61,18,Organic,0,Promotion,Day,
2393,Facebook,Video,2023-12-20,5044,4601,4049,84,465,445,101,90,Organic,0,Awareness,Night,
2394,Facebook,Story,2023-02-14,2149,1492,718,78,265,62,6,137,Paid,361,Awareness,Night,
2395,Facebook,Image,2024-03-24,13804,9723,4032,176,65,109,11,134,Organic,0,Awareness,Day,
2396,Facebook,Reel,2025-10-27,13239,12984,3844,75,86,1442,423,66,Organic,0,Education,Day,
2397,Facebook,Reel,2023-12-06,5940,5377,11,147,186,464,48,153,Paid,2057,Entertainment,Night,
2398,YouTube,Reel,2022-04-07,16521,15574,6934,218,44,1819,362,83,Paid,1442,Entertainment,Night,
2399,Instagram,Video,2023-08-20,17622,13440,802,282,499,3981,71,153,Organic,0,Motivation,Day,
2400,Facebook,Image,2023-03-08,16044,9999,1979,258,413,2094,191,142,Organic,0,Entertainment,Day,
2401,YouTube,Image,2021-07-22,6190,4532,1021,79,202,780,9,62,Organic,0,Promotion,Day,
2402,Facebook,Reel,2022-04-01,4269,3286,2892,45,493,660,141,124,Organic,0,Awareness,Night,
2403,Instagram,Image,2023-12-30,17154,15749,7839,102,166,3561,536,171,Organic,0,Promotion,Day,
2404,YouTube,Reel,2021-10-25,15503,15475,11318,78,72,2151,134,137,Organic,0,Awareness,Day,
2405,Facebook,Story,2021-08-06,6288,5854,2078,78,177,34,10,69,Paid,3850,Education,Day,
2406,Facebook,Reel,2025-01-09,19357,17105,5853,181,207,4637,315,17,Organic,0,Promotion,Day,
2407,Facebook,Story,2025-12-25,2873,2495,864,190,335,187,52,86,Organic,0,Entertainment,Night,
2408,YouTube,Video,2025-11-06,2615,2366,469,272,28,248,61,177,Organic,0,Awareness,Day,
2409,YouTube,Video,2021-08-03,9898,7563,3977,161,117,2014,282,164,Organic,0,Motivation,Day,
2410,YouTube,Video,2022-10-26,19313,14084,10813,36,112,999,287,168,Organic,0,Promotion,Day,
2411,Facebook,Story,2021-04-28,13627,9605,6542,117,292,1643,338,143,Organic,0,Education,Day,
2412,Instagram,Story,2021-05-10,16516,15289,12955,243,23,2993,395,153,Paid,2288,Motivation,Night,
2413,YouTube,Video,2021-05-29,12846,10315,6034,44,219,1029,291,56,Organic,0,Education,Day,
2414,Facebook,Story,2025-04-19,9770,6156,2702,219,139,158,36,121,Organic,0,Awareness,Night,
2415,Facebook,Image,2024-03-26,1554,1515,1213,108,302,343,11,30,Organic,0,Promotion,Day,
2416,YouTube,Video,2023-01-03,11519,10604,7817,0,415,2241,508,38,Organic,0,Education,Day,
2417,YouTube,Video,2023-06-10,5492,3369,291,254,49,259,21,56,Organic,0,Motivation,Day,
2418,YouTube,Reel,2021-05-31,5454,3639,3079,220,463,306,39,116,Paid,3467,Motivation,Night,
2419,Instagram,Image,2024-08-18,14222,12323,595,289,488,2178,580,86,Paid,4697,Entertainment,Day,
2420,Instagram,Image,2021-12-04,18144,14773,14634,247,118,1766,75,161,Organic,0,Education,Night,
2421,Instagram,Image,2021-09-28,3618,3402,2764,14,235,1008,94,170,Organic,0,Promotion,Day,
2422,Instagram,Image,2024-06-27,12112,11991,5773,121,430,2172,547,46,Paid,3133,Promotion,Day,
2423,Facebook,Video,2021-08-25,7815,7273,5160,195,168,1264,103,25,Organic,0,Entertainment,Day,
2424,Facebook,Story,2024-10-08,11117,8213,2976,119,63,126,32,46,Organic,0,Motivation,Night,
2425,YouTube,Story,2024-04-15,5742,3632,3449,12,396,324,15,145,Organic,0,Education,Day,
2426,Instagram,Image,2022-07-12,12439,11446,4654,245,3,3307,387,117,Paid,2714,Motivation,Night,
2427,Instagram,Image,2024-02-24,2636,1583,627,158,278,71,13,109,Organic,0,Education,Night,
2428,Instagram,Image,2024-03-18,15262,13223,5071,45,214,1642,152,21,Paid,2190,Education,Day,
2429,Facebook,Video,2023-05-24,7596,6136,2104,169,16,1823,355,124,Paid,3856,Education,Day,
2430,Facebook,Reel,2022-10-07,1755,1469,963,101,19,125,22,141,Organic,0,Motivation,Day,
2431,YouTube,Image,2024-06-16,13652,10422,7231,40,56,2314,436,173,Paid,561,Motivation,Day,
2432,Facebook,Image,2024-03-11,19528,17041,7298,164,105,2933,140,133,Paid,2968,Motivation,Day,
2433,YouTube,Reel,2025-01-12,2623,2332,1507,179,56,607,119,134,Organic,0,Awareness,Night,
2434,Facebook,Reel,2023-04-27,6292,5941,3494,153,120,329,59,64,Organic,0,Motivation,Night,
2435,Facebook,Story,2023-12-11,3567,2783,2505,201,178,628,74,52,Organic,0,Entertainment,Night,
2436,Instagram,Story,2022-09-04,10230,7833,7165,149,381,1780,253,33,Organic,0,Awareness,Night,
2437,YouTube,Story,2025-05-28,8255,6212,5013,62,202,1452,131,101,Organic,0,Education,Day,
2438,Facebook,Reel,2022-05-16,19657,19396,8469,141,296,4943,1206,14,Organic,0,Promotion,Day,
2439,Instagram,Story,2025-12-02,15774,11799,281,269,388,927,138,62,Organic,0,Awareness,Day,
2440,Facebook,Story,2021-04-08,19394,13039,8200,215,65,598,57,25,Paid,4942,Awareness,Day,
2441,Instagram,Video,2024-04-08,16631,15905,4082,80,53,1790,534,32,Organic,0,Education,Day,
2442,YouTube,Reel,2021-09-22,1261,1213,235,245,389,292,57,38,Organic,0,Motivation,Day,
2443,Facebook,Story,2025-10-11,2420,1942,394,146,322,334,38,12,Organic,0,Motivation,Night,
2444,Facebook,Reel,2025-06-28,14526,11750,2058,19,125,1379,241,83,Organic,0,Awareness,Night,
2445,Instagram,Story,2024-03-06,1332,842,390,32,75,77,8,149,Organic,0,Motivation,Day,
2446,Facebook,Story,2021-10-17,8321,7312,873,69,398,223,3,91,Organic,0,Awareness,Night,
2447,Instagram,Image,2023-08-04,4761,3273,1459,270,361,751,221,92,Organic,0,Promotion,Night,
2448,Facebook,Image,2022-11-22,13832,9858,37,284,481,1354,298,177,Paid,1807,Promotion,Day,
2449,YouTube,Story,2022-03-24,15098,9704,5906,282,152,2349,624,73,Paid,3722,Education,Day,
2450,Instagram,Reel,2023-03-24,7198,5380,693,37,114,1424,167,164,Organic,0,Entertainment,Night,
2451,YouTube,Story,2025-12-18,18761,15767,14585,93,97,3039,49,176,Paid,2921,Entertainment,Night,
2452,YouTube,Reel,2021-10-05,14349,9899,3193,158,234,2747,758,91,Paid,2763,Motivation,Night,
2453,Facebook,Video,2022-03-02,10592,7855,153,154,118,1085,208,105,Organic,0,Entertainment,Day,
2454,Facebook,Image,2025-02-27,15770,15312,12802,276,425,3405,516,12,Paid,402,Promotion,Day,
2455,Facebook,Reel,2022-10-05,1918,1183,1165,143,195,282,83,81,Paid,1141,Education,Day,
2456,Instagram,Image,2024-09-19,2642,1898,1821,146,32,91,20,91,Organic,0,Promotion,Night,
2457,YouTube,Story,2022-09-11,16263,11915,957,79,116,771,9,47,Organic,0,Awareness,Day,
2458,YouTube,Story,2021-12-01,18582,17652,13832,200,173,3003,48,133,Organic,0,Motivation,Day,
2459,YouTube,Reel,2025-02-03,6936,5997,1646,68,266,1539,172,113,Organic,0,Motivation,Day,
2460,YouTube,Story,2021-02-03,6023,4570,3287,293,55,19,1,2465,Paid,129034,Entertainment,Day,
2461,YouTube,Reel,2021-02-14,8062,5674,2077,209,239,20,1,156,Organic,0,Awareness,Day,
2462,Instagram,Image,2024-10-04,15449,9823,5983,5,224,2835,125,21,Paid,1842,Entertainment,Night,
2463,Instagram,Reel,2025-03-18,14987,10155,928,88,142,1959,355,137,Paid,1565,Entertainment,Day,
2464,YouTube,Story,2021-12-21,13130,9603,7989,87,120,229,10,152,Organic,0,Entertainment,Day,
2465,YouTube,Story,2021-04-06,1951,1391,938,34,484,138,8,25,Organic,0,Awareness,Day,
2466,Facebook,Reel,2021-12-01,1536,1014,299,26,451,232,20,62,Organic,0,Entertainment,Day,
2467,Instagram,Image,2025-08-30,13232,8418,1664,243,328,1799,423,163,Organic,0,Motivation,Day,
2468,YouTube,Reel,2023-04-28,17226,12965,4320,25,197,3378,266,114,Organic,0,Entertainment,Day,
2469,Instagram,Reel,2025-11-22,12788,12108,11102,240,322,931,274,143,Organic,0,Awareness,Night,
2470,YouTube,Story,2022-01-04,5860,4906,4905,20,410,1035,32,147,Organic,0,Awareness,Day,
2471,Instagram,Story,2023-12-30,12247,10504,8308,75,484,1614,388,139,Paid,3916,Promotion,Day,
2472,Facebook,Video,2023-07-14,9106,7451,6507,95,51,1020,96,32,Organic,0,Entertainment,Day,
2473,Facebook,Image,2021-09-02,5259,3501,2103,21,120,176,3,55,Organic,0,Awareness,Day,
2474,Facebook,Video,2025-03-02,12359,11943,10970,37,232,1703,413,9,Organic,0,Entertainment,Day,
2475,Facebook,Reel,2021-03-15,2621,2564,2450,77,180,298,88,9,Paid,3162,Education,Night,
2476,Facebook,Story,2021-12-31,4393,3838,3011,56,252,515,90,98,Organic,0,Motivation,Night,
2477,Instagram,Story,2023-10-06,4343,2958,1023,112,285,179,9,100,Organic,0,Motivation,Night,
2478,Instagram,Reel,2023-01-09,15889,11022,2364,57,192,669,5,12,Paid,4270,Entertainment,Day,
2479,Instagram,Image,2024-11-04,6772,5606,1575,99,378,1390,164,992,Organic,0,Motivation,Day,
2480,Instagram,Story,2022-02-19,1049,983,309,226,449,276,25,142,Organic,0,Motivation,Night,
2481,Facebook,Story,2023-10-20,1606,1275,24,138,237,257,66,42,Organic,0,Education,Day,
2482,Facebook,Image,2024-06-11,1681,1178,1039,178,36,5,1,115,Paid,2132,Motivation,Day,
2483,Facebook,Reel,2022-06-12,11263,8309,6508,218,324,1835,508,116,Organic,0,Motivation,Night,
2484,YouTube,Story,2023-04-29,7855,5368,1515,231,471,1224,162,85,Organic,0,Awareness,Day,
2485,Instagram,Reel,2021-11-24,17318,14274,287,214,41,2612,174,140,Organic,0,Motivation,Night,
2486,Facebook,Reel,2021-10-18,14086,11312,455,188,293,2223,85,108,Paid,398,Entertainment,Day,
2487,YouTube,Story,2021-08-28,6166,4317,3362,111,21,1213,146,157,Organic,0,Motivation,Day,
2488,Facebook,Image,2024-09-23,5968,4881,1905,223,125,646,193,77,Organic,0,Entertainment,Night,
2489,YouTube,Story,2023-04-17,16180,15183,10880,92,21,1262,330,53,Paid,4684,Motivation,Day,
2490,Instagram,Video,2024-09-20,15138,12170,10589,282,173,311,42,40,Organic,0,Entertainment,Day,
2491,YouTube,Video,2021-08-08,4181,2906,178,139,293,209,46,130,Paid,1854,Motivation,Day,
2492,Facebook,Video,2021-05-12,18512,18083,5792,77,48,1838,160,72,Paid,791,Entertainment,Day,
2493,Facebook,Video,2022-08-30,6665,4311,3051,275,78,762,191,82,Paid,2048,Motivation,Day,
2494,Instagram,Video,2023-04-03,15268,13611,1703,298,56,1708,511,109,Organic,0,Education,Day,
2495,YouTube,Image,2024-01-06,18394,13712,5067,156,384,2147,569,173,Organic,0,Awareness,Night,
2496,YouTube,Image,2023-03-07,5376,3228,1811,268,245,43,12,126,Paid,4579,Awareness,Night,
2497,Facebook,Image,2022-11-02,9013,8814,6581,144,484,1284,266,123,Paid,3470,Awareness,Night,
2498,Facebook,Image,2021-09-01,14084,10996,2118,111,151,3174,763,118,Organic,0,Awareness,Night,
2499,Instagram,Reel,2025-01-04,6907,4601,1466,38,98,1250,72,14,Paid,4210,Education,Day,
2500,YouTube,Story,2021-05-11,6997,4268,1336,129,272,625,176,153,Organic,0,Education,Day,
2501,Facebook,Video,2023-11-13,8109,5326,737,241,441,576,124,168,Organic,0,Motivation,Day,
2502,Facebook,Story,2024-04-19,15631,10634,9426,269,49,3114,416,144,Organic,0,Education,Night,
2503,Facebook,Video,2021-08-16,6271,5866,467,112,448,1430,101,95,Paid,4417,Awareness,Day,
2504,Facebook,Reel,2025-02-19,15155,12552,11570,1,31,1678,10,6,Organic,0,Promotion,Day,
2505,Facebook,Story,2021-11-27,1176,883,198,278,202,100,23,122,Organic,0,Motivation,Night,
2506,YouTube,Story,2024-07-17,7178,4700,1470,138,125,7,1,17,Paid,2193,Entertainment,Day,
2507,Facebook,Reel,2022-12-29,18349,12933,6847,87,337,2252,1,164,Organic,0,Awareness,Day,
2508,Instagram,Image,2021-05-03,19499,17984,17497,221,83,5009,127,99,Organic,0,Awareness,Day,
2509,YouTube,Reel,2025-10-23,15987,15787,13825,284,455,3572,499,148,Organic,0,Awareness,Day,
2510,YouTube,Reel,2024-10-10,7776,6719,6672,247,208,1248,197,36,Organic,0,Education,Day,
2511,Facebook,Image,2021-08-22,3729,3272,725,203,232,344,81,36,Organic,0,Entertainment,Day,
2512,YouTube,Video,2025-05-11,4432,3166,304,97,79,444,78,128,Paid,1276,Motivation,Day,
2513,Facebook,Reel,2022-04-08,17575,17025,3248,276,434,1284,102,15,Organic,0,Awareness,Day,
2514,Instagram,Video,2022-01-18,17649,16578,15626,166,362,1833,357,14,Paid,1274,Entertainment,Day,
2515,YouTube,Video,2023-03-01,1648,1403,865,189,422,246,63,19,Organic,0,Promotion,Night,
2516,Facebook,Story,2021-07-25,6473,3908,1013,38,318,1102,267,21,Organic,0,Education,Day,
2517,YouTube,Image,2023-04-20,5175,5018,4121,56,180,1242,227,172,Organic,0,Awareness,Night,
2518,Facebook,Story,2024-01-14,14729,13584,5733,254,91,3494,505,150,Organic,0,Entertainment,Night,
2519,Facebook,Image,2023-01-25,1545,1081,787,87,313,200,24,157,Organic,0,Entertainment,Day,
2520,Instagram,Image,2021-10-11,12596,12265,3344,157,315,3397,96,63,Organic,0,Awareness,Day,
2521,YouTube,Story,2022-10-30,17620,15431,10996,222,321,1331,175,82,Organic,0,Entertainment,Day,
2522,Facebook,Video,2024-04-01,1295,1232,911,137,321,152,8,128,Organic,0,Entertainment,Night,
2523,Instagram,Story,2023-04-24,16570,11111,1031,224,293,3132,632,118,Organic,0,Motivation,Day,
2524,Facebook,Image,2021-01-08,13987,12360,5029,254,130,88,17,26,Organic,0,Education,Day,
2525,YouTube,Reel,2022-07-19,19322,14476,13151,258,433,2328,415,162,Paid,4026,Motivation,Day,
2526,Instagram,Image,2022-05-12,10904,7463,4251,175,105,1683,236,176,Organic,0,Education,Day,
2527,Instagram,Story,2021-08-07,14063,13200,12720,299,273,2197,546,36,Organic,0,Education,Day,
2528,Facebook,Reel,2021-01-21,1916,1420,1357,263,412,148,20,178,Paid,518,Motivation,Night,
2529,YouTube,Reel,2021-08-31,13926,8436,6528,71,492,1338,87,117,Paid,3826,Awareness,Day,
2530,Facebook,Video,2022-08-17,16030,9938,296,278,91,1624,204,124,Organic,0,Entertainment,Day,
2531,YouTube,Reel,2023-12-02,9865,8108,4,284,449,1034,183,153,Organic,0,Promotion,Night,
2532,Facebook,Video,2025-11-27,18682,15904,5404,247,156,4551,389,126,Organic,0,Motivation,Night,
2533,Facebook,Video,2022-06-21,18722,15747,9065,177,212,1941,485,36,Organic,0,Motivation,Day,
2534,Instagram,Video,2025-06-03,8751,5309,387,0,108,305,57,123,Paid,928,Awareness,Day,
2535,Facebook,Image,2023-03-11,2504,2197,417,182,330,353,92,43,Paid,1487,Entertainment,Day,
2536,YouTube,Story,2022-08-23,7661,4666,4631,98,422,732,99,16,Organic,0,Motivation,Day,
2537,Facebook,Video,2023-07-09,15361,13650,8235,245,467,2410,442,179,Paid,760,Promotion,Day,
2538,Instagram,Video,2021-11-28,1639,1104,63,57,323,271,60,22,Organic,0,Entertainment,Day,
2539,YouTube,Video,2024-11-09,7686,6362,1891,138,470,762,227,153,Organic,0,Motivation,Day,
2540,Facebook,Video,2024-05-16,10687,8894,6445,247,140,1032,67,145,Paid,2706,Motivation,Night,
2541,Instagram,Reel,2025-08-04,12237,10798,4929,19,193,2288,410,153,Organic,0,Education,Day,
2542,Facebook,Image,2022-12-06,5645,3903,3572,244,70,239,41,130,Paid,224,Education,Day,
2543,YouTube,Video,2025-10-18,11335,10286,9977,4,169,730,47,140,Paid,1354,Motivation,Night,
2544,Instagram,Image,2024-09-13,8730,6120,240,132,255,1300,331,50,Organic,0,Awareness,Night,
2545,Instagram,Story,2024-01-14,11069,10576,6100,114,307,1592,155,108,Organic,0,Education,Day,
2546,YouTube,Reel,2025-10-03,15322,11865,5120,3,250,699,24,139,Organic,0,Motivation,Day,
2547,Instagram,Reel,2025-02-01,3681,2488,416,85,359,294,42,155,Organic,0,Entertainment,Night,
2548,Facebook,Reel,2021-09-19,2846,1713,187,34,475,255,50,90,Organic,0,Promotion,Day,
2549,Facebook,Image,2021-10-21,16476,11825,8104,80,217,3189,655,154,Organic,0,Education,Night,
2550,Instagram,Story,2024-06-18,9870,8117,5835,164,283,2234,252,93,Paid,919,Motivation,Night,
2551,Instagram,Reel,2024-10-01,11640,8384,5673,71,364,741,149,26,Organic,0,Education,Day,
2552,Instagram,Image,2023-10-26,11244,7576,3016,43,229,1663,59,96,Organic,0,Entertainment,Night,
2553,Facebook,Video,2023-12-20,3181,2020,743,157,306,344,6,33,Organic,0,Awareness,Night,
2554,Instagram,Image,2022-09-22,4039,2952,943,187,326,458,116,17,Paid,2120,Motivation,Night,
2555,Instagram,Story,2022-09-02,8039,6283,918,236,60,1581,72,6,Organic,0,Entertainment,Day,
2556,Facebook,Image,2025-07-09,12678,12362,3267,133,148,1229,359,33,Organic,0,Promotion,Night,
2557,Facebook,Video,2023-09-28,7657,4744,1820,99,63,682,59,31,Paid,3369,Motivation,Day,
2558,YouTube,Reel,2025-11-25,18362,12800,3926,266,470,1725,85,54,Organic,0,Promotion,Night,
2559,Facebook,Reel,2023-08-30,6970,5931,4561,34,180,76,16,99,Organic,0,Awareness,Day,
2560,YouTube,Story,2022-02-07,6704,5987,4545,222,94,1112,243,155,Paid,4651,Motivation,Day,
2561,Instagram,Story,2021-09-08,11353,7323,3347,167,425,1283,92,92,Organic,0,Motivation,Day,
2562,Facebook,Video,2023-09-16,7969,6122,831,262,289,1492,115,48,Paid,3521,Entertainment,Day,
2563,Instagram,Story,2022-01-21,4518,3439,1562,254,44,870,244,26,Organic,0,Education,Day,
2564,Facebook,Image,2021-11-29,16702,13647,9647,33,158,3040,387,175,Organic,0,Motivation,Day,
2565,Facebook,Story,2021-10-07,8355,5872,3080,220,134,1666,202,169,Paid,1345,Awareness,Day,
2566,YouTube,Story,2021-08-18,12188,7743,3929,116,295,118,2,101,Organic,0,Motivation,Day,
2567,YouTube,Video,2021-12-02,1555,1477,1106,209,339,119,21,7,Paid,3573,Motivation,Night,
2568,Facebook,Story,2021-12-15,18107,13243,6387,141,376,3705,588,122,Paid,324,Motivation,Night,
2569,Facebook,Image,2024-06-22,17862,17077,12147,224,87,4232,609,23,Paid,511,Motivation,Day,
2570,Instagram,Story,2025-05-07,19384,19091,18711,178,386,3038,843,27,Paid,974,Awareness,Day,
2571,Facebook,Video,2025-09-22,18036,11856,2935,73,36,2123,113,161,Organic,0,Entertainment,Day,
2572,Facebook,Video,2024-06-01,15454,15376,13434,70,153,3790,1103,34,Paid,2031,Education,Day,
2573,Instagram,Video,2024-05-31,18328,15423,7571,7,474,1536,327,43,Organic,0,Awareness,Night,
2574,YouTube,Story,2022-11-05,11753,11385,3376,217,254,1225,134,112,Organic,0,Awareness,Night,
2575,YouTube,Reel,2021-08-03,6238,5884,1782,15,107,801,133,115,Paid,1189,Promotion,Day,
2576,Facebook,Video,2023-06-09,18306,15101,12703,41,295,2799,770,29,Organic,0,Education,Night,
2577,Instagram,Story,2021-06-13,9053,7928,4722,5,454,2013,551,132,Organic,0,Entertainment,Night,
2578,Facebook,Reel,2024-03-19,1742,1677,215,227,239,336,92,115,Organic,0,Entertainment,Day,
2579,Facebook,Image,2021-10-30,19910,12330,6929,299,106,1517,161,140,Organic,0,Promotion,Day,
2580,Facebook,Story,2024-07-10,8242,8178,6099,258,275,1530,45,110,Paid,3243,Promotion,Day,
2581,Facebook,Story,2025-04-24,1677,1481,399,64,344,383,1,148,Organic,0,Awareness,Day,
2582,YouTube,Video,2024-03-24,13929,8520,170,127,490,497,31,76,Organic,0,Entertainment,Day,
2583,YouTube,Story,2022-09-22,18453,12100,5727,62,124,3493,971,133,Paid,3288,Entertainment,Day,
2584,Facebook,Story,2024-11-14,14978,9332,8765,51,438,2350,60,112,Organic,0,Entertainment,Day,
2585,Instagram,Video,2022-08-04,17458,16349,14406,69,153,1007,21,9,Organic,0,Awareness,Day,
2586,YouTube,Story,2023-04-01,7952,7698,7640,271,254,1888,211,1623,Organic,0,Entertainment,Day,
2587,Instagram,Video,2021-10-14,7738,6194,1777,178,260,1551,205,136,Organic,0,Motivation,Day,
2588,YouTube,Video,2022-12-25,14138,13137,11539,3,320,1004,107,108,Organic,0,Promotion,Day,
2589,Instagram,Video,2025-09-20,11940,11624,6008,149,230,1317,384,68,Paid,4475,Promotion,Day,
2590,Instagram,Image,2025-10-29,9071,5794,1961,299,249,1332,171,110,Organic,0,Promotion,Day,
2591,YouTube,Video,2025-06-06,19615,13292,6223,148,126,1462,177,102,Paid,2564,Promotion,Night,
2592,Facebook,Reel,2021-10-02,13874,13349,7725,248,93,174,42,14,Paid,431,Motivation,Night,
2593,Instagram,Image,2024-05-02,15972,9813,6715,2,175,648,139,153,Organic,0,Education,Day,
2594,Instagram,Story,2021-06-18,9171,6710,2100,35,418,362,66,132,Organic,0,Entertainment,Day,
2595,Facebook,Image,2024-06-30,14507,9331,5297,104,171,143,6,50,Organic,0,Promotion,Night,
2596,Instagram,Video,2023-04-19,18544,18271,12232,63,19,5200,613,159,Organic,0,Entertainment,Night,
2597,YouTube,Video,2023-10-02,7190,7055,2163,73,249,5,0,70,Paid,3196,Entertainment,Day,
2598,Facebook,Video,2025-10-22,14752,10559,4313,132,346,1729,137,173,Organic,0,Motivation,Night,
2599,Facebook,Reel,2025-03-27,9866,7775,4849,162,406,475,135,116,Organic,0,Entertainment,Day,
2600,YouTube,Image,2024-03-23,7927,4844,4057,205,133,1178,210,17,Organic,0,Promotion,Day,
2601,Facebook,Story,2023-11-02,1117,961,961,260,232,88,5,141,Organic,0,Entertainment,Night,
2602,YouTube,Reel,2022-12-20,9834,9468,5384,275,383,1310,386,168,Organic,0,Motivation,Day,
2603,Instagram,Reel,2023-07-18,15866,10631,348,217,412,2010,126,90,Organic,0,Promotion,Night,
2604,Instagram,Story,2025-04-01,19114,16055,12708,17,103,981,54,94,Organic,0,Motivation,Day,
2605,Facebook,Video,2025-04-06,10996,8303,8084,105,280,2419,515,62,Organic,0,Awareness,Day,
2606,Facebook,Reel,2023-01-06,16397,13468,11997,119,109,2670,765,58,Organic,0,Education,Day,
2607,YouTube,Story,2023-07-10,14261,10882,1544,119,367,3116,486,16,Paid,3205,Entertainment,Night,
2608,YouTube,Image,2022-12-16,1276,777,23,95,279,159,7,18,Organic,0,Entertainment,Day,
2609,YouTube,Video,2022-06-26,5185,4732,2146,34,335,272,44,125,Organic,0,Entertainment,Night,
2610,Facebook,Story,2021-03-13,6583,4901,3688,236,68,174,39,166,Organic,0,Awareness,Night,
2611,YouTube,Image,2021-02-10,1239,880,706,139,51,143,4,125,Organic,0,Education,Day,
2612,YouTube,Video,2023-01-31,19514,13470,974,247,365,653,69,24,Paid,1082,Motivation,Day,
2613,Instagram,Image,2025-03-18,11143,7494,230,300,373,591,36,79,Organic,0,Awareness,Day,
2614,Facebook,Image,2022-06-08,19285,15459,3353,93,90,1237,199,148,Organic,0,Awareness,Night,
2615,YouTube,Reel,2025-06-13,13228,8576,4745,7,135,2031,305,74,Paid,3667,Promotion,Night,
2616,Facebook,Video,2021-08-09,8011,5512,290,98,156,858,51,60,Paid,4367,Awareness,Day,
2617,Instagram,Reel,2024-11-09,13536,12428,823,243,6,1767,101,105,Organic,0,Awareness,Day,
2618,Facebook,Reel,2024-11-23,5892,5772,459,77,398,817,114,136,Organic,0,Entertainment,Day,
2619,YouTube,Image,2025-05-16,2151,1322,848,69,35,304,42,115,Paid,4890,Promotion,Day,
2620,Facebook,Video,2024-01-19,19718,14782,163,173,238,1610,209,129,Organic,0,Motivation,Day,
2621,YouTube,Image,2021-05-03,16590,14909,3987,69,170,2564,30,136,Paid,4431,Education,Night,
2622,Facebook,Image,2022-03-19,19451,11770,1465,97,385,106,29,24,Paid,2977,Motivation,Night,
2623,YouTube,Video,2021-11-25,2134,1950,418,276,416,462,43,142,Paid,3892,Promotion,Night,
2624,Instagram,Video,2023-11-10,13473,12722,10732,199,253,168,47,28,Organic,0,Entertainment,Day,
2625,Instagram,Story,2025-07-06,5670,4162,2288,208,405,245,3,158,Paid,1105,Education,Day,
2626,YouTube,Image,2024-01-26,4665,3814,3417,3,232,227,21,41,Organic,0,Motivation,Day,
2627,YouTube,Reel,2021-04-21,9415,6903,6222,154,150,1003,208,58,Paid,4818,Education,Day,
2628,Facebook,Image,2021-07-10,5317,3942,63,73,175,738,36,107,Organic,0,Education,Day,
2629,YouTube,Reel,2025-03-27,6933,5038,139,298,139,1203,138,153,Organic,0,Education,Day,
2630,Facebook,Video,2023-02-09,10997,10252,3411,93,215,1943,184,42,Organic,0,Awareness,Night,
2631,Instagram,Image,2021-09-25,12571,10129,1292,238,308,386,28,178,Organic,0,Promotion,Day,
2632,Instagram,Story,2022-07-08,10833,6696,4786,276,179,1987,137,8,Organic,0,Promotion,Night,
2633,YouTube,Video,2021-08-05,4668,3582,1309,274,297,75,4,61,Paid,4271,Entertainment,Day,
2634,Facebook,Story,2025-04-01,3979,2736,2484,274,453,440,103,177,Organic,0,Motivation,Day,
2635,Facebook,Image,2023-05-27,14553,10822,2079,109,237,1961,569,24,Paid,3795,Entertainment,Day,
2636,Instagram,Story,2023-12-13,13431,8539,7474,132,12,39,8,21,Organic,0,Motivation,Day,
2637,Facebook,Video,2025-08-09,17750,16787,3589,292,16,1890,448,123,Organic,0,Education,Night,
2638,YouTube,Image,2021-09-25,17079,12635,4927,22,25,2538,580,75,Organic,0,Motivation,Day,
2639,Facebook,Reel,2025-04-14,14227,13215,6439,65,426,3018,743,8,Organic,0,Motivation,Night,
2640,Instagram,Image,2024-01-12,7467,5815,2215,229,483,471,71,18,Paid,3593,Education,Day,
2641,Facebook,Image,2022-04-04,2280,1884,652,140,221,161,7,7,Organic,0,Entertainment,Day,
2642,YouTube,Video,2021-01-20,7143,4891,1363,102,380,1463,438,84,Organic,0,Motivation,Day,
2643,Instagram,Video,2023-01-06,17110,15888,14395,106,389,1215,7,59,Organic,0,Entertainment,Night,
2644,Facebook,Image,2021-02-07,8137,4890,2037,149,380,124,1,136,Paid,4919,Entertainment,Day,
2645,YouTube,Video,2024-06-07,14215,12243,8456,266,292,980,56,124,Organic,0,Promotion,Night,
2646,Instagram,Video,2021-09-01,19616,12506,379,296,488,496,64,28,Organic,0,Education,Day,
2647,YouTube,Reel,2021-11-08,4025,3202,2807,253,103,581,160,166,Organic,0,Education,Day,
2648,Instagram,Video,2025-01-28,15966,15658,6360,4,277,4357,1182,162,Organic,0,Awareness,Night,
2649,Facebook,Image,2025-10-17,12037,9681,7864,132,198,2225,84,86,Organic,0,Entertainment,Day,
2650,Facebook,Story,2024-05-07,9026,5581,1795,127,222,103,0,151,Paid,1321,Awareness,Day,
2651,YouTube,Image,2025-09-07,4890,4757,675,49,267,198,46,163,Organic,0,Education,Night,
2652,Facebook,Story,2024-05-22,3790,2925,2843,132,168,94,21,64,Organic,0,Education,Day,
2653,Instagram,Reel,2025-07-07,17424,11613,297,96,325,3109,587,151,Organic,0,Awareness,Day,
2654,YouTube,Story,2023-01-14,9512,9003,3918,142,211,49,1,53,Organic,0,Education,Day,
2655,Facebook,Story,2023-02-08,14471,8927,4642,297,455,1828,329,67,Organic,0,Education,Day,
2656,YouTube,Video,2023-06-24,9956,9508,1564,29,281,1656,221,114,Paid,459,Promotion,Day,
2657,YouTube,Video,2021-02-02,5520,4405,4153,77,471,1318,369,154,Paid,4936,Motivation,Day,
2658,Instagram,Video,2024-05-06,5514,4219,1222,200,72,1051,228,156,Paid,2809,Promotion,Night,
2659,YouTube,Image,2025-12-23,2103,1804,536,166,463,354,64,113,Paid,4109,Motivation,Day,
2660,YouTube,Image,2024-07-28,5454,5187,2552,81,486,465,91,80,Organic,0,Promotion,Night,
2661,Instagram,Video,2021-01-18,8283,6379,1306,48,395,930,8,34,Organic,0,Promotion,Day,
2662,Facebook,Video,2021-08-08,19350,12752,11249,214,480,2259,339,62,Organic,0,Entertainment,Day,
2663,Instagram,Story,2024-07-17,3275,3251,2312,9,146,180,50,121,Organic,0,Awareness,Day,
2664,Facebook,Reel,2023-08-10,14027,9353,3589,28,135,129,3,163,Organic,0,Promotion,Night,
2665,YouTube,Reel,2021-06-24,14974,12329,8558,73,234,96,1,104,Organic,0,Entertainment,Night,
2666,Facebook,Reel,2025-12-06,3839,2363,821,65,290,91,23,23,Organic,0,Promotion,Day,
2667,YouTube,Story,2021-09-14,14999,9561,8722,191,5,1437,45,177,Paid,2157,Awareness,Day,
2668,Instagram,Reel,2025-03-19,17310,16410,8472,159,195,3517,891,98,Paid,2293,Entertainment,Night,
2669,YouTube,Image,2021-12-30,2507,2497,1716,112,436,312,83,117,Paid,1952,Motivation,Night,
2670,YouTube,Story,2024-06-27,10825,9631,3876,3,187,103,3,150,Organic,0,Awareness,Night,
2671,Instagram,Image,2025-02-07,17358,16305,13850,76,132,1679,493,67,Organic,0,Education,Day,
2672,Instagram,Image,2021-06-20,8696,6649,4380,86,83,1143,215,120,Organic,0,Entertainment,Day,
2673,YouTube,Image,2024-09-30,11415,7680,3711,1,260,516,117,117,Organic,0,Education,Night,
2674,Instagram,Image,2023-03-05,13844,11732,2500,66,141,2881,828,51,Organic,0,Entertainment,Day,
2675,Instagram,Image,2025-12-16,3509,3377,2091,138,404,900,226,61,Organic,0,Motivation,Day,
2676,YouTube,Video,2024-09-18,10615,10246,3402,185,7,1913,82,122,Organic,0,Entertainment,Day,
2677,Facebook,Image,2022-09-14,2196,1739,617,74,64,111,32,49,Organic,0,Promotion,Day,
2678,YouTube,Story,2025-07-21,8710,6508,439,157,371,1769,278,165,Organic,0,Education,Night,
2679,YouTube,Video,2021-08-15,14738,11941,5509,221,431,2243,156,149,Organic,0,Education,Night,
2680,Instagram,Reel,2023-01-01,9283,8045,140,204,337,1459,83,8,Organic,0,Entertainment,Day,
2681,YouTube,Video,2025-08-04,10057,9315,1656,252,396,1159,329,152,Organic,0,Promotion,Day,
2682,YouTube,Image,2023-12-24,7408,6683,2040,1,438,1127,41,51,Organic,0,Promotion,Night,
2683,Facebook,Story,2022-11-22,15058,10946,8199,257,412,1256,115,147,Organic,0,Entertainment,Day,
2684,Facebook,Image,2022-07-22,6857,4379,190,207,207,1081,264,51,Organic,0,Awareness,Day,
2685,YouTube,Video,2025-10-01,9508,9251,716,93,46,74,11,1290,Paid,86098,Motivation,Day,
2686,Facebook,Story,2024-09-06,6275,5284,673,95,126,636,50,128,Paid,2163,Entertainment,Day,
2687,Instagram,Image,2021-04-15,1960,1297,8,122,254,362,51,79,Organic,0,Promotion,Day,
2688,YouTube,Reel,2021-04-19,5662,3808,668,31,357,1034,197,107,Organic,0,Motivation,Day,
2689,Facebook,Video,2024-02-02,7607,4994,656,45,413,1217,228,141,Organic,0,Entertainment,Day,
2690,Instagram,Video,2022-09-02,10044,6158,1971,54,384,27,3,94,Organic,0,Motivation,Night,
2691,Instagram,Image,2025-08-12,17265,16482,1493,53,452,810,150,148,Organic,0,Awareness,Night,
2692,Facebook,Video,2025-01-04,13712,9501,8312,132,50,1453,350,73,Organic,0,Promotion,Night,
2693,Instagram,Video,2025-11-12,10335,10023,1973,39,105,2145,336,65,Organic,0,Awareness,Day,
2694,YouTube,Video,2023-12-22,15337,11993,370,241,472,915,172,142,Organic,0,Awareness,Day,
2695,Facebook,Video,2023-12-07,6454,6158,3863,70,399,1082,227,54,Paid,1407,Promotion,Night,
2696,YouTube,Image,2023-08-17,16334,14704,1733,218,14,460,58,7,Organic,0,Awareness,Night,
2697,Facebook,Image,2025-05-15,19105,17117,5066,66,457,4194,227,111,Paid,3145,Entertainment,Day,
2698,Instagram,Video,2023-09-13,7645,7359,4386,101,248,1573,128,117,Organic,0,Entertainment,Day,
2699,Instagram,Video,2025-12-04,12103,9118,114,93,408,165,28,98,Organic,0,Motivation,Day,
2700,Facebook,Story,2025-01-07,10397,6360,2882,238,443,1379,370,122,Paid,3785,Entertainment,Day,
2701,Instagram,Story,2024-08-26,17400,10697,3181,69,109,60,5,85,Paid,4556,Entertainment,Day,
2702,Facebook,Video,2023-03-12,13951,9895,6298,195,282,664,31,113,Organic,0,Motivation,Night,
2703,Instagram,Video,2024-09-26,12547,11262,6372,226,349,1063,203,55,Organic,0,Education,Day,
2704,Facebook,Story,2022-05-19,12682,8152,5709,72,45,1789,121,151,Organic,0,Promotion,Day,
2705,YouTube,Image,2022-09-03,11546,7376,595,2,245,472,104,174,Organic,0,Entertainment,Night,
2706,Facebook,Story,2021-04-06,1316,1011,914,80,144,101,11,39,Paid,4877,Motivation,Day,
2707,YouTube,Reel,2025-11-08,7942,7643,2363,277,437,460,137,50,Paid,4861,Awareness,Night,
2708,YouTube,Story,2021-02-18,10595,10480,1755,217,307,270,28,158,Organic,0,Awareness,Day,
2709,YouTube,Video,2021-04-06,3444,2097,1508,36,193,323,29,73,Organic,0,Entertainment,Night,
2710,Facebook,Image,2025-07-12,16606,15858,11440,148,206,2987,781,97,Organic,0,Promotion,Day,
2711,Instagram,Reel,2025-11-02,9030,6364,2538,281,46,1367,314,68,Organic,0,Motivation,Night,
2712,YouTube,Story,2025-08-07,4062,2443,2042,215,132,333,2,169,Paid,2098,Motivation,Day,
2713,Instagram,Video,2025-06-01,6094,5665,2621,241,126,1035,299,53,Paid,4927,Motivation,Day,
2714,YouTube,Reel,2025-04-16,19081,14208,8945,39,463,2629,762,153,Organic,0,Motivation,Day,
2715,YouTube,Story,2021-10-02,15714,13464,12535,288,254,1349,50,78,Organic,0,Motivation,Day,
2716,YouTube,Image,2022-06-16,17603,11367,10477,23,390,1398,185,9,Organic,0,Promotion,Day,
2717,YouTube,Story,2021-02-08,16134,10997,4795,222,388,930,196,104,Organic,0,Motivation,Night,
2718,YouTube,Video,2023-08-18,13117,10165,5867,33,226,1731,473,74,Paid,1510,Promotion,Day,
2719,Facebook,Image,2021-05-06,4334,2655,501,185,196,471,52,94,Organic,0,Promotion,Night,
2720,YouTube,Image,2024-08-06,9636,8872,1002,110,50,1968,544,8,Organic,0,Promotion,Day,
2721,YouTube,Reel,2023-12-22,16947,12773,7246,151,420,1257,116,130,Organic,0,Awareness,Night,
2722,Instagram,Reel,2024-12-16,3388,2649,1570,25,82,515,83,43,Paid,2274,Education,Day,
2723,Instagram,Image,2025-04-28,19436,13076,2416,230,95,1361,132,167,Organic,0,Entertainment,Night,
2724,Instagram,Image,2023-07-08,19186,15739,4107,69,5,2459,46,133,Paid,4004,Awareness,Day,
2725,YouTube,Image,2022-02-28,15592,14701,1107,105,482,3090,699,28,Paid,321,Education,Day,
2726,Instagram,Reel,2023-09-02,12084,8955,5867,64,111,2246,410,61,Paid,232,Awareness,Day,
2727,YouTube,Image,2024-05-28,18334,14532,11007,15,408,4128,973,104,Organic,0,Promotion,Night,
2728,Facebook,Reel,2024-04-26,9626,7892,1444,29,355,2143,402,74,Organic,0,Promotion,Night,
2729,Instagram,Video,2021-01-13,11964,10213,8598,74,242,963,132,45,Organic,0,Motivation,Night,
2730,Facebook,Image,2022-11-02,7554,6898,3514,131,397,1712,85,178,Organic,0,Promotion,Day,
2731,Facebook,Story,2024-09-05,1289,1094,842,230,29,98,21,64,Organic,0,Awareness,Day,
2732,Instagram,Story,2024-12-26,16521,14009,4172,81,223,3795,1023,112,Organic,0,Entertainment,Night,
2733,Facebook,Story,2022-05-10,3522,3314,602,92,244,721,7,61,Organic,0,Promotion,Day,
2734,Instagram,Reel,2021-09-24,7883,6377,1476,30,361,1535,428,35,Paid,2296,Education,Day,
2735,YouTube,Video,2023-09-15,6769,4779,614,237,425,1317,75,88,Organic,0,Awareness,Night,
2736,YouTube,Image,2023-10-05,13156,11907,2693,29,399,1744,123,156,Organic,0,Education,Day,
2737,Instagram,Story,2021-08-22,10651,7681,6857,282,206,2224,380,40,Paid,2427,Motivation,Night,
2738,YouTube,Video,2023-02-07,19911,16479,13920,296,4,1906,33,162,Paid,1593,Motivation,Day,
2739,YouTube,Image,2021-03-02,7793,7069,4658,281,7,733,47,156,Paid,2107,Entertainment,Night,
2740,Instagram,Image,2023-03-26,4134,3025,317,31,216,188,43,112,Paid,2223,Awareness,Night,
2741,YouTube,Reel,2023-08-10,18903,11548,1317,204,473,292,57,110,Paid,2678,Entertainment,Night,
2742,Instagram,Video,2025-12-24,7357,6239,269,149,298,1816,40,162,Organic,0,Education,Day,
2743,Instagram,Reel,2025-09-07,7497,5352,2079,143,192,378,52,90,Organic,0,Entertainment,Day,
2744,Facebook,Story,2021-11-24,19925,13788,12820,227,221,926,225,139,Organic,0,Education,Night,
2745,Facebook,Video,2022-04-01,8918,7624,6073,203,387,21,4,167,Organic,0,Entertainment,Day,
2746,Instagram,Story,2025-12-10,11652,9121,1781,112,377,249,20,18,Organic,0,Motivation,Night,
2747,Instagram,Reel,2025-04-02,8368,5541,4431,44,81,946,80,124,Organic,0,Awareness,Day,
2748,Instagram,Video,2022-04-01,19762,12822,4890,288,418,3367,396,142,Organic,0,Entertainment,Day,
2749,Instagram,Image,2025-01-11,15065,9526,6473,169,421,513,110,84,Organic,0,Education,Day,
2750,Instagram,Story,2024-08-12,6624,5832,1682,250,135,340,70,148,Organic,0,Awareness,Day,
2751,Facebook,Image,2023-11-02,13243,8136,2468,1,214,1854,0,110,Paid,2273,Motivation,Night,
2752,YouTube,Reel,2025-09-30,17225,13311,730,279,5,3086,422,74,Organic,0,Motivation,Night,
2753,YouTube,Reel,2021-04-06,4384,3787,3160,39,462,351,76,48,Paid,960,Promotion,Day,
2754,Instagram,Video,2022-07-27,13170,10353,9581,115,88,975,16,77,Organic,0,Awareness,Night,
2755,YouTube,Video,2022-02-27,6140,5111,1374,125,183,394,31,49,Paid,1752,Entertainment,Night,
2756,Instagram,Story,2024-08-28,3203,2004,1747,30,58,157,23,111,Paid,1157,Motivation,Night,
2757,Facebook,Video,2025-06-19,8413,6429,1851,207,297,580,84,88,Organic,0,Entertainment,Day,
2758,Facebook,Reel,2022-08-07,17524,17175,6345,125,98,4541,1147,86,Organic,0,Entertainment,Day,
2759,Facebook,Image,2021-12-01,6315,4995,1083,3,415,504,100,111,Organic,0,Education,Night,
2760,Facebook,Reel,2025-03-10,18609,11383,2006,64,425,1420,288,25,Paid,4413,Entertainment,Day,
2761,Facebook,Video,2021-11-28,9829,8979,7279,170,384,1106,46,165,Paid,3436,Promotion,Night,
2762,YouTube,Video,2024-06-13,13871,10886,1931,73,124,2505,615,11,Paid,4845,Awareness,Night,
2763,Instagram,Story,2023-09-13,17266,13647,9633,190,142,811,19,74,Organic,0,Awareness,Night,
2764,Facebook,Story,2022-01-09,6244,4014,2625,47,289,30,6,131,Organic,0,Education,Night,
2765,YouTube,Reel,2025-06-20,7656,6428,1481,202,228,700,159,147,Paid,1421,Promotion,Night,
2766,YouTube,Image,2023-02-02,3490,2563,524,216,437,102,15,164,Organic,0,Promotion,Day,
2767,Facebook,Image,2024-09-29,9980,7927,2063,196,52,1304,77,152,Organic,0,Awareness,Day,
2768,YouTube,Video,2023-07-08,5648,3492,18,292,303,871,61,147,Organic,0,Promotion,Day,
2769,YouTube,Story,2025-11-27,6188,5895,500,97,85,550,80,153,Paid,200,Motivation,Day,
2770,Instagram,Story,2022-04-17,4469,2809,40,162,48,362,88,174,Organic,0,Entertainment,Day,
2771,YouTube,Video,2021-10-13,9877,6785,2453,121,341,1474,395,158,Organic,0,Entertainment,Day,
2772,YouTube,Story,2024-07-30,2617,2474,1909,64,191,496,118,124,Organic,0,Awareness,Day,
2773,Facebook,Reel,2021-07-11,9235,9063,4167,164,358,537,39,132,Paid,311,Awareness,Day,
2774,YouTube,Story,2025-02-16,18684,17691,15830,252,21,896,92,146,Organic,0,Promotion,Night,
2775,Facebook,Reel,2025-08-26,15136,13117,3423,120,387,2597,391,61,Organic,0,Education,Night,
2776,Instagram,Video,2023-05-31,6575,6357,2932,29,84,1207,285,169,Organic,0,Awareness,Night,
2777,Instagram,Image,2024-09-24,12150,11117,4504,29,452,2934,555,62,Paid,1629,Awareness,Day,
2778,Instagram,Reel,2025-05-28,18031,13550,12104,277,87,2607,515,25,Paid,2243,Awareness,Day,
2779,YouTube,Image,2023-09-06,11506,10484,2816,9,378,2910,812,86,Paid,4802,Promotion,Day,
2780,Facebook,Reel,2021-09-14,17643,12765,5937,156,473,1629,246,73,Organic,0,Motivation,Day,
2781,YouTube,Image,2023-02-04,8101,8055,1382,284,81,1306,377,135,Paid,870,Awareness,Day,
2782,YouTube,Reel,2025-03-27,6656,4744,2889,207,86,717,2,91,Organic,0,Motivation,Day,
2783,YouTube,Story,2023-04-23,10826,10158,2953,6,46,704,141,169,Organic,0,Promotion,Day,
2784,Instagram,Reel,2021-06-28,6555,4598,93,6,310,503,70,53,Organic,0,Education,Night,
2785,YouTube,Reel,2023-06-28,14680,12039,6715,204,0,697,177,151,Organic,0,Entertainment,Night,
2786,Instagram,Image,2024-04-04,9594,9518,3181,94,34,1403,26,119,Paid,480,Entertainment,Day,
2787,Facebook,Reel,2021-02-08,16637,12317,10068,38,25,2650,40,93,Organic,0,Entertainment,Day,
2788,YouTube,Reel,2023-01-30,3765,3436,550,82,152,449,62,89,Organic,0,Entertainment,Day,
2789,Instagram,Video,2022-04-01,16193,10482,766,214,494,355,75,132,Organic,0,Promotion,Day,
2790,Facebook,Video,2023-09-23,1696,1558,656,204,143,73,14,144,Organic,0,Entertainment,Night,
2791,YouTube,Image,2023-05-07,14114,9376,7142,66,200,2806,766,173,Organic,0,Promotion,Night,
2792,Facebook,Story,2021-01-31,10220,7026,1869,237,88,1449,5,165,Organic,0,Education,Day,
2793,Instagram,Reel,2023-06-30,7549,5640,1826,56,105,867,46,121,Organic,0,Awareness,Day,
2794,Facebook,Story,2024-08-09,7495,6177,2319,47,494,234,1,131,Organic,0,Awareness,Day,
2795,YouTube,Image,2025-01-05,15263,11611,5717,141,460,562,51,75,Organic,0,Awareness,Day,
2796,Instagram,Image,2022-01-01,10427,7208,5394,198,267,805,117,90,Paid,4494,Promotion,Night,
2797,Facebook,Reel,2023-05-15,12862,11621,4112,149,92,1721,32,37,Organic,0,Promotion,Night,
2798,YouTube,Image,2025-07-15,2474,2322,1342,174,51,284,54,85,Paid,4236,Promotion,Day,
2799,Instagram,Reel,2021-06-27,17764,15167,2825,153,357,3615,40,156,Paid,1664,Education,Day,
2800,YouTube,Image,2024-02-22,6988,4360,2520,136,395,345,36,65,Paid,277,Motivation,Night,
2801,YouTube,Story,2021-12-11,9759,6173,2829,219,399,1574,254,65,Organic,0,Promotion,Day,
2802,Instagram,Image,2024-03-18,11985,8799,176,84,183,2052,398,102,Organic,0,Promotion,Night,
2803,YouTube,Image,2025-09-21,10614,9396,9165,290,21,923,193,32,Paid,3387,Awareness,Day,
2804,Facebook,Image,2022-02-10,10203,8939,4361,32,334,1915,177,47,Organic,0,Entertainment,Day,
2805,Facebook,Story,2022-04-11,1396,840,640,160,246,152,21,173,Organic,0,Entertainment,Night,
2806,Instagram,Reel,2025-01-27,9779,6581,2631,8,427,187,25,171,Organic,0,Education,Day,
2807,YouTube,Story,2023-12-29,2065,1834,1376,218,25,225,61,90,Organic,0,Entertainment,Day,
2808,Facebook,Video,2023-04-21,10985,10594,4810,113,233,2652,650,21,Paid,1702,Motivation,Day,
2809,Instagram,Video,2022-03-11,17554,14812,6491,192,42,2145,282,102,Organic,0,Awareness,Day,
2810,Instagram,Story,2025-12-05,18767,17424,13569,239,67,3697,719,102,Organic,0,Education,Night,
2811,YouTube,Story,2025-07-16,13704,10137,4864,44,265,1655,283,69,Organic,0,Entertainment,Day,
2812,YouTube,Video,2024-03-15,13214,12167,2443,231,243,3057,623,78,Organic,0,Entertainment,Night,
2813,Facebook,Story,2021-01-23,6470,6244,2740,20,357,1726,112,89,Organic,0,Awareness,Day,
2814,YouTube,Story,2022-08-18,15890,14857,6748,219,17,3154,20,9,Organic,0,Education,Day,
2815,Instagram,Image,2023-06-29,12057,7533,4850,260,125,933,126,6,Paid,718,Awareness,Night,
2816,Instagram,Reel,2024-08-13,7923,4863,182,207,241,811,123,26,Organic,0,Education,Night,
2817,YouTube,Image,2025-02-14,4940,4086,1680,243,466,277,23,116,Paid,4457,Entertainment,Day,
2818,YouTube,Image,2024-06-12,19829,17159,16648,259,220,2303,83,61,Organic,0,Awareness,Day,
2819,Facebook,Video,2024-10-16,11783,8855,6344,241,384,2057,337,70,Organic,0,Awareness,Day,
2820,Facebook,Reel,2022-09-16,7725,6980,5704,263,355,1698,104,78,Organic,0,Motivation,Night,
2821,Facebook,Story,2021-02-19,17505,16695,10572,11,432,3945,818,102,Organic,0,Awareness,Day,
2822,Instagram,Video,2024-11-23,10918,7680,2149,287,216,569,30,148,Paid,1987,Education,Day,
2823,Facebook,Image,2024-10-30,3547,3244,121,208,200,885,205,116,Paid,3735,Motivation,Day,
2824,YouTube,Video,2023-04-04,7748,5413,3887,98,483,125,4,129,Organic,0,Awareness,Day,
2825,Facebook,Reel,2024-10-10,6810,6170,4018,61,287,1718,82,171,Organic,0,Awareness,Night,
2826,YouTube,Reel,2025-12-15,6043,5339,3798,46,234,1438,165,90,Paid,2556,Motivation,Day,
2827,Instagram,Reel,2024-06-04,1199,992,414,300,149,216,39,80,Organic,0,Entertainment,Day,
2828,Facebook,Reel,2024-11-25,6168,3823,3621,44,345,422,91,92,Organic,0,Awareness,Day,
2829,Facebook,Video,2024-08-03,8779,6605,925,144,183,619,175,172,Paid,341,Promotion,Day,
2830,Instagram,Reel,2021-02-24,19532,16720,2081,174,419,3428,920,42,Organic,0,Entertainment,Day,
2831,Instagram,Reel,2023-01-24,18649,14786,4449,118,287,1555,1,63,Paid,2354,Awareness,Day,
2832,YouTube,Video,2025-05-30,17797,16760,4807,38,238,2276,674,142,Organic,0,Entertainment,Day,
2833,YouTube,Image,2023-10-26,18654,12106,10387,192,488,1696,241,103,Paid,4824,Education,Night,
2834,Facebook,Video,2022-12-05,9882,8645,1686,194,333,908,58,67,Organic,0,Entertainment,Night,
2835,Facebook,Video,2021-10-18,9277,9180,5383,0,102,2379,673,53,Organic,0,Motivation,Day,
2836,Facebook,Reel,2021-04-22,15705,9802,6754,152,21,468,121,36,Organic,0,Awareness,Day,
2837,Facebook,Video,2023-11-17,15623,9765,8480,33,232,833,7,139,Organic,0,Entertainment,Day,
2838,Facebook,Image,2021-12-06,6221,5379,4507,89,333,307,67,25,Organic,0,Promotion,Day,
2839,YouTube,Video,2025-03-21,10698,8868,7498,75,264,2156,334,24,Organic,0,Education,Night,
2840,YouTube,Image,2024-03-03,17634,15984,10343,141,45,4746,694,158,Organic,0,Education,Night,
2841,Facebook,Video,2023-05-17,3466,2937,2456,197,439,552,0,131,Paid,4184,Entertainment,Night,
2842,Instagram,Reel,2023-04-12,4610,3117,63,285,16,819,120,72,Organic,0,Motivation,Day,
2843,Facebook,Video,2022-05-07,18379,12120,7475,29,325,3443,34,114,Organic,0,Education,Night,
2844,Instagram,Story,2025-12-13,6741,5769,2206,111,166,398,86,120,Organic,0,Entertainment,Day,
2845,Instagram,Story,2024-08-07,13500,13262,8551,248,460,2666,188,147,Organic,0,Entertainment,Night,
2846,Facebook,Story,2025-02-15,1192,756,677,73,152,45,0,124,Organic,0,Education,Day,
2847,YouTube,Video,2024-05-06,6318,5321,1279,114,234,440,104,83,Organic,0,Entertainment,Day,
2848,Instagram,Image,2024-02-04,12935,9797,6636,30,127,36,2,120,Paid,2948,Entertainment,Day,
2849,YouTube,Story,2021-01-02,13344,13322,3969,192,162,3117,459,96,Organic,0,Promotion,Day,
2850,YouTube,Image,2022-12-28,5356,4475,2095,256,385,86,11,18,Organic,0,Entertainment,Night,
2851,Instagram,Video,2025-05-15,3593,3588,995,204,423,900,188,159,Paid,2407,Entertainment,Night,
2852,YouTube,Story,2021-10-28,9912,9389,9338,231,255,2089,559,129,Paid,4367,Motivation,Night,
2853,Instagram,Image,2024-12-29,9151,7610,1247,101,491,1513,141,172,Organic,0,Education,Night,
2854,Instagram,Image,2023-02-20,5167,4045,2475,270,208,876,19,62,Paid,2065,Motivation,Day,
2855,Instagram,Image,2024-04-05,10296,6780,5460,89,69,264,47,32,Organic,0,Awareness,Day,
2856,Instagram,Reel,2023-12-11,2654,2117,679,210,288,190,38,2459,Paid,60721,Motivation,Day,
2857,YouTube,Image,2023-03-27,5220,3177,2331,298,208,393,53,117,Organic,0,Awareness,Night,
2858,Facebook,Reel,2024-06-03,6797,4852,4816,280,126,706,96,70,Organic,0,Awareness,Day,
2859,Instagram,Image,2025-02-13,8056,6146,4554,263,237,1539,283,157,Paid,2996,Motivation,Day,
2860,Instagram,Video,2025-05-19,17234,14034,4933,62,126,1534,190,135,Organic,0,Promotion,Day,
2861,Instagram,Reel,2023-12-08,9349,7760,783,167,102,707,12,48,Organic,0,Motivation,Night,
2862,YouTube,Reel,2024-05-12,18297,17089,4130,206,5,1553,391,101,Organic,0,Education,Night,
2863,YouTube,Image,2022-09-02,1961,1180,816,75,430,34,4,46,Organic,0,Motivation,Day,
2864,YouTube,Video,2024-09-16,3206,2547,1164,288,36,758,166,10,Organic,0,Promotion,Night,
2865,Facebook,Image,2022-02-23,8134,6110,2632,77,461,242,2,171,Organic,0,Motivation,Day,
2866,Facebook,Image,2024-04-26,18811,15136,10558,167,426,1084,16,27,Organic,0,Promotion,Day,
2867,Facebook,Reel,2025-05-29,13574,10578,4863,5,168,654,190,93,Organic,0,Education,Night,
2868,Instagram,Reel,2022-04-24,5958,3801,126,291,477,1062,93,127,Organic,0,Entertainment,Day,
2869,Instagram,Image,2024-06-28,16875,13619,2049,291,481,1753,104,175,Organic,0,Promotion,Day,
2870,Instagram,Image,2025-10-22,18865,18865,17496,67,450,278,83,151,Organic,0,Promotion,Night,
2871,Facebook,Video,2022-05-19,1141,727,459,209,209,121,23,55,Paid,901,Promotion,Night,
2872,YouTube,Story,2023-09-11,4293,3652,3479,3,158,881,170,15,Organic,0,Education,Night,
2873,YouTube,Reel,2022-06-12,9123,8730,5209,115,493,1258,251,16,Organic,0,Awareness,Day,
2874,Facebook,Story,2024-09-14,3377,3370,1657,49,6,198,30,78,Paid,3465,Promotion,Day,
2875,Facebook,Reel,2022-02-07,2698,2634,300,254,496,501,126,12,Paid,220,Education,Day,
2876,Facebook,Reel,2021-06-26,12456,7981,7913,23,75,924,214,156,Organic,0,Entertainment,Night,
2877,YouTube,Reel,2023-09-19,11928,7737,3765,20,97,812,132,45,Paid,2449,Promotion,Day,
2878,Instagram,Story,2022-07-18,10773,7969,4505,0,399,1203,158,168,Organic,0,Awareness,Day,
2879,Facebook,Image,2023-06-29,9877,7946,7094,65,396,1766,26,89,Paid,3422,Education,Day,
2880,Instagram,Image,2024-11-17,8388,6323,2632,39,398,134,0,76,Organic,0,Entertainment,Night,
2881,Facebook,Story,2024-11-10,3336,2966,367,247,355,644,8,59,Organic,0,Awareness,Day,
2882,Instagram,Video,2024-04-29,8828,7988,2195,180,196,681,137,141,Organic,0,Entertainment,Day,
2883,YouTube,Story,2025-07-25,7310,5433,4168,0,176,75,19,3090,Paid,97339,Awareness,Day,
2884,Facebook,Video,2025-02-01,12348,11869,5258,231,133,3039,80,147,Organic,0,Motivation,Day,
2885,Instagram,Reel,2024-10-02,9888,8874,1916,203,24,2536,401,108,Organic,0,Motivation,Day,
2886,Instagram,Video,2021-04-14,17118,16997,8055,6,367,3873,5,46,Organic,0,Motivation,Day,
2887,Instagram,Video,2024-01-11,11206,9335,4073,279,76,1276,60,64,Paid,2414,Entertainment,Night,
2888,YouTube,Image,2024-10-26,6839,4436,3224,82,392,1105,12,16,Paid,3425,Motivation,Day,
2889,Facebook,Image,2025-08-08,2307,1628,1401,142,321,263,47,134,Organic,0,Education,Day,
2890,YouTube,Reel,2024-01-12,1689,1688,802,164,80,227,68,11,Organic,0,Education,Day,
2891,Instagram,Reel,2024-11-18,12073,7984,7102,104,369,1565,144,84,Organic,0,Motivation,Night,
2892,YouTube,Video,2021-09-28,8757,6657,1555,239,153,1476,213,135,Organic,0,Awareness,Day,
2893,YouTube,Image,2023-11-05,9639,9264,7985,21,258,84,16,113,Paid,3455,Awareness,Night,
2894,YouTube,Video,2021-12-11,19297,15534,9821,47,276,348,76,7,Organic,0,Entertainment,Night,
2895,Facebook,Reel,2022-02-13,10245,7968,6641,199,193,323,11,31,Organic,0,Awareness,Day,
2896,Facebook,Story,2022-07-19,4285,2768,2297,24,175,343,68,118,Organic,0,Promotion,Day,
2897,YouTube,Video,2024-09-09,6341,5439,4866,206,16,493,47,111,Organic,0,Awareness,Night,
2898,YouTube,Video,2021-11-22,10675,10130,5137,115,307,2800,688,44,Organic,0,Education,Night,
2899,Instagram,Story,2023-09-05,16413,15402,11651,142,151,57,15,165,Organic,0,Awareness,Night,
2900,Facebook,Reel,2024-10-22,16736,15991,15049,100,40,464,136,2752,Organic,0,Entertainment,Night,
2901,Facebook,Video,2023-03-11,15542,15474,13481,293,173,520,74,12,Organic,0,Awareness,Day,
2902,Instagram,Image,2025-11-30,8991,7755,3343,67,446,1115,215,105,Organic,0,Entertainment,Night,
2903,Facebook,Image,2024-12-10,14351,10082,45,186,118,1016,167,164,Organic,0,Promotion,Day,
2904,Facebook,Story,2025-02-24,1445,1008,16,66,191,196,4,128,Organic,0,Motivation,Day,
2905,YouTube,Image,2021-01-13,16930,16817,13149,24,169,4550,918,111,Paid,2149,Promotion,Night,
2906,Instagram,Reel,2023-03-23,2698,2423,1777,4,189,242,5,105,Organic,0,Education,Day,
2907,Facebook,Video,2025-12-22,2442,1597,1325,219,136,374,67,8,Organic,0,Promotion,Day,
2908,YouTube,Reel,2021-09-05,1262,1076,89,60,84,279,75,114,Paid,1218,Promotion,Day,
2909,Instagram,Reel,2021-10-21,2923,2238,95,134,173,654,7,23,Organic,0,Education,Day,
2910,Instagram,Story,2024-03-10,6179,4526,1894,57,294,942,189,36,Organic,0,Education,Night,
2911,Facebook,Image,2024-06-30,7116,5876,352,68,441,85,1,141,Organic,0,Motivation,Day,
2912,Facebook,Story,2022-08-28,16186,12568,4223,139,322,3756,1009,16,Organic,0,Motivation,Night,
2913,Facebook,Story,2025-03-11,5491,3473,2840,146,473,653,73,143,Organic,0,Awareness,Day,
2914,Facebook,Video,2021-09-12,11793,8919,1978,280,304,2104,92,50,Organic,0,Entertainment,Day,
2915,YouTube,Story,2023-12-21,13756,11102,4636,169,203,2577,358,123,Paid,524,Education,Day,
2916,Facebook,Story,2025-06-15,14308,9869,2447,63,252,687,152,20,Paid,3690,Promotion,Day,
2917,Instagram,Video,2023-04-15,17221,10760,3845,209,52,1289,358,133,Organic,0,Promotion,Day,
2918,YouTube,Image,2023-05-17,14762,10000,171,151,229,1268,277,67,Organic,0,Motivation,Night,
2919,YouTube,Story,2021-09-26,6054,5358,515,187,258,831,4,113,Organic,0,Entertainment,Day,
2920,Facebook,Video,2022-02-12,12965,8001,555,225,117,290,47,123,Organic,0,Education,Day,
2921,Instagram,Video,2022-10-10,3954,3238,1420,269,225,508,24,25,Organic,0,Motivation,Day,
2922,Instagram,Story,2022-01-03,19745,12353,1229,107,125,1529,66,162,Paid,1394,Entertainment,Day,
2923,Facebook,Image,2021-04-26,11695,9536,4328,187,109,1811,271,17,Organic,0,Education,Day,
2924,Facebook,Video,2023-08-16,4180,3900,1307,235,63,655,177,166,Paid,1104,Promotion,Night,
2925,Facebook,Image,2024-08-09,19765,19506,14245,153,433,654,194,8,Paid,4797,Promotion,Day,
2926,Instagram,Video,2022-11-08,14258,13311,9072,120,99,879,219,160,Paid,3104,Motivation,Day,
2927,Facebook,Image,2024-10-05,11560,10990,6487,280,488,1080,321,106,Organic,0,Entertainment,Day,
2928,YouTube,Reel,2025-05-01,1226,926,763,244,433,239,6,63,Organic,0,Promotion,Day,
2929,YouTube,Video,2022-06-28,16533,16483,3285,288,95,726,138,132,Organic,0,Entertainment,Day,
2930,YouTube,Reel,2023-09-29,6372,3927,776,73,353,737,110,31,Organic,0,Motivation,Night,
2931,YouTube,Image,2021-09-30,16697,11760,4736,132,20,3220,698,73,Organic,0,Awareness,Night,
2932,YouTube,Reel,2022-10-22,7096,6553,3234,235,192,1887,136,29,Organic,0,Entertainment,Day,
2933,YouTube,Reel,2023-08-28,7122,5330,1833,273,444,338,56,135,Organic,0,Entertainment,Night,
2934,Facebook,Reel,2022-05-04,12080,8400,355,294,48,191,8,101,Organic,0,Motivation,Day,
2935,Facebook,Reel,2023-05-17,9236,8362,3734,89,264,0,0,29,Paid,1130,Awareness,Night,
2936,Instagram,Video,2022-09-01,10139,7284,4953,268,76,566,54,152,Organic,0,Promotion,Night,
2937,YouTube,Story,2025-11-01,1297,1272,550,175,64,169,20,166,Organic,0,Education,Day,
2938,Facebook,Video,2023-06-13,13746,8718,3305,282,491,1812,331,158,Organic,0,Motivation,Day,
2939,Instagram,Story,2025-01-07,8246,5456,2014,109,344,60,0,130,Paid,4012,Education,Day,
2940,Instagram,Image,2021-09-20,6070,4396,3829,239,111,885,77,137,Organic,0,Awareness,Day,
2941,Facebook,Video,2025-01-26,7676,4913,3263,205,475,848,226,13,Organic,0,Awareness,Day,
2942,YouTube,Story,2021-01-08,10789,10389,857,121,193,115,28,120,Organic,0,Entertainment,Night,
2943,Facebook,Story,2021-12-14,2132,1622,277,147,43,314,40,138,Paid,2787,Education,Day,
2944,YouTube,Reel,2025-01-30,2231,1993,1838,253,138,484,76,64,Paid,616,Education,Day,
2945,YouTube,Image,2023-11-03,1606,1407,928,215,70,242,46,176,Organic,0,Awareness,Night,
2946,YouTube,Video,2025-08-28,13165,12561,655,125,361,9,1,125,Organic,0,Education,Night,
2947,Instagram,Story,2024-07-23,14265,10122,6744,36,144,2082,365,143,Organic,0,Promotion,Day,
2948,Instagram,Reel,2024-05-03,19798,15546,1711,267,473,2189,322,179,Organic,0,Awareness,Night,
2949,Facebook,Story,2025-09-14,8129,7281,6898,39,131,1984,588,112,Organic,0,Entertainment,Night,
2950,Facebook,Story,2025-02-24,17583,14049,13334,160,7,281,75,112,Paid,3877,Entertainment,Day,
2951,Instagram,Story,2025-05-07,10243,7845,1773,65,67,585,106,135,Paid,4747,Entertainment,Day,
2952,YouTube,Video,2021-07-27,8288,7390,1285,280,299,1053,195,80,Organic,0,Education,Night,
2953,YouTube,Story,2025-11-11,18487,17691,9447,287,477,611,169,34,Organic,0,Awareness,Night,
2954,Facebook,Video,2021-01-09,12122,9140,2989,230,223,1030,8,25,Organic,0,Entertainment,Day,
2955,Facebook,Story,2024-04-26,6352,4374,4077,153,88,395,104,160,Paid,3527,Awareness,Day,
2956,Facebook,Image,2023-08-03,6295,5173,526,262,396,814,183,165,Paid,3522,Education,Night,
2957,Instagram,Image,2022-02-24,17422,14764,947,168,336,1157,65,167,Organic,0,Promotion,Night,
2958,Facebook,Video,2023-03-06,18912,18292,12596,39,374,2376,69,38,Organic,0,Promotion,Night,
2959,Instagram,Image,2024-08-08,7551,7388,2506,239,382,1046,294,45,Organic,0,Promotion,Night,
2960,YouTube,Story,2023-03-13,19840,16814,14037,227,319,4394,555,55,Organic,0,Education,Night,
2961,Facebook,Reel,2025-12-15,9825,8218,60,227,78,1584,98,179,Paid,1387,Entertainment,Night,
2962,Facebook,Video,2021-04-14,7597,6175,4701,72,213,1646,61,86,Organic,0,Education,Night,
2963,YouTube,Image,2021-01-16,3741,3030,1321,182,461,410,16,62,Paid,4196,Awareness,Night,
2964,Instagram,Story,2023-04-13,11441,10547,8179,267,484,2803,518,79,Organic,0,Promotion,Day,
2965,Instagram,Image,2025-04-03,14061,11077,5768,51,494,1342,384,27,Paid,1909,Awareness,Night,
2966,YouTube,Video,2022-07-17,6640,5027,428,197,268,963,220,132,Organic,0,Education,Day,
2967,Facebook,Reel,2025-07-14,15627,12141,4770,29,182,2134,424,154,Paid,4473,Motivation,Day,
2968,Instagram,Video,2022-06-07,3336,2850,630,89,456,391,45,21,Organic,0,Motivation,Day,
2969,Facebook,Image,2021-05-21,9411,9175,4851,2,73,1239,133,73,Organic,0,Education,Day,
2970,Instagram,Video,2023-12-31,7609,5390,4198,119,428,1083,208,112,Organic,0,Entertainment,Day,
2971,Instagram,Video,2021-05-11,11429,10706,4016,209,99,171,46,143,Organic,0,Awareness,Night,
2972,Instagram,Reel,2025-07-17,2493,2398,869,262,329,637,76,98,Organic,0,Education,Night,
2973,Facebook,Story,2025-06-21,14474,9181,794,276,313,710,11,19,Organic,0,Education,Night,
2974,YouTube,Reel,2025-03-10,18520,12941,4409,296,6,124,17,95,Paid,4464,Motivation,Night,
2975,Facebook,Image,2023-09-02,15197,14344,14221,294,449,542,155,167,Organic,0,Promotion,Day,
2976,Facebook,Story,2021-11-10,16957,11279,1794,107,185,1117,172,37,Paid,369,Promotion,Day,
2977,Instagram,Story,2021-01-27,13754,13244,692,237,104,1107,269,129,Paid,4433,Entertainment,Day,
2978,Instagram,Video,2023-10-05,12597,10651,9388,164,255,3079,707,20,Organic,0,Entertainment,Day,
2979,Instagram,Video,2025-12-25,8299,7326,1149,221,0,1028,9,166,Organic,0,Entertainment,Night,
2980,Facebook,Video,2021-10-29,6524,6441,1910,46,181,513,69,70,Organic,0,Motivation,Day,
2981,Instagram,Video,2023-12-03,18381,15947,7678,97,432,1146,170,172,Organic,0,Education,Day,
2982,Facebook,Image,2021-07-17,11229,7995,5447,235,241,167,14,160,Organic,0,Entertainment,Day,
2983,Instagram,Video,2024-06-02,10361,9794,5058,34,262,1885,371,51,Paid,3961,Motivation,Day,
2984,YouTube,Reel,2025-01-17,14938,11151,60,256,267,2812,535,171,Organic,0,Awareness,Day,
2985,Instagram,Story,2025-11-25,5231,4448,868,292,215,1313,266,152,Organic,0,Education,Night,
2986,YouTube,Image,2022-03-27,6215,4731,255,184,369,1324,392,128,Organic,0,Awareness,Day,
2987,Instagram,Image,2023-07-30,18977,14472,4792,264,107,2293,169,5,Paid,306,Promotion,Day,
2988,Instagram,Image,2021-01-06,4232,3447,744,109,336,394,89,91,Organic,0,Promotion,Day,
2989,YouTube,Image,2023-12-21,3832,3059,2215,256,76,94,25,132,Organic,0,Education,Night,
2990,Instagram,Story,2023-01-11,10663,7598,3394,280,303,1562,421,71,Organic,0,Entertainment,Day,
2991,Instagram,Reel,2021-10-01,1766,1489,450,242,60,78,7,8,Organic,0,Education,Day,
2992,YouTube,Reel,2021-02-25,15755,14570,3735,241,347,4117,1186,157,Paid,722,Entertainment,Day,
2993,Instagram,Image,2022-10-10,19782,12332,911,282,143,147,27,51,Paid,3543,Promotion,Night,
2994,Instagram,Video,2024-12-11,16270,13420,10274,227,215,2379,330,42,Organic,0,Education,Night,
2995,Facebook,Video,2024-04-30,17266,12930,8923,276,319,1285,103,147,Organic,0,Education,Day,
2996,Facebook,Video,2023-08-06,2303,2244,1444,298,33,463,53,25,Organic,0,Entertainment,Night,
2997,Facebook,Story,2024-02-17,11499,10946,6055,261,311,2467,59,61,Organic,0,Promotion,Day,
2998,YouTube,Story,2024-02-01,13799,9652,9019,262,226,1658,423,121,Organic,0,Promotion,Day,
2999,YouTube,Video,2025-10-30,14468,10362,7847,204,40,2150,23,50,Organic,0,Entertainment,Day,
3000,YouTube,Reel,2024-10-27,5945,4541,938,14,323,1215,204,146,Organic,0,Entertainment,Day,
3001,YouTube,Image,2021-07-24,11935,7883,6941,50,261,2241,559,149,Paid,1942,Entertainment,Night,
3002,Instagram,Image,2021-01-15,5384,3338,2929,18,447,664,125,43,Organic,0,Promotion,Night,
3003,Instagram,Reel,2022-03-26,4880,3024,2414,284,73,465,33,1810,Paid,141784,Promotion,Day,
3004,Instagram,Image,2022-04-04,13701,12752,10835,155,311,2485,236,103,Organic,0,Education,Day,
3005,Instagram,Image,2021-04-01,15880,9906,5372,235,261,993,161,81,Organic,0,Promotion,Day,
3006,YouTube,Reel,2025-11-07,14558,12982,5543,181,353,3206,747,119,Paid,562,Awareness,Day,
3007,Facebook,Video,2022-04-29,15617,9478,2798,111,51,1994,452,138,Organic,0,Awareness,Night,
3008,Facebook,Story,2021-03-29,11580,9645,7208,16,183,1393,323,155,Organic,0,Entertainment,Night,
3009,Instagram,Story,2023-11-24,5160,3479,1078,22,159,979,113,95,Organic,0,Entertainment,Night,
3010,YouTube,Story,2021-08-03,13046,11997,1046,157,454,2201,214,102,Organic,0,Entertainment,Day,
3011,YouTube,Reel,2021-07-29,16839,10524,5287,25,101,2668,718,124,Paid,619,Education,Night,
3012,Facebook,Image,2022-10-27,14126,12863,12721,273,308,1818,116,50,Paid,4428,Awareness,Day,
3013,Instagram,Image,2023-06-16,3446,2143,218,72,118,596,163,42,Organic,0,Awareness,Night,
3014,Instagram,Story,2023-11-16,10914,8735,6750,242,294,1462,218,146,Organic,0,Promotion,Day,
3015,Instagram,Image,2025-08-06,10615,6571,2442,11,33,1873,237,104,Organic,0,Awareness,Day,
3016,Instagram,Reel,2022-10-16,15155,10878,8169,259,338,551,156,76,Organic,0,Promotion,Day,
3017,Instagram,Image,2023-10-18,7825,5182,1312,75,339,727,149,39,Organic,0,Education,Day,
3018,Facebook,Reel,2024-02-20,15391,11147,618,69,289,427,100,151,Organic,0,Entertainment,Night,
3019,Facebook,Story,2024-12-15,3907,3022,2631,83,420,572,94,34,Organic,0,Entertainment,Night,
3020,Instagram,Story,2021-07-05,8430,5986,565,281,177,358,38,82,Organic,0,Promotion,Night,
3021,Instagram,Video,2023-06-06,9332,7800,7755,238,466,1013,298,88,Organic,0,Motivation,Day,
3022,Instagram,Story,2025-09-30,7792,5903,3184,90,372,597,98,117,Organic,0,Promotion,Day,
3023,Facebook,Video,2022-08-04,5008,3711,2568,249,137,730,139,29,Organic,0,Education,Night,
3024,Instagram,Video,2021-01-07,4765,3728,661,84,39,130,28,172,Paid,2553,Awareness,Night,
3025,Facebook,Video,2024-03-02,17830,16140,10576,146,456,770,103,92,Paid,3255,Promotion,Day,
3026,Instagram,Image,2022-09-07,4240,3010,1583,29,361,806,195,18,Organic,0,Education,Night,
3027,Instagram,Image,2024-11-22,9360,8963,4715,13,376,2303,208,158,Organic,0,Entertainment,Night,
3028,Facebook,Reel,2024-09-22,5209,3638,824,14,415,829,73,106,Paid,2330,Motivation,Night,
3029,YouTube,Image,2025-03-15,5966,5318,1533,59,285,1299,178,154,Paid,3303,Motivation,Day,
3030,YouTube,Image,2023-07-31,7180,6010,3403,211,222,772,115,87,Paid,1631,Promotion,Night,
3031,Instagram,Reel,2025-03-10,3554,2135,1138,89,415,142,20,114,Organic,0,Awareness,Day,
3032,YouTube,Reel,2025-09-13,2050,1367,450,137,314,406,108,135,Paid,1634,Promotion,Night,
3033,Instagram,Image,2025-01-25,18832,11623,9072,113,456,296,26,174,Organic,0,Motivation,Day,
3034,YouTube,Video,2025-02-25,14794,12875,7771,231,314,1466,316,23,Paid,4058,Motivation,Night,
3035,Instagram,Image,2022-09-16,3364,2688,492,140,150,153,40,32,Paid,3834,Entertainment,Night,
3036,Instagram,Video,2022-05-18,1881,1759,937,155,435,168,13,177,Organic,0,Awareness,Day,
3037,Instagram,Video,2021-10-14,13958,11327,1802,281,196,1778,314,75,Paid,440,Awareness,Night,
3038,YouTube,Story,2022-03-23,9071,7447,6021,195,457,525,97,67,Organic,0,Motivation,Day,
3039,YouTube,Image,2024-08-02,11972,10099,7187,192,435,2386,161,77,Paid,2212,Motivation,Day,
3040,YouTube,Video,2024-05-29,9608,9089,3544,280,165,379,38,128,Organic,0,Promotion,Day,
3041,Instagram,Video,2022-11-17,1081,739,739,106,425,190,51,123,Paid,3003,Promotion,Day,
3042,Facebook,Image,2022-06-08,9882,9121,7882,72,92,1181,349,125,Organic,0,Entertainment,Night,
3043,Instagram,Reel,2022-09-08,18479,15477,3824,33,129,1873,0,23,Paid,1224,Motivation,Day,
3044,Facebook,Video,2025-02-22,12835,9961,6124,246,149,1548,374,179,Organic,0,Promotion,Night,
3045,Instagram,Image,2021-08-23,7487,5101,4308,264,238,732,23,146,Organic,0,Entertainment,Day,
3046,Facebook,Video,2025-11-27,11381,8578,4743,7,298,260,17,124,Organic,0,Awareness,Night,
3047,Facebook,Image,2023-10-12,11558,9272,6961,48,263,998,225,170,Paid,4894,Motivation,Day,
3048,YouTube,Video,2023-10-26,7367,4632,818,274,245,1082,191,65,Organic,0,Education,Day,
3049,YouTube,Story,2024-04-07,8969,5732,754,33,128,639,52,168,Organic,0,Motivation,Night,
3050,YouTube,Video,2023-04-25,8498,6872,6555,7,248,1971,547,172,Organic,0,Promotion,Day,
3051,YouTube,Image,2021-07-19,18973,12018,10336,268,163,2247,467,34,Paid,1303,Motivation,Night,
3052,Instagram,Video,2025-04-08,14868,11387,6660,280,333,527,84,13,Organic,0,Education,Day,
3053,Facebook,Video,2022-05-16,1075,718,381,134,91,109,12,68,Organic,0,Motivation,Day,
3054,YouTube,Reel,2021-04-19,7428,4506,444,94,490,827,8,165,Organic,0,Promotion,Night,
3055,Instagram,Video,2024-11-16,17456,14009,11063,167,468,2746,662,124,Organic,0,Awareness,Night,
3056,Instagram,Reel,2021-07-16,5525,4003,111,206,209,590,24,56,Organic,0,Promotion,Day,
3057,Instagram,Story,2021-06-04,16741,10344,9647,289,72,422,40,93,Organic,0,Entertainment,Night,
3058,YouTube,Reel,2022-05-27,1625,1072,263,69,436,205,27,146,Paid,1011,Promotion,Day,
3059,YouTube,Reel,2022-10-17,5477,4424,1508,90,24,76,1,57,Paid,4909,Entertainment,Day,
3060,YouTube,Video,2021-02-26,13204,11016,1237,58,388,572,167,82,Organic,0,Motivation,Day,
3061,YouTube,Video,2022-03-05,7807,5732,1576,116,328,1094,157,45,Organic,0,Entertainment,Night,
3062,YouTube,Reel,2023-02-15,6711,5515,1296,124,375,371,66,72,Organic,0,Motivation,Day,
3063,Instagram,Reel,2022-08-04,9328,6970,1774,155,95,1686,347,12,Organic,0,Entertainment,Day,
3064,Instagram,Image,2024-06-02,17403,13715,12993,2,88,2444,305,6,Paid,631,Promotion,Night,
3065,YouTube,Story,2023-05-30,9641,8174,1424,27,373,2097,440,109,Organic,0,Education,Day,
3066,Facebook,Image,2024-07-27,12685,9638,3973,141,338,1791,464,129,Organic,0,Motivation,Day,
3067,Instagram,Reel,2024-06-27,19771,16368,5836,207,427,2953,181,114,Organic,0,Entertainment,Day,
3068,Instagram,Story,2023-02-25,4018,3095,1361,288,433,704,45,90,Paid,1867,Education,Day,
3069,Instagram,Reel,2021-11-19,3173,2450,2092,31,317,499,99,173,Organic,0,Entertainment,Day,
3070,Instagram,Story,2022-06-30,14649,12200,3590,127,207,1229,53,124,Organic,0,Entertainment,Day,
3071,Instagram,Image,2025-05-12,13152,9195,7115,162,341,1181,226,131,Organic,0,Entertainment,Day,
3072,Facebook,Story,2021-09-18,8645,6571,6127,127,78,426,104,20,Paid,590,Promotion,Day,
3073,YouTube,Story,2024-04-28,10490,7953,845,173,243,1590,252,66,Paid,282,Entertainment,Night,
3074,Facebook,Image,2025-11-04,3680,2528,804,280,476,656,117,117,Organic,0,Education,Night,
3075,Instagram,Image,2024-09-12,8359,6342,4493,168,256,555,54,162,Organic,0,Entertainment,Night,
3076,Instagram,Video,2021-02-23,15062,11055,6443,275,75,2739,591,16,Paid,976,Awareness,Day,
3077,Facebook,Video,2022-04-30,10700,10273,6803,49,181,2417,654,39,Organic,0,Motivation,Day,
3078,Instagram,Reel,2021-07-27,8359,7774,5690,236,45,2048,85,15,Organic,0,Promotion,Night,
3079,YouTube,Image,2025-07-10,1957,1424,267,194,30,11,3,68,Organic,0,Awareness,Night,
3080,YouTube,Video,2025-08-28,16451,15531,4487,274,314,1360,396,54,Organic,0,Awareness,Day,
3081,YouTube,Image,2024-02-13,14880,12876,11991,140,293,2268,19,153,Organic,0,Education,Day,
3082,Instagram,Reel,2022-08-08,7815,5171,4850,152,400,269,15,73,Paid,3456,Education,Night,
3083,Instagram,Reel,2024-08-08,15484,12541,12266,296,425,753,82,52,Organic,0,Promotion,Day,
3084,Instagram,Reel,2022-12-07,6388,5423,1566,55,235,1438,151,24,Organic,0,Promotion,Day,
3085,Facebook,Story,2023-03-21,5544,4557,4142,40,341,23,1,105,Paid,722,Motivation,Day,
3086,Instagram,Story,2024-12-09,4599,3130,2323,235,45,657,105,176,Organic,0,Entertainment,Night,
3087,Facebook,Reel,2023-04-24,14434,12358,3579,168,112,2753,26,165,Organic,0,Promotion,Night,
3088,YouTube,Story,2021-08-09,4635,2848,2339,14,58,107,24,141,Organic,0,Promotion,Night,
3089,Facebook,Video,2022-07-12,14151,10512,1332,99,115,2325,616,72,Paid,477,Entertainment,Night,
3090,Facebook,Image,2023-09-03,8589,6267,3948,105,489,556,55,39,Paid,347,Motivation,Day,
3091,Facebook,Story,2021-04-04,9966,8164,725,31,488,411,36,69,Paid,4714,Education,Night,
3092,YouTube,Story,2021-03-19,3331,2887,2229,46,53,505,55,12,Paid,2785,Motivation,Day,
3093,Facebook,Video,2024-09-02,14122,8558,408,24,434,1158,296,49,Organic,0,Entertainment,Day,
3094,Facebook,Image,2023-12-21,11208,8047,6989,213,474,158,9,91,Organic,0,Education,Night,
3095,YouTube,Video,2025-03-12,4901,3767,1009,149,73,1114,16,179,Paid,2639,Education,Day,
3096,Facebook,Story,2023-10-25,4997,4953,2476,283,133,410,33,172,Organic,0,Education,Day,
3097,YouTube,Image,2022-02-09,6109,3910,251,244,289,429,81,80,Organic,0,Motivation,Night,
3098,Instagram,Video,2024-01-19,4151,3484,327,165,403,204,13,80,Organic,0,Entertainment,Night,
3099,Instagram,Video,2025-06-08,16746,10857,3330,69,400,2874,88,178,Organic,0,Motivation,Day,
3100,Instagram,Image,2021-10-05,4203,3714,2740,2,82,633,4,51,Paid,3563,Motivation,Day,
3101,YouTube,Reel,2021-07-08,18064,15389,13768,273,235,723,74,19,Organic,0,Awareness,Day,
3102,YouTube,Reel,2024-11-28,10800,9077,7145,243,434,559,124,109,Organic,0,Promotion,Night,
3103,Instagram,Reel,2022-08-27,17714,13646,9915,36,122,2010,389,151,Paid,3572,Motivation,Day,
3104,Instagram,Story,2024-07-28,19157,17954,3643,194,62,652,9,30,Organic,0,Awareness,Night,
3105,YouTube,Video,2024-08-06,19926,14300,5707,145,449,1387,127,56,Organic,0,Entertainment,Day,
3106,Instagram,Reel,2021-06-18,2569,1696,678,26,210,363,30,97,Organic,0,Awareness,Day,
3107,Instagram,Story,2021-05-17,15199,14541,13339,176,172,1519,198,154,Paid,816,Motivation,Day,
3108,Instagram,Story,2024-09-05,6479,5210,614,1,71,359,96,25,Paid,2273,Entertainment,Day,
3109,Instagram,Story,2024-12-20,12904,10060,8529,269,468,1992,66,55,Paid,3110,Awareness,Night,
3110,Facebook,Reel,2022-08-02,12760,11145,956,15,189,1599,309,42,Paid,2217,Motivation,Night,
3111,Instagram,Image,2023-07-14,4472,3893,852,187,186,697,110,24,Organic,0,Entertainment,Day,
3112,YouTube,Image,2025-10-11,17543,12951,10455,44,233,3631,298,161,Paid,4708,Entertainment,Day,
3113,Facebook,Story,2025-04-07,6113,5263,3318,187,13,827,34,136,Paid,2384,Promotion,Night,
3114,Facebook,Video,2021-02-16,9486,7258,679,150,439,32,7,59,Organic,0,Motivation,Day,
3115,Instagram,Image,2021-01-11,9993,6450,1474,133,20,1717,227,96,Organic,0,Promotion,Night,
3116,YouTube,Image,2021-01-11,17775,14311,6703,277,306,840,224,32,Paid,3263,Entertainment,Day,
3117,Facebook,Reel,2021-10-05,2933,2315,31,241,208,102,15,8,Paid,2668,Entertainment,Day,
3118,Instagram,Reel,2021-09-07,6521,4699,1146,117,73,1027,56,154,Paid,4120,Awareness,Day,
3119,YouTube,Story,2024-02-13,19094,12669,215,274,142,741,44,80,Paid,4436,Promotion,Day,
3120,YouTube,Story,2023-12-14,16435,12537,9928,152,16,3548,318,177,Organic,0,Education,Day,
3121,Facebook,Story,2025-01-27,1042,764,463,59,116,23,0,71,Organic,0,Motivation,Night,
3122,Facebook,Video,2022-12-12,13223,8766,5151,99,163,472,63,90,Organic,0,Promotion,Day,
3123,Facebook,Reel,2024-08-10,15516,10501,125,223,148,674,196,166,Organic,0,Entertainment,Day,
3124,YouTube,Image,2024-02-14,4855,4222,1968,14,65,736,125,95,Paid,1560,Awareness,Day,
3125,YouTube,Story,2022-09-07,18709,11365,5397,124,154,298,3,109,Organic,0,Motivation,Night,
3126,Facebook,Video,2021-09-16,3529,3372,2686,134,147,340,97,2689,Organic,0,Motivation,Night,
3127,Instagram,Reel,2023-07-20,16385,14383,9021,18,89,3358,819,76,Organic,0,Awareness,Night,
3128,YouTube,Video,2024-06-03,3785,3584,1579,113,387,1044,284,91,Organic,0,Entertainment,Day,
3129,YouTube,Reel,2024-12-25,12283,11446,7612,285,299,2290,657,170,Organic,0,Education,Night,
3130,Facebook,Image,2022-03-31,4781,4235,2052,122,420,298,12,10,Organic,0,Awareness,Night,
3131,Instagram,Story,2022-10-16,14189,13397,5643,252,401,2358,14,157,Organic,0,Education,Day,
3132,YouTube,Story,2024-11-30,13192,12767,3056,294,458,2343,313,149,Organic,0,Promotion,Day,
3133,Facebook,Video,2024-03-06,1021,826,706,152,183,154,27,65,Paid,457,Motivation,Night,
3134,YouTube,Image,2023-05-29,6020,5741,546,24,198,1244,278,16,Organic,0,Entertainment,Day,
3135,Instagram,Story,2022-04-24,11864,10561,6082,227,457,1882,246,10,Organic,0,Education,Day,
3136,Instagram,Image,2021-10-22,2416,1533,190,114,214,204,20,31,Organic,0,Entertainment,Day,
3137,YouTube,Reel,2024-02-05,19354,12178,5860,112,325,1224,300,140,Organic,0,Promotion,Day,
3138,Facebook,Image,2023-09-08,1671,1526,1261,82,327,143,12,128,Organic,0,Education,Day,
3139,Instagram,Reel,2023-07-31,14034,10842,5293,4,272,1103,154,110,Paid,3838,Entertainment,Night,
3140,YouTube,Reel,2022-05-29,10240,7652,2469,262,2,984,72,97,Paid,434,Entertainment,Night,
3141,YouTube,Story,2024-12-23,2045,1507,226,169,175,40,7,113,Organic,0,Promotion,Day,
3142,Instagram,Story,2021-08-10,9080,9024,5166,234,144,1631,307,103,Organic,0,Awareness,Day,
3143,Facebook,Image,2023-10-19,1943,1558,30,83,142,89,26,172,Paid,1617,Promotion,Night,
3144,YouTube,Reel,2022-05-05,6391,5345,1182,173,345,926,31,146,Paid,4570,Education,Night,
3145,YouTube,Story,2025-10-04,10539,9262,8811,71,268,742,56,39,Organic,0,Education,Day,
3146,YouTube,Image,2021-02-11,13677,10060,6427,94,463,188,17,88,Organic,0,Motivation,Night,
3147,Instagram,Reel,2023-09-22,3970,3288,2458,71,424,161,6,60,Organic,0,Entertainment,Night,
3148,Instagram,Reel,2023-04-15,5293,3283,488,183,350,309,11,145,Organic,0,Education,Day,
3149,Facebook,Reel,2023-02-23,8888,7750,3889,2,202,721,103,53,Organic,0,Awareness,Day,
3150,YouTube,Video,2021-03-09,8251,5466,1889,300,80,726,192,50,Organic,0,Awareness,Day,
3151,Instagram,Video,2025-05-17,17387,10801,3030,77,23,1237,272,117,Organic,0,Promotion,Night,
3152,YouTube,Reel,2021-04-10,14696,9597,3989,108,191,2750,599,140,Organic,0,Education,Day,
3153,YouTube,Video,2024-05-21,8395,7041,476,11,94,1995,86,47,Paid,661,Education,Day,
3154,YouTube,Story,2021-10-27,12193,10839,6169,143,358,407,48,152,Paid,521,Motivation,Day,
3155,Facebook,Story,2022-12-26,17129,10801,40,230,296,2105,377,128,Organic,0,Motivation,Night,
3156,Instagram,Reel,2025-06-14,5673,4332,1119,119,42,0,0,101,Paid,2074,Motivation,Day,
3157,Facebook,Video,2023-08-12,13617,13502,4667,169,192,2570,479,94,Organic,0,Education,Night,
3158,YouTube,Video,2023-06-29,10490,9907,4844,180,100,1179,125,43,Paid,2437,Promotion,Night,
3159,Instagram,Image,2023-10-19,4421,2816,1753,174,29,686,115,89,Organic,0,Promotion,Night,
3160,YouTube,Video,2021-05-18,12291,8822,2623,283,44,1928,428,66,Organic,0,Promotion,Night,
3161,Facebook,Video,2023-04-14,11523,10818,10239,30,79,2242,56,110,Organic,0,Promotion,Day,
3162,Instagram,Image,2023-03-12,5326,4202,196,197,322,141,7,111,Organic,0,Awareness,Night,
3163,YouTube,Reel,2022-11-18,16657,15176,2476,101,350,3502,418,58,Paid,3440,Education,Night,
3164,YouTube,Video,2024-04-14,16934,11168,2261,193,419,2208,364,130,Organic,0,Entertainment,Night,
3165,Instagram,Image,2023-11-16,17935,16663,7230,254,42,2330,662,13,Organic,0,Education,Night,
3166,YouTube,Video,2022-10-01,3723,2818,164,14,480,155,38,92,Organic,0,Promotion,Night,
3167,Facebook,Reel,2022-05-19,9022,7270,7157,124,359,1378,395,41,Organic,0,Awareness,Day,
3168,Instagram,Image,2023-06-15,3396,2461,1556,106,64,146,16,53,Organic,0,Awareness,Day,
3169,Instagram,Reel,2021-07-31,16687,16196,13130,254,211,4385,528,45,Organic,0,Education,Day,
3170,Facebook,Reel,2022-03-07,12222,12003,675,48,50,293,43,21,Paid,2224,Entertainment,Day,
3171,Instagram,Reel,2025-07-05,10004,8735,7011,201,149,124,24,92,Paid,3546,Promotion,Night,
3172,Instagram,Video,2025-11-20,7028,5981,1183,249,93,911,112,25,Paid,4131,Awareness,Day,
3173,YouTube,Image,2025-07-13,10163,7391,6835,187,344,1414,112,55,Organic,0,Promotion,Day,
3174,Instagram,Image,2024-06-10,13853,10883,4262,270,225,3077,395,63,Paid,4445,Promotion,Night,
3175,YouTube,Story,2021-11-24,17754,13056,9465,147,362,2411,436,171,Organic,0,Promotion,Night,
3176,Facebook,Reel,2023-04-14,13045,8812,5159,2,490,88,9,45,Organic,0,Motivation,Night,
3177,Instagram,Image,2023-05-08,14542,13464,8746,170,439,530,145,43,Organic,0,Promotion,Night,
3178,Instagram,Reel,2021-04-22,4599,3051,1832,213,364,838,172,145,Paid,2953,Promotion,Day,
3179,Instagram,Video,2025-02-23,17128,11745,10057,225,299,2446,236,15,Paid,3101,Entertainment,Night,
3180,YouTube,Video,2025-11-10,8061,5890,1073,294,56,1402,137,151,Paid,3271,Entertainment,Day,
3181,YouTube,Reel,2021-01-09,10868,10100,3209,149,457,2690,380,143,Paid,4246,Motivation,Night,
3182,Instagram,Image,2022-12-08,17168,14080,14056,70,191,51,9,81,Paid,505,Motivation,Day,
3183,Facebook,Video,2024-11-30,4808,4653,3759,12,104,1064,149,131,Paid,1584,Promotion,Night,
3184,Instagram,Image,2021-07-11,8542,7786,4550,73,396,2169,137,50,Organic,0,Awareness,Night,
3185,YouTube,Story,2024-11-21,8963,6167,2594,32,367,910,79,49,Organic,0,Awareness,Day,
3186,Instagram,Video,2025-02-03,13933,12358,6478,100,208,1639,392,5,Organic,0,Education,Night,
3187,YouTube,Video,2023-05-24,8199,7667,924,34,70,575,133,172,Organic,0,Awareness,Night,
3188,Facebook,Story,2025-12-24,5965,3689,2061,137,64,100,28,112,Organic,0,Awareness,Night,
3189,YouTube,Image,2022-02-24,13704,10295,7395,295,195,2224,208,23,Organic,0,Entertainment,Day,
3190,Facebook,Image,2024-01-12,1751,1571,1021,43,357,85,22,80,Organic,0,Education,Day,
3191,Facebook,Story,2024-08-03,7777,6227,4969,146,456,17,2,76,Paid,4642,Education,Day,
3192,Instagram,Image,2024-02-26,15249,14059,4586,290,366,1090,12,113,Paid,3867,Entertainment,Day,
3193,Facebook,Story,2022-06-20,2703,1853,1563,47,464,192,9,16,Organic,0,Awareness,Day,
3194,Facebook,Video,2021-04-13,19478,19308,2537,55,460,1762,383,165,Organic,0,Awareness,Night,
3195,Instagram,Video,2023-09-01,11872,9513,8861,24,110,1603,56,49,Organic,0,Education,Day,
3196,Facebook,Video,2024-08-01,18167,16910,9366,130,326,4174,1181,94,Organic,0,Awareness,Night,
3197,YouTube,Video,2022-07-11,3232,2064,1427,207,197,288,7,107,Paid,3639,Education,Day,
3198,Instagram,Reel,2022-03-14,17677,13390,8559,52,140,310,87,12,Organic,0,Awareness,Day,
3199,Instagram,Story,2022-09-28,17877,16015,5771,258,25,1779,488,157,Organic,0,Promotion,Day,
3200,YouTube,Image,2021-01-25,7458,4646,4229,162,195,1278,327,95,Paid,1146,Entertainment,Night,
3201,Instagram,Story,2025-09-18,10235,7973,295,46,492,450,124,178,Paid,3673,Motivation,Night,
3202,Facebook,Reel,2023-04-10,2219,1489,990,52,223,236,13,91,Organic,0,Promotion,Day,
3203,Instagram,Image,2023-03-09,4060,2654,462,43,291,374,66,162,Paid,3071,Awareness,Day,
3204,Facebook,Reel,2022-12-31,19719,15681,10878,101,81,3157,449,179,Organic,0,Motivation,Day,
3205,Instagram,Video,2025-01-13,14560,9273,5453,274,106,1951,42,179,Organic,0,Promotion,Night,
3206,Facebook,Video,2024-08-11,13285,9524,5697,216,167,1046,182,88,Organic,0,Entertainment,Night,
3207,YouTube,Story,2023-01-27,15409,15025,3922,126,296,1228,279,86,Organic,0,Motivation,Night,
3208,Instagram,Reel,2023-03-06,17684,11946,1544,239,463,1156,81,150,Organic,0,Motivation,Day,
3209,Facebook,Story,2021-05-17,16793,12820,8837,137,475,2291,44,72,Organic,0,Entertainment,Day,
3210,YouTube,Video,2024-05-23,14936,12465,3316,3,77,2244,496,165,Organic,0,Promotion,Day,
3211,Instagram,Reel,2025-08-19,17889,13526,7847,196,220,837,40,131,Paid,1416,Motivation,Day,
3212,Instagram,Video,2022-06-07,19355,18257,12156,31,84,5303,454,168,Organic,0,Entertainment,Day,
3213,Instagram,Video,2022-09-07,11483,7919,1954,2,411,2121,379,86,Organic,0,Promotion,Day,
3214,Facebook,Image,2021-01-16,18837,15128,2049,4,327,1560,468,151,Paid,701,Awareness,Day,
3215,Instagram,Image,2023-09-18,15964,15849,7469,59,61,1833,170,160,Organic,0,Education,Day,
3216,Facebook,Image,2021-09-20,17425,12851,10690,258,471,574,81,172,Paid,586,Awareness,Day,
3217,Instagram,Video,2021-01-18,13777,9891,2399,37,24,4,0,88,Organic,0,Awareness,Day,
3218,Facebook,Story,2022-08-28,5638,4523,4004,110,454,288,24,117,Organic,0,Education,Night,
3219,Facebook,Image,2025-10-05,2698,2332,1923,48,387,674,123,80,Organic,0,Awareness,Night,
3220,Facebook,Image,2024-04-08,14998,9983,1774,192,186,2776,593,126,Organic,0,Awareness,Day,
3221,Instagram,Image,2023-04-05,15237,12008,4849,20,310,3161,408,147,Organic,0,Entertainment,Night,
3222,Instagram,Story,2022-02-03,13374,12316,263,8,314,3500,480,45,Organic,0,Entertainment,Night,
3223,Facebook,Image,2021-10-11,13014,9055,5972,100,399,661,72,171,Organic,0,Promotion,Day,
3224,YouTube,Reel,2024-11-23,16037,14734,13726,45,296,1640,490,6,Organic,0,Motivation,Day,
3225,YouTube,Story,2023-07-29,3488,2621,1165,244,343,249,1,33,Organic,0,Promotion,Night,
3226,Instagram,Image,2021-08-22,8970,7107,6460,300,58,205,48,109,Organic,0,Entertainment,Night,
3227,YouTube,Video,2024-12-08,3707,2897,283,203,362,38,11,55,Organic,0,Entertainment,Day,
3228,YouTube,Reel,2023-10-30,5960,5292,3287,178,286,18,0,79,Organic,0,Education,Day,
3229,Instagram,Story,2025-09-26,19737,17721,14932,284,470,1711,267,14,Organic,0,Education,Night,
3230,Facebook,Reel,2023-11-06,7661,5499,2934,251,457,652,73,146,Organic,0,Entertainment,Day,
3231,Facebook,Image,2022-08-04,3924,3583,1933,291,46,382,13,55,Paid,4009,Awareness,Night,
3232,Facebook,Image,2023-04-27,9262,7131,6988,145,347,993,258,122,Organic,0,Promotion,Day,
3233,YouTube,Video,2025-12-01,8866,8646,8107,71,418,638,5,125,Paid,3107,Entertainment,Night,
3234,Facebook,Reel,2025-05-14,14358,12081,5085,201,275,1494,74,43,Organic,0,Entertainment,Day,
3235,Instagram,Reel,2025-01-15,11914,9309,4752,1,20,2425,170,32,Organic,0,Education,Day,
3236,Instagram,Video,2024-01-24,2126,1980,176,155,341,144,1,7,Organic,0,Promotion,Night,
3237,YouTube,Story,2024-04-21,13353,8154,2292,106,421,1309,44,88,Paid,2689,Promotion,Day,
3238,YouTube,Video,2024-08-27,5693,5444,5283,101,120,234,51,159,Organic,0,Motivation,Day,
3239,Facebook,Reel,2023-02-21,11494,10343,210,45,464,2684,222,121,Organic,0,Entertainment,Night,
3240,Facebook,Reel,2021-04-18,2907,1860,135,283,227,38,9,6,Organic,0,Motivation,Day,
3241,Instagram,Video,2025-07-16,18073,11776,2842,269,329,2978,3,97,Organic,0,Education,Day,
3242,Instagram,Reel,2021-05-13,8557,6509,5119,25,318,1431,142,170,Organic,0,Motivation,Day,
3243,Instagram,Image,2024-07-21,8540,5326,3479,45,124,537,56,135,Organic,0,Awareness,Night,
3244,YouTube,Video,2024-08-09,14680,12034,2299,70,345,697,136,148,Organic,0,Entertainment,Night,
3245,Facebook,Story,2025-10-14,15060,13295,12776,234,457,273,44,98,Organic,0,Entertainment,Night,
3246,Instagram,Reel,2025-11-21,9402,8791,1206,45,18,1875,3,44,Organic,0,Promotion,Day,
3247,Facebook,Image,2021-01-18,12431,11951,8146,103,309,868,125,6,Paid,3227,Motivation,Day,
3248,YouTube,Video,2021-10-13,15675,14473,12238,157,71,4127,594,85,Paid,3809,Promotion,Day,
3249,Facebook,Story,2023-04-16,14834,13867,10610,14,387,1906,485,173,Organic,0,Motivation,Night,
3250,Facebook,Video,2023-09-08,4402,3471,2085,253,245,994,218,16,Organic,0,Motivation,Night,
3251,YouTube,Image,2024-01-17,14045,9453,3869,221,278,2695,543,167,Paid,4806,Education,Night,
3252,Facebook,Image,2021-06-29,18234,16386,5290,235,473,2928,25,69,Organic,0,Motivation,Night,
3253,Instagram,Image,2022-01-12,14156,9901,7126,227,263,2425,162,59,Organic,0,Promotion,Day,
3254,Facebook,Image,2023-07-06,17871,10813,1402,202,418,2334,199,49,Paid,3884,Motivation,Day,
3255,Facebook,Video,2024-08-05,11645,8371,7598,149,297,767,140,105,Organic,0,Motivation,Night,
3256,YouTube,Reel,2024-01-02,8924,8665,5299,174,318,1302,289,66,Organic,0,Entertainment,Day,
3257,Instagram,Image,2023-06-08,16617,13904,6228,151,12,3808,311,53,Paid,2789,Entertainment,Day,
3258,Facebook,Video,2023-01-27,18991,18263,10390,15,473,1539,285,131,Organic,0,Entertainment,Night,
3259,Instagram,Story,2021-08-12,3373,2618,1977,282,298,127,28,157,Paid,4411,Awareness,Day,
3260,Instagram,Image,2024-04-23,7175,6646,2874,47,273,143,8,27,Paid,708,Entertainment,Day,
3261,Instagram,Image,2021-08-22,18461,14691,645,28,446,657,165,156,Paid,1663,Awareness,Day,
3262,YouTube,Story,2024-05-20,12831,8055,2209,92,267,17,5,42,Organic,0,Awareness,Night,
3263,Instagram,Video,2024-08-02,15654,13989,10263,119,328,4024,715,32,Organic,0,Promotion,Day,
3264,YouTube,Video,2021-02-06,1545,1071,307,174,324,301,25,25,Organic,0,Entertainment,Night,
3265,Facebook,Video,2025-09-08,1432,924,505,140,87,259,50,111,Organic,0,Motivation,Day,
3266,Facebook,Story,2024-09-16,19730,18016,4890,92,82,188,25,150,Organic,0,Education,Night,
3267,YouTube,Video,2022-03-08,8440,5838,3149,86,453,835,154,168,Organic,0,Motivation,Day,
3268,YouTube,Video,2024-08-01,2371,1435,278,133,402,400,63,103,Organic,0,Entertainment,Night,
3269,YouTube,Story,2023-05-18,6661,5572,4703,231,186,1333,363,177,Organic,0,Motivation,Day,
3270,Instagram,Image,2024-11-29,8838,7225,6405,47,413,1180,12,123,Organic,0,Entertainment,Night,
3271,Instagram,Image,2024-05-08,10079,7296,5556,253,130,1601,339,77,Paid,4770,Entertainment,Night,
3272,YouTube,Story,2025-06-04,2628,2355,1244,129,481,555,126,126,Paid,4216,Motivation,Day,
3273,YouTube,Story,2025-01-23,13211,9718,6239,219,458,1041,169,34,Paid,2558,Awareness,Day,
3274,Facebook,Reel,2025-11-25,18988,15786,10915,137,259,3431,724,112,Organic,0,Promotion,Day,
3275,Instagram,Image,2024-09-16,7497,5713,5160,81,437,1150,117,102,Paid,730,Promotion,Night,
3276,Instagram,Story,2023-03-14,14647,12839,3937,78,15,884,222,36,Paid,1190,Promotion,Day,
3277,YouTube,Story,2023-08-23,16096,13529,3992,81,395,1494,268,160,Organic,0,Promotion,Day,
3278,Facebook,Story,2024-09-07,14386,13628,4927,124,446,2297,223,176,Organic,0,Education,Night,
3279,Instagram,Video,2021-03-06,15110,13957,12503,156,163,2762,548,83,Organic,0,Entertainment,Night,
3280,YouTube,Story,2024-05-05,2952,2510,1642,237,84,738,8,45,Organic,0,Education,Day,
3281,YouTube,Reel,2022-07-29,1268,786,580,23,356,117,12,67,Organic,0,Promotion,Day,
3282,Facebook,Story,2021-10-18,16317,13450,4417,176,341,930,250,27,Organic,0,Promotion,Day,
3283,Instagram,Reel,2021-05-10,1156,816,343,286,179,143,1,108,Paid,1151,Motivation,Day,
3284,Facebook,Video,2021-09-29,4602,3486,1228,175,11,78,21,79,Organic,0,Promotion,Day,
3285,Instagram,Reel,2022-03-06,7061,6539,530,71,465,192,19,52,Organic,0,Entertainment,Night,
3286,YouTube,Image,2025-08-16,16204,14609,10165,169,96,2169,238,164,Paid,4654,Promotion,Day,
3287,Facebook,Story,2022-05-05,3577,2351,119,140,444,114,9,61,Organic,0,Promotion,Day,
3288,Instagram,Story,2025-12-18,6467,5522,1220,282,222,733,47,122,Paid,2444,Education,Day,
3289,Facebook,Video,2021-08-16,13461,9576,8578,186,253,2735,352,104,Organic,0,Entertainment,Night,
3290,Facebook,Story,2025-01-04,8321,7156,2855,149,175,788,141,128,Paid,4111,Awareness,Day,
3291,YouTube,Video,2023-06-03,3629,2708,2394,118,165,647,193,165,Organic,0,Motivation,Night,
3292,Instagram,Story,2022-12-06,4072,2603,900,232,357,488,77,156,Organic,0,Awareness,Day,
3293,YouTube,Video,2023-08-29,2024,1997,851,233,102,427,34,171,Organic,0,Education,Day,
3294,YouTube,Video,2021-07-15,9108,7275,5470,162,425,1024,197,38,Paid,3178,Promotion,Night,
3295,Instagram,Story,2025-04-08,16585,13019,1663,88,385,1733,170,160,Paid,661,Motivation,Day,
3296,YouTube,Image,2023-12-13,14903,9176,6426,81,7,2104,263,169,Organic,0,Entertainment,Night,
3297,Facebook,Image,2021-06-21,2940,2632,985,10,404,584,59,11,Paid,616,Motivation,Night,
3298,Facebook,Image,2023-06-12,8696,7750,7708,30,159,1376,37,169,Organic,0,Education,Day,
3299,Facebook,Reel,2024-06-14,11996,7463,6724,64,468,1351,369,60,Organic,0,Promotion,Night,
3300,YouTube,Story,2021-12-21,14722,12443,3754,271,470,932,51,69,Paid,4687,Education,Night,
3301,Instagram,Video,2023-10-26,19220,15878,10773,149,332,315,39,51,Organic,0,Entertainment,Night,
3302,YouTube,Image,2024-05-29,5989,3827,1219,187,23,297,47,152,Organic,0,Awareness,Day,
3303,YouTube,Video,2025-01-19,5743,5709,2017,130,67,359,100,23,Paid,3701,Promotion,Day,
3304,Instagram,Image,2023-06-24,16446,12830,3027,32,56,3142,379,161,Paid,3059,Promotion,Day,
3305,Instagram,Story,2025-03-13,11853,9509,3179,43,266,2418,24,150,Paid,4178,Education,Night,
3306,Facebook,Story,2023-06-12,7655,7242,1843,43,453,1225,127,167,Paid,4690,Education,Day,
3307,Instagram,Image,2024-04-13,2249,2051,486,54,164,160,42,175,Organic,0,Education,Day,
3308,YouTube,Image,2024-04-12,1517,1327,1238,64,199,75,21,130,Paid,1052,Promotion,Day,
3309,YouTube,Video,2025-10-22,12132,7805,6896,218,72,1851,218,143,Organic,0,Education,Night,
3310,Facebook,Reel,2022-04-14,3732,2348,641,50,303,515,125,53,Paid,1911,Motivation,Day,
3311,Instagram,Image,2021-06-04,19020,13428,3568,235,222,1626,290,117,Organic,0,Motivation,Day,
3312,YouTube,Image,2023-01-06,16861,11049,7984,0,226,3165,27,42,Organic,0,Motivation,Night,
3313,Facebook,Video,2025-09-18,10568,9176,6113,100,28,2436,633,68,Organic,0,Promotion,Day,
3314,YouTube,Video,2021-01-22,9332,6721,1072,193,380,650,13,73,Organic,0,Education,Day,
3315,Facebook,Video,2024-02-11,18063,12836,3490,158,326,2295,506,140,Organic,0,Entertainment,Day,
3316,Facebook,Image,2022-10-10,12344,7858,3707,203,24,696,152,166,Paid,2460,Education,Day,
3317,Facebook,Reel,2021-01-18,8790,7930,2237,208,350,194,17,120,Paid,2626,Promotion,Day,
3318,YouTube,Reel,2024-07-04,16048,15193,3933,217,277,2850,304,69,Organic,0,Motivation,Day,
3319,YouTube,Reel,2025-12-25,17547,11316,7313,88,36,182,4,35,Paid,1108,Promotion,Day,
3320,Instagram,Image,2022-05-16,2588,2194,246,51,279,102,7,136,Organic,0,Education,Night,
3321,YouTube,Reel,2021-07-21,11174,8012,2962,120,88,609,0,117,Organic,0,Promotion,Day,
3322,Facebook,Video,2024-11-04,2033,2008,1805,198,267,563,50,113,Organic,0,Entertainment,Day,
3323,Instagram,Video,2022-04-01,4983,4471,1946,275,289,1304,210,73,Paid,3060,Promotion,Day,
3324,Instagram,Video,2025-02-20,3816,3617,1908,261,303,980,125,162,Paid,2526,Awareness,Day,
3325,YouTube,Video,2022-01-13,11035,10603,379,181,66,1754,493,124,Organic,0,Promotion,Night,
3326,YouTube,Image,2021-07-24,3647,2714,36,233,58,715,183,92,Organic,0,Education,Day,
3327,YouTube,Story,2023-01-18,15211,11103,1707,92,110,1101,287,71,Organic,0,Awareness,Day,
3328,YouTube,Video,2021-06-15,16033,9671,4338,155,185,2167,380,79,Organic,0,Motivation,Night,
3329,Facebook,Image,2021-10-18,9504,7190,2819,173,199,1721,483,49,Organic,0,Education,Night,
3330,Instagram,Video,2023-05-27,4764,4086,967,224,228,381,58,8,Organic,0,Entertainment,Night,
3331,YouTube,Image,2023-05-01,4811,4295,1970,299,181,1026,256,158,Organic,0,Promotion,Night,
3332,Instagram,Image,2025-04-16,14133,9351,8911,112,481,550,102,159,Paid,2918,Promotion,Day,
3333,Instagram,Video,2022-03-01,1827,1477,400,278,433,186,31,178,Organic,0,Education,Night,
3334,Facebook,Reel,2021-12-06,18195,14831,3562,147,341,2346,47,111,Organic,0,Promotion,Night,
3335,Instagram,Image,2025-06-01,13477,8649,2882,253,217,1236,152,55,Organic,0,Promotion,Day,
3336,Facebook,Video,2022-08-31,7710,7605,586,234,213,894,0,54,Paid,4430,Motivation,Night,
3337,Facebook,Video,2024-07-06,4170,3903,1534,95,151,610,44,10,Paid,731,Promotion,Day,
3338,Facebook,Image,2023-12-26,17756,12510,3394,212,134,461,101,63,Paid,2467,Promotion,Night,
3339,Instagram,Image,2022-10-04,16702,10243,9718,261,462,1025,198,129,Organic,0,Motivation,Day,
3340,Facebook,Reel,2024-02-03,16828,10274,48,14,142,886,193,147,Paid,1521,Promotion,Day,
3341,Facebook,Reel,2023-04-03,18736,13042,11306,40,391,1992,233,34,Organic,0,Motivation,Day,
3342,Facebook,Video,2021-10-24,12289,12096,10835,85,247,741,191,174,Organic,0,Entertainment,Day,
3343,Instagram,Video,2022-04-02,2889,2518,178,135,25,337,76,126,Organic,0,Promotion,Day,
3344,Facebook,Image,2021-06-17,13357,9203,2790,65,262,2371,96,129,Organic,0,Education,Day,
3345,YouTube,Video,2023-11-29,6140,4834,716,274,58,982,63,41,Paid,3830,Awareness,Night,
3346,Instagram,Story,2021-04-20,15625,15080,11094,229,269,3280,667,174,Paid,3237,Entertainment,Night,
3347,Instagram,Image,2023-09-05,18060,16211,10228,29,161,2064,590,128,Organic,0,Promotion,Day,
3348,YouTube,Story,2021-09-12,6283,4321,3352,171,213,218,62,105,Organic,0,Education,Night,
3349,Facebook,Video,2024-02-07,12663,11830,154,221,39,3021,97,39,Organic,0,Awareness,Day,
3350,Facebook,Story,2025-10-16,17138,12012,6658,124,48,2588,701,91,Organic,0,Motivation,Night,
3351,Instagram,Story,2024-05-06,14367,10259,5773,229,418,385,21,138,Organic,0,Promotion,Day,
3352,Instagram,Image,2024-05-07,6832,5796,1785,249,467,211,53,22,Paid,241,Motivation,Night,
3353,YouTube,Video,2024-03-21,19368,15774,6421,271,500,581,22,117,Paid,2370,Entertainment,Night,
3354,YouTube,Image,2024-08-09,6462,4070,314,218,252,233,26,33,Organic,0,Awareness,Day,
3355,YouTube,Reel,2023-03-08,12405,8987,6907,61,410,703,29,81,Paid,3733,Awareness,Day,
3356,Instagram,Video,2022-11-06,8932,5673,371,158,352,962,269,63,Organic,0,Motivation,Night,
3357,Instagram,Story,2024-05-16,2844,2202,1521,264,397,487,41,179,Organic,0,Motivation,Night,
3358,Instagram,Reel,2024-11-24,11908,11268,11142,300,280,921,174,130,Organic,0,Entertainment,Day,
3359,YouTube,Reel,2025-02-09,5052,3344,595,164,397,493,71,149,Organic,0,Education,Day,
3360,Facebook,Reel,2021-05-23,12207,8191,5286,285,450,1793,278,113,Paid,3399,Promotion,Night,
3361,YouTube,Reel,2022-01-03,3187,2432,769,207,415,505,107,26,Organic,0,Education,Night,
3362,YouTube,Story,2023-03-21,2222,1457,733,132,50,356,69,72,Organic,0,Awareness,Day,
3363,YouTube,Video,2022-10-14,7812,7649,2571,199,111,2272,257,73,Organic,0,Promotion,Night,
3364,Instagram,Story,2024-05-09,2727,2132,188,300,219,8,1,169,Paid,3098,Entertainment,Day,
3365,YouTube,Story,2023-08-10,11022,9581,526,287,383,2372,551,53,Organic,0,Education,Night,
3366,YouTube,Story,2024-07-26,6761,4496,761,214,205,943,247,145,Paid,1758,Education,Night,
3367,Facebook,Image,2022-03-18,17653,11118,3147,219,231,272,26,166,Paid,3794,Promotion,Day,
3368,Instagram,Reel,2021-09-05,1943,1654,1447,150,499,354,17,113,Organic,0,Entertainment,Day,
3369,YouTube,Reel,2024-08-25,1367,1004,752,138,48,156,8,90,Organic,0,Entertainment,Night,
3370,Facebook,Reel,2023-04-24,18210,18131,6056,120,222,1880,62,57,Paid,1851,Education,Day,
3371,Facebook,Video,2025-12-31,11245,9274,5079,148,137,59,3,127,Organic,0,Education,Night,
3372,Facebook,Video,2021-11-15,6511,5120,1288,143,125,1132,138,91,Paid,883,Motivation,Night,
3373,Instagram,Video,2023-04-23,13053,7890,966,263,218,1260,224,135,Organic,0,Promotion,Day,
3374,Facebook,Story,2021-01-17,3134,2568,422,158,253,426,70,46,Organic,0,Entertainment,Night,
3375,Facebook,Video,2024-06-23,12519,9087,3154,239,19,2543,552,102,Paid,2210,Awareness,Day,
3376,Instagram,Video,2022-09-07,11483,9437,914,260,465,2606,137,164,Paid,1415,Promotion,Night,
3377,YouTube,Video,2025-08-11,6868,5699,5267,102,162,155,42,113,Paid,2782,Motivation,Night,
3378,Facebook,Reel,2022-01-07,13560,10753,577,89,123,2525,273,55,Organic,0,Promotion,Night,
3379,Facebook,Image,2023-06-06,16737,13173,9829,88,396,2912,390,89,Paid,513,Education,Day,
3380,Facebook,Image,2022-04-20,6501,6234,764,291,128,710,59,178,Paid,4194,Promotion,Day,
3381,YouTube,Video,2025-05-22,4043,2558,2544,118,401,640,138,131,Paid,643,Promotion,Day,
3382,YouTube,Story,2024-07-16,11012,7645,18,193,217,1148,334,25,Organic,0,Promotion,Day,
3383,Instagram,Reel,2022-07-08,6822,6191,1651,153,345,1525,96,48,Organic,0,Awareness,Day,
3384,YouTube,Image,2022-06-12,17953,15184,6077,52,480,1884,243,143,Paid,3466,Motivation,Night,
3385,YouTube,Image,2025-02-07,18262,14080,12714,185,415,3573,521,107,Organic,0,Promotion,Day,
3386,Facebook,Reel,2025-01-29,10436,7700,3143,68,283,1164,127,72,Organic,0,Promotion,Day,
3387,YouTube,Story,2022-07-05,11805,9897,355,295,441,85,14,133,Organic,0,Awareness,Day,
3388,Facebook,Story,2023-12-08,12383,8765,4456,245,431,2291,648,96,Organic,0,Entertainment,Day,
3389,Instagram,Reel,2022-08-04,1270,889,330,49,429,218,54,28,Organic,0,Promotion,Night,
3390,Instagram,Video,2022-06-14,16411,13162,13149,281,267,1344,22,129,Organic,0,Promotion,Day,
3391,Facebook,Story,2025-06-23,7599,4577,2244,69,281,77,18,145,Paid,1091,Entertainment,Day,
3392,Facebook,Image,2022-08-07,17667,14330,10927,193,264,1738,281,115,Organic,0,Promotion,Day,
3393,Facebook,Story,2024-06-05,15209,12645,7487,8,209,1843,551,102,Organic,0,Promotion,Day,
3394,Instagram,Video,2025-11-04,4489,3630,348,133,318,45,13,143,Organic,0,Promotion,Day,
3395,YouTube,Story,2025-04-03,15428,9928,7340,52,172,330,3,21,Organic,0,Motivation,Night,
3396,Instagram,Story,2023-05-08,13851,12245,0,173,39,3396,367,103,Organic,0,Education,Night,
3397,Facebook,Video,2021-02-10,18787,17235,12594,251,339,4138,865,86,Paid,1553,Motivation,Day,
3398,Instagram,Reel,2022-02-23,10585,8487,6028,222,294,2305,185,108,Organic,0,Entertainment,Day,
3399,YouTube,Story,2022-10-26,17945,13451,12804,209,209,76,8,156,Paid,2533,Motivation,Night,
3400,Instagram,Video,2022-12-04,19894,18415,4447,135,461,1878,496,23,Organic,0,Motivation,Day,
3401,Facebook,Reel,2023-08-24,6830,6395,2712,228,63,890,36,169,Organic,0,Awareness,Day,
3402,YouTube,Reel,2022-11-08,10852,6783,4414,165,446,1729,133,89,Organic,0,Entertainment,Day,
3403,Instagram,Video,2023-02-10,17072,13747,10308,210,389,1412,386,12,Organic,0,Entertainment,Night,
3404,Facebook,Image,2022-05-16,9171,7620,7040,286,444,1177,293,877,Paid,116950,Entertainment,Night,
3405,Instagram,Reel,2023-11-15,2696,2406,77,43,11,200,20,9,Paid,1085,Motivation,Day,
3406,Instagram,Video,2024-05-16,3603,2450,853,0,388,449,96,149,Organic,0,Entertainment,Day,
3407,Facebook,Image,2025-11-14,10632,10505,7531,179,268,1510,75,105,Organic,0,Awareness,Night,
3408,Instagram,Story,2022-03-19,13322,11882,6798,75,26,199,57,168,Organic,0,Promotion,Night,
3409,Facebook,Story,2022-09-15,7366,6149,1730,132,206,441,64,122,Organic,0,Motivation,Night,
3410,Facebook,Reel,2025-03-11,17668,16996,7622,53,275,4896,773,151,Paid,1983,Promotion,Night,
3411,Instagram,Image,2023-01-30,3357,2322,363,244,365,200,14,68,Organic,0,Promotion,Night,
3412,Instagram,Story,2025-12-20,2566,2457,1146,182,236,225,15,95,Paid,2783,Motivation,Day,
3413,YouTube,Image,2023-04-27,16124,13180,4014,200,227,708,172,121,Organic,0,Motivation,Day,
3414,Facebook,Image,2024-06-11,18635,13746,13331,253,135,337,65,102,Organic,0,Entertainment,Day,
3415,Facebook,Story,2022-07-13,17246,16682,7845,146,429,3066,627,15,Organic,0,Awareness,Day,
3416,Instagram,Reel,2024-04-18,17463,16316,7309,235,403,2738,141,58,Organic,0,Motivation,Night,
3417,Instagram,Image,2023-09-03,9314,9185,6879,285,243,112,15,177,Paid,2630,Promotion,Night,
3418,Instagram,Image,2021-02-16,10220,6234,3827,181,41,543,38,51,Organic,0,Motivation,Night,
3419,YouTube,Video,2022-09-03,11096,10303,5195,241,392,1436,102,144,Paid,3136,Awareness,Night,
3420,Facebook,Video,2024-06-27,7805,7352,6461,16,329,851,30,153,Organic,0,Education,Day,
3421,Instagram,Story,2025-06-19,2524,2098,1631,182,371,284,4,143,Paid,739,Promotion,Night,
3422,Instagram,Story,2025-01-19,17588,11780,4000,268,490,991,148,9,Organic,0,Education,Day,
3423,YouTube,Reel,2022-12-02,11929,10619,2132,210,220,1496,125,24,Paid,1083,Education,Night,
3424,Instagram,Video,2022-06-17,2045,1873,1751,292,377,13,0,173,Paid,4523,Awareness,Day,
3425,Instagram,Story,2025-07-27,3578,2289,1726,39,40,61,7,50,Paid,2619,Motivation,Day,
3426,YouTube,Video,2022-10-06,17445,15117,8972,52,349,3269,853,16,Organic,0,Education,Day,
3427,Instagram,Image,2025-06-01,11429,10972,6985,39,159,880,229,74,Paid,1776,Entertainment,Day,
3428,Facebook,Image,2021-07-10,11040,10477,8374,249,342,1837,435,21,Organic,0,Motivation,Day,
3429,Facebook,Image,2025-02-10,1001,743,409,196,280,184,29,119,Organic,0,Promotion,Day,
3430,Instagram,Image,2021-09-30,5825,3559,1405,300,191,763,182,151,Organic,0,Motivation,Day,
3431,Instagram,Reel,2021-05-19,1549,1468,1436,119,354,328,79,158,Organic,0,Awareness,Night,
3432,Facebook,Reel,2024-03-22,8587,5166,4066,216,465,1495,92,52,Paid,289,Awareness,Night,
3433,Instagram,Reel,2025-09-13,10364,6360,5104,273,216,646,71,112,Organic,0,Promotion,Night,
3434,Instagram,Video,2021-04-23,6725,4672,1771,45,272,137,16,56,Organic,0,Promotion,Night,
3435,Instagram,Image,2023-09-20,13731,11318,3991,109,282,132,19,100,Organic,0,Promotion,Day,
3436,YouTube,Story,2022-11-27,3958,2892,1864,153,442,464,128,74,Organic,0,Awareness,Night,
3437,Facebook,Story,2022-11-02,10910,7596,2310,52,8,10,1,106,Organic,0,Motivation,Day,
3438,YouTube,Story,2024-08-14,6455,4798,672,275,468,1033,246,79,Organic,0,Education,Day,
3439,Instagram,Video,2023-09-09,14313,11975,3338,46,496,1270,254,165,Organic,0,Education,Night,
3440,YouTube,Video,2024-10-12,7670,6103,1157,181,263,156,32,155,Organic,0,Entertainment,Day,
3441,Instagram,Video,2025-05-01,13251,9552,5722,107,486,1095,214,147,Paid,718,Awareness,Day,
3442,YouTube,Video,2024-07-30,18276,17320,16022,281,308,4407,746,159,Paid,3910,Promotion,Night,
3443,Facebook,Story,2021-04-29,11743,9860,1244,87,497,2550,634,86,Paid,1029,Motivation,Night,
3444,Facebook,Video,2025-07-13,19153,14563,6173,235,176,2705,369,96,Organic,0,Awareness,Night,
3445,YouTube,Reel,2025-10-15,6826,4976,2548,272,390,1101,105,179,Organic,0,Entertainment,Day,
3446,YouTube,Reel,2025-02-08,19741,12595,8730,33,419,2243,42,8,Organic,0,Education,Night,
3447,YouTube,Reel,2022-06-15,9460,9223,5107,80,52,1577,96,139,Organic,0,Motivation,Night,
3448,YouTube,Video,2025-04-12,13123,12577,2840,32,263,1897,247,113,Organic,0,Education,Night,
3449,YouTube,Video,2022-08-28,11302,8048,2422,205,45,1934,197,167,Organic,0,Motivation,Night,
3450,Facebook,Story,2025-12-13,7443,5486,2969,100,434,171,21,52,Organic,0,Promotion,Day,
3451,YouTube,Video,2021-03-21,2768,1788,1655,157,151,328,28,77,Organic,0,Motivation,Day,
3452,Facebook,Video,2024-10-07,1336,1261,97,208,184,225,11,76,Paid,4673,Promotion,Night,
3453,Instagram,Image,2023-07-25,18990,13876,3889,156,166,2562,327,120,Organic,0,Awareness,Night,
3454,YouTube,Reel,2024-04-25,10947,7548,3330,136,174,752,152,177,Organic,0,Education,Day,
3455,YouTube,Video,2024-11-02,6003,3826,93,214,497,853,157,85,Organic,0,Motivation,Night,
3456,Facebook,Video,2023-02-19,4428,4078,70,30,458,783,164,85,Organic,0,Motivation,Day,
3457,Instagram,Reel,2024-09-22,18250,16163,13108,63,207,1084,81,117,Organic,0,Entertainment,Day,
3458,Facebook,Video,2021-11-08,18548,12286,10368,255,182,1709,128,100,Organic,0,Education,Day,
3459,Facebook,Image,2025-09-08,14176,9901,2392,15,270,2663,390,76,Organic,0,Awareness,Day,
3460,Facebook,Video,2024-03-19,7342,6991,6109,1,5,1109,254,151,Paid,3952,Promotion,Day,
3461,Facebook,Story,2024-09-17,12313,12045,8065,66,389,943,71,67,Paid,860,Awareness,Night,
3462,YouTube,Reel,2022-02-17,5347,5075,249,23,491,100,22,42,Organic,0,Entertainment,Day,
3463,Instagram,Reel,2024-06-14,16181,11897,4162,97,284,2289,347,71,Organic,0,Awareness,Day,
3464,YouTube,Story,2022-12-18,16174,10704,5483,95,461,592,156,73,Organic,0,Promotion,Night,
3465,YouTube,Image,2024-12-17,2464,1817,32,194,22,524,5,1383,Paid,68920,Education,Day,
3466,YouTube,Story,2025-08-31,10438,6496,104,214,400,355,101,179,Organic,0,Entertainment,Night,
3467,Instagram,Story,2023-07-13,12751,10111,682,296,11,1954,269,35,Organic,0,Motivation,Night,
3468,Facebook,Story,2023-10-27,9427,9222,7137,200,493,341,81,118,Organic,0,Motivation,Day,
3469,Instagram,Story,2023-03-08,9506,6539,3534,68,112,72,3,26,Organic,0,Education,Night,
3470,Facebook,Image,2023-11-08,17869,15299,11927,195,177,4031,1087,97,Paid,2075,Awareness,Night,
3471,Instagram,Video,2022-02-26,14945,14678,6827,65,453,1946,75,175,Organic,0,Motivation,Night,
3472,Facebook,Reel,2021-07-20,5523,3407,2277,195,4,905,45,71,Organic,0,Entertainment,Day,
3473,Instagram,Video,2024-09-24,10156,8067,6174,295,315,2413,283,58,Organic,0,Promotion,Day,
3474,Instagram,Video,2022-03-01,1505,1122,525,266,300,260,2,142,Organic,0,Awareness,Day,
3475,Facebook,Story,2025-01-10,11572,8957,5046,37,301,2294,172,46,Paid,706,Promotion,Night,
3476,YouTube,Story,2023-01-11,4998,3529,1804,65,287,941,24,68,Paid,607,Awareness,Night,
3477,Instagram,Image,2025-02-15,8843,7715,1761,28,419,1468,47,130,Organic,0,Entertainment,Night,
3478,Facebook,Image,2024-09-08,19494,14410,8084,4,413,1810,129,25,Organic,0,Promotion,Day,
3479,Facebook,Image,2025-04-04,19238,13637,13347,270,383,3541,1045,173,Organic,0,Entertainment,Day,
3480,YouTube,Reel,2024-09-15,14561,11453,6022,273,339,1556,352,156,Organic,0,Promotion,Day,
3481,Facebook,Video,2025-01-08,7080,4898,907,269,111,1076,84,39,Organic,0,Awareness,Day,
3482,Instagram,Story,2021-03-27,6054,4637,3498,274,372,764,53,34,Organic,0,Entertainment,Night,
3483,Instagram,Video,2024-08-01,10765,9919,6540,142,165,1986,419,61,Organic,0,Awareness,Day,
3484,Instagram,Story,2025-02-12,19076,13237,9418,243,171,1964,275,51,Organic,0,Awareness,Day,
3485,YouTube,Video,2024-07-26,5802,3806,1956,165,459,473,91,167,Organic,0,Promotion,Night,
3486,Facebook,Image,2021-11-21,12292,10076,4498,275,362,2456,643,23,Paid,2241,Promotion,Day,
3487,Facebook,Story,2021-05-12,15986,11855,8627,197,350,356,87,118,Organic,0,Entertainment,Night,
3488,YouTube,Video,2025-04-07,6127,5431,5055,252,217,908,165,12,Paid,2392,Motivation,Day,
3489,Instagram,Story,2024-06-09,9427,7026,6448,162,36,917,137,30,Organic,0,Education,Night,
3490,Instagram,Image,2024-06-06,12737,11212,8673,218,121,1272,57,117,Organic,0,Promotion,Day,
3491,Facebook,Reel,2022-12-20,1260,1223,124,56,202,25,3,75,Paid,4022,Awareness,Day,
3492,Instagram,Image,2025-02-17,7280,4522,1271,88,472,175,48,34,Organic,0,Education,Night,
3493,Facebook,Reel,2022-07-30,10200,6712,2501,85,245,258,67,139,Paid,1827,Entertainment,Night,
3494,Facebook,Story,2024-03-08,13503,11461,7141,25,488,2266,49,71,Organic,0,Education,Day,
3495,YouTube,Reel,2022-07-17,3713,3524,805,153,283,1036,17,69,Organic,0,Education,Night,
3496,YouTube,Image,2025-11-18,1164,734,247,191,406,214,42,40,Organic,0,Motivation,Night,
3497,YouTube,Story,2023-09-23,18268,14229,5346,133,139,3278,764,29,Organic,0,Motivation,Day,
3498,YouTube,Image,2024-04-14,14658,8923,670,223,248,1413,125,41,Organic,0,Education,Night,
3499,YouTube,Image,2024-12-05,9759,9669,2228,24,322,1650,324,5,Organic,0,Motivation,Day,
3500,Instagram,Video,2024-11-27,11903,8830,1754,78,363,1618,473,147,Organic,0,Motivation,Day,
3501,Facebook,Reel,2023-06-30,18390,17759,16426,186,377,2859,418,41,Organic,0,Education,Day,
3502,Facebook,Reel,2022-10-20,2395,1611,1140,125,440,43,5,2140,Organic,0,Promotion,Day,
3503,Instagram,Reel,2025-11-27,1642,1494,182,81,197,232,43,140,Organic,0,Motivation,Day,
3504,Instagram,Image,2024-05-28,6976,5892,3913,262,136,532,55,137,Organic,0,Education,Day,
3505,Facebook,Video,2024-02-24,10455,9512,7872,175,42,10,3,132,Organic,0,Promotion,Day,
3506,Facebook,Video,2024-05-28,19434,17369,14944,247,191,4665,204,131,Paid,1242,Motivation,Night,
3507,Facebook,Story,2024-10-19,13134,8441,4897,49,406,627,146,5,Paid,1588,Education,Night,
3508,YouTube,Image,2024-10-08,11053,7984,7517,141,317,1388,105,168,Organic,0,Motivation,Day,
3509,Facebook,Story,2023-11-26,18743,12701,10861,292,243,2129,250,39,Paid,4455,Promotion,Day,
3510,Instagram,Story,2022-12-19,9916,7751,4770,18,246,1822,444,108,Organic,0,Education,Night,
3511,Facebook,Story,2025-01-25,1614,1338,1328,107,326,166,19,27,Paid,464,Promotion,Day,
3512,Instagram,Video,2024-09-08,11024,8437,5509,210,409,1769,482,13,Paid,4021,Awareness,Day,
3513,YouTube,Story,2025-01-26,19470,13113,12577,27,249,3894,288,38,Paid,2997,Entertainment,Day,
3514,YouTube,Story,2025-11-07,14268,14244,3448,184,303,1974,305,178,Organic,0,Awareness,Night,
3515,YouTube,Video,2024-09-21,16198,13540,2016,170,329,511,13,132,Organic,0,Motivation,Day,
3516,Instagram,Story,2025-04-19,9266,7452,1969,36,419,1863,234,8,Organic,0,Promotion,Day,
3517,YouTube,Story,2021-10-01,9598,8601,5984,239,492,2197,495,162,Paid,2906,Education,Night,
3518,YouTube,Story,2021-08-01,17399,13197,4429,249,158,1643,130,106,Organic,0,Promotion,Day,
3519,Facebook,Story,2025-11-29,4120,3277,1915,109,317,546,84,79,Paid,807,Motivation,Day,
3520,Instagram,Story,2024-01-04,11291,8016,2863,282,9,973,74,103,Organic,0,Education,Night,
3521,Instagram,Story,2022-09-10,12272,11344,8217,50,334,3059,612,76,Paid,2594,Awareness,Day,
3522,Facebook,Story,2025-06-01,14395,11933,10290,60,397,181,9,7,Organic,0,Promotion,Night,
3523,Facebook,Story,2022-03-14,7337,6083,3637,0,153,343,30,146,Organic,0,Entertainment,Day,
3524,Facebook,Image,2023-04-01,1597,1434,1297,49,130,52,8,177,Organic,0,Motivation,Day,
3525,YouTube,Story,2022-08-19,17144,15770,11692,163,292,4007,502,38,Organic,0,Motivation,Day,
3526,Instagram,Story,2023-10-20,12142,7626,5848,206,18,2122,221,49,Organic,0,Promotion,Night,
3527,Instagram,Video,2024-05-31,5019,3956,79,39,235,52,6,65,Paid,2221,Awareness,Day,
3528,Instagram,Video,2021-08-03,12401,7695,3139,235,293,161,48,87,Organic,0,Awareness,Day,
3529,Instagram,Reel,2024-01-18,9837,8255,5121,160,348,136,31,127,Organic,0,Entertainment,Night,
3530,Facebook,Story,2021-08-13,4206,3337,2368,121,340,925,79,106,Paid,4766,Entertainment,Night,
3531,Instagram,Reel,2023-07-01,19011,17719,11565,101,404,4795,868,20,Organic,0,Promotion,Day,
3532,Facebook,Story,2025-12-06,15039,13010,11521,269,304,983,188,70,Paid,2248,Education,Day,
3533,YouTube,Reel,2023-07-20,14353,8983,8748,275,109,2003,59,172,Paid,4405,Awareness,Day,
3534,Instagram,Video,2022-04-18,9850,9101,3176,3,38,349,27,931,Organic,0,Education,Day,
3535,Instagram,Reel,2023-08-17,9916,6725,4034,158,499,96,19,123,Organic,0,Education,Night,
3536,YouTube,Story,2024-10-09,8428,6826,3930,290,211,1659,435,166,Organic,0,Promotion,Night,
3537,YouTube,Reel,2023-12-02,15471,9794,180,26,468,2844,274,128,Paid,4348,Entertainment,Day,
3538,Facebook,Image,2025-05-05,15951,15087,13819,186,287,1870,372,148,Organic,0,Education,Day,
3539,Instagram,Reel,2025-10-07,6025,5211,3400,121,459,51,5,106,Organic,0,Promotion,Night,
3540,Facebook,Image,2021-10-17,16429,14700,7031,298,53,2166,69,70,Paid,3133,Entertainment,Night,
3541,YouTube,Video,2022-02-06,3898,2596,1080,85,165,688,32,17,Organic,0,Education,Day,
3542,Instagram,Reel,2024-04-14,6212,5273,2729,156,201,169,6,115,Paid,272,Education,Day,
3543,Instagram,Image,2024-07-12,11435,10559,6099,109,92,1081,322,3377,Paid,30588,Entertainment,Day,
3544,YouTube,Video,2021-06-06,13280,10565,8721,175,43,1147,146,38,Organic,0,Entertainment,Night,
3545,Facebook,Video,2022-01-20,8006,6367,5629,173,73,1886,460,43,Paid,1229,Motivation,Day,
3546,Facebook,Video,2024-08-10,2898,2160,886,227,428,565,165,140,Paid,3981,Motivation,Night,
3547,Instagram,Image,2024-01-05,15052,13233,1315,133,195,1232,51,124,Organic,0,Promotion,Day,
3548,Facebook,Reel,2022-06-19,5409,3924,812,124,165,57,2,130,Organic,0,Promotion,Night,
3549,Instagram,Reel,2022-01-14,9747,6092,4437,106,466,199,7,59,Organic,0,Awareness,Day,
3550,Instagram,Image,2023-11-07,13752,8344,4769,239,464,801,0,31,Organic,0,Motivation,Day,
3551,Instagram,Image,2021-01-22,16823,10471,7135,55,497,2999,586,122,Paid,3675,Entertainment,Day,
3552,YouTube,Story,2023-02-12,18808,13227,42,247,215,3176,476,57,Organic,0,Motivation,Day,
3553,YouTube,Image,2022-01-15,16819,15735,2413,21,144,538,106,43,Organic,0,Promotion,Day,
3554,YouTube,Story,2024-02-23,18878,15614,1687,256,199,4228,808,69,Organic,0,Promotion,Night,
3555,Facebook,Reel,2025-12-20,19818,13711,6342,152,335,366,28,149,Organic,0,Promotion,Day,
3556,Instagram,Story,2023-05-30,11764,10339,1788,42,205,1051,314,162,Paid,2509,Entertainment,Day,
3557,YouTube,Video,2025-03-22,2212,1657,792,128,407,367,87,17,Paid,1800,Education,Day,
3558,YouTube,Reel,2024-08-14,19649,12060,4888,66,172,2312,498,25,Organic,0,Promotion,Day,
3559,YouTube,Video,2024-10-30,4751,4294,566,191,286,1220,230,151,Organic,0,Motivation,Day,
3560,YouTube,Image,2024-01-21,19804,12699,7611,5,236,769,101,57,Organic,0,Education,Day,
3561,YouTube,Reel,2022-05-21,10085,6768,5223,203,373,241,42,23,Organic,0,Motivation,Day,
3562,YouTube,Reel,2025-06-18,5539,4719,1427,57,216,351,51,61,Organic,0,Promotion,Day,
3563,Facebook,Image,2024-12-20,19723,17853,12020,141,263,205,35,29,Organic,0,Entertainment,Day,
3564,Instagram,Reel,2025-05-02,1342,949,774,257,423,118,12,35,Paid,2631,Education,Day,
3565,Instagram,Image,2023-04-17,10766,8032,1960,167,435,338,0,85,Organic,0,Education,Day,
3566,Instagram,Reel,2022-06-04,3767,3243,3160,176,62,318,43,27,Paid,2713,Promotion,Night,
3567,YouTube,Video,2022-09-16,1851,1276,308,278,125,376,10,36,Organic,0,Promotion,Day,
3568,Facebook,Image,2023-01-23,7206,4678,4638,296,6,1170,169,78,Organic,0,Promotion,Day,
3569,Facebook,Image,2025-11-02,8226,6323,818,252,475,1654,388,14,Paid,755,Awareness,Night,
3570,YouTube,Story,2022-01-29,17152,10958,6730,256,231,1990,27,58,Organic,0,Entertainment,Day,
3571,Facebook,Image,2022-06-04,2867,2341,19,168,47,75,4,56,Paid,4066,Entertainment,Day,
3572,Facebook,Story,2025-04-08,13850,10385,3421,122,229,2215,237,152,Organic,0,Promotion,Day,
3573,Facebook,Image,2025-03-29,13621,12748,12516,206,234,1060,59,164,Organic,0,Awareness,Night,
3574,Instagram,Story,2021-01-20,16230,15203,3677,158,166,3568,124,118,Paid,4209,Promotion,Night,
3575,Instagram,Reel,2024-08-01,15910,15086,730,116,115,1910,81,18,Organic,0,Promotion,Night,
3576,Facebook,Image,2025-03-13,6801,5162,2730,255,458,1188,215,160,Paid,1390,Entertainment,Night,
3577,YouTube,Story,2025-05-16,9651,9346,8893,143,459,1393,59,114,Paid,3410,Awareness,Night,
3578,Facebook,Image,2022-09-14,18476,18120,7117,59,277,353,75,57,Organic,0,Entertainment,Night,
3579,Instagram,Story,2025-10-21,4038,3127,664,247,26,396,2,156,Organic,0,Promotion,Day,
3580,Facebook,Story,2024-04-02,15909,14413,13152,244,211,2948,837,83,Organic,0,Motivation,Day,
3581,Facebook,Image,2023-09-19,4845,3122,1606,157,451,110,3,26,Organic,0,Education,Night,
3582,Instagram,Image,2025-03-03,15731,12403,5593,236,76,1187,344,34,Paid,2618,Promotion,Night,
3583,Instagram,Reel,2021-12-07,17768,15290,4850,259,172,3734,310,8,Organic,0,Awareness,Day,
3584,YouTube,Video,2025-04-02,9793,9738,8314,132,489,2786,25,63,Organic,0,Motivation,Day,
3585,Instagram,Video,2025-02-27,13459,12403,7108,194,370,3515,714,12,Paid,469,Awareness,Night,
3586,Facebook,Reel,2022-03-24,6963,6839,3356,280,243,1670,34,16,Organic,0,Promotion,Day,
3587,Instagram,Image,2025-12-29,2106,1902,1220,191,239,453,112,123,Paid,263,Promotion,Day,
3588,Instagram,Reel,2021-10-23,2339,2178,2035,239,301,210,52,163,Organic,0,Education,Night,
3589,YouTube,Video,2025-05-28,7020,6030,3586,122,183,142,42,38,Paid,1242,Awareness,Day,
3590,YouTube,Reel,2023-05-10,5037,3288,2706,16,208,567,152,86,Organic,0,Motivation,Day,
3591,YouTube,Reel,2022-08-12,18682,18590,7596,98,350,5350,343,102,Organic,0,Education,Night,
3592,Facebook,Reel,2022-03-18,8925,5567,2066,143,194,1613,73,131,Organic,0,Awareness,Day,
3593,YouTube,Image,2025-12-27,1739,1453,1159,132,362,416,90,79,Organic,0,Promotion,Night,
3594,Instagram,Reel,2024-06-07,8424,7839,1562,174,224,9,1,109,Paid,1846,Education,Night,
3595,YouTube,Story,2025-05-14,18618,18378,2960,69,258,3209,330,53,Organic,0,Promotion,Night,
3596,Instagram,Story,2021-03-09,12260,9342,4158,271,453,1975,49,2569,Paid,147616,Entertainment,Night,
3597,Instagram,Reel,2023-09-08,19208,14279,1747,59,492,2353,544,97,Organic,0,Entertainment,Day,
3598,YouTube,Story,2022-06-09,19961,17151,11470,159,463,4262,20,158,Organic,0,Education,Day,
3599,YouTube,Image,2022-10-26,5691,5582,3360,154,496,1642,3,22,Organic,0,Education,Night,
3600,Instagram,Image,2021-03-03,5325,4690,4510,271,326,682,204,100,Organic,0,Awareness,Day,
3601,YouTube,Video,2024-10-22,15635,13840,3746,66,86,3251,28,42,Organic,0,Motivation,Day,
3602,YouTube,Story,2021-03-12,5008,3514,2294,205,493,153,30,91,Organic,0,Motivation,Night,
3603,YouTube,Image,2024-09-17,14589,10463,9271,268,397,2424,590,92,Paid,4810,Entertainment,Night,
3604,Facebook,Video,2022-02-20,16860,11422,4122,80,412,2127,508,54,Organic,0,Entertainment,Night,
3605,YouTube,Image,2024-03-26,11148,9655,9460,200,158,1674,88,12,Organic,0,Entertainment,Night,
3606,YouTube,Reel,2022-04-26,10844,7446,4439,285,259,1749,8,173,Organic,0,Promotion,Night,
3607,YouTube,Video,2022-10-26,1217,971,183,269,249,2,0,138,Organic,0,Motivation,Night,
3608,YouTube,Reel,2021-11-04,11230,9510,2608,1,42,2804,81,73,Paid,651,Education,Day,
3609,YouTube,Image,2022-07-11,17026,13171,4512,271,255,1218,187,1026,Organic,0,Entertainment,Day,
3610,Instagram,Reel,2023-04-12,5505,3582,3581,238,163,113,17,125,Organic,0,Awareness,Night,
3611,Facebook,Image,2023-04-11,1586,1051,517,141,87,182,10,68,Organic,0,Education,Day,
3612,Facebook,Story,2023-09-13,2664,2068,1197,277,477,407,7,161,Organic,0,Education,Night,
3613,Instagram,Reel,2023-11-06,7181,5134,1948,284,110,27,5,160,Organic,0,Education,Night,
3614,Instagram,Video,2021-01-22,14038,12803,1440,132,171,2896,659,143,Organic,0,Motivation,Night,
3615,Instagram,Image,2021-10-03,15595,14226,1236,137,379,1257,117,125,Organic,0,Entertainment,Night,
3616,Facebook,Image,2024-06-25,18417,13853,114,48,186,4097,204,69,Organic,0,Awareness,Night,
3617,Facebook,Image,2023-10-14,2451,2209,541,14,316,109,27,111,Paid,2351,Promotion,Day,
3618,YouTube,Video,2021-09-25,5231,4573,1267,281,370,150,36,151,Organic,0,Awareness,Day,
3619,YouTube,Image,2024-12-14,12561,8570,61,137,294,975,116,141,Paid,3917,Awareness,Day,
3620,YouTube,Video,2023-11-02,7478,6438,2815,274,493,1199,174,159,Organic,0,Awareness,Day,
3621,YouTube,Image,2023-05-30,13188,10555,1364,144,307,511,19,166,Paid,1594,Promotion,Day,
3622,Instagram,Story,2025-08-28,6402,3920,2850,56,405,955,171,176,Organic,0,Awareness,Night,
3623,Instagram,Reel,2025-07-19,11150,8193,6750,81,197,1224,287,104,Organic,0,Awareness,Day,
3624,Facebook,Reel,2023-11-26,5269,4577,574,91,153,1231,40,86,Organic,0,Entertainment,Day,
3625,Facebook,Image,2022-04-28,19845,19709,15108,245,87,3848,920,147,Organic,0,Entertainment,Day,
3626,YouTube,Story,2022-09-19,9450,6886,2492,236,265,783,162,55,Organic,0,Entertainment,Day,
3627,Instagram,Video,2023-01-12,17233,11688,5530,207,385,2472,385,145,Organic,0,Education,Day,
3628,YouTube,Video,2025-09-06,11072,8468,3709,138,475,2123,44,87,Organic,0,Awareness,Day,
3629,YouTube,Story,2022-08-31,18496,16399,15430,297,442,153,41,116,Organic,0,Motivation,Night,
3630,YouTube,Story,2025-01-16,14721,9246,155,33,214,2566,31,60,Organic,0,Motivation,Day,
3631,YouTube,Story,2023-05-01,12610,11522,2749,207,195,934,244,169,Paid,2093,Motivation,Day,
3632,YouTube,Video,2024-05-01,5535,3836,904,211,400,749,66,149,Organic,0,Promotion,Day,
3633,Instagram,Video,2025-01-10,8567,5357,821,170,75,1219,43,161,Organic,0,Entertainment,Night,
3634,Instagram,Reel,2025-03-21,16294,11756,2986,202,159,445,29,165,Organic,0,Entertainment,Night,
3635,Facebook,Video,2023-05-13,3157,2423,47,33,267,503,84,64,Organic,0,Entertainment,Night,
3636,Instagram,Story,2022-03-22,9712,6342,3673,156,83,1880,228,124,Organic,0,Promotion,Night,
3637,Facebook,Story,2022-05-12,6174,6060,5050,213,350,1103,326,142,Paid,1459,Awareness,Day,
3638,YouTube,Story,2025-06-21,14613,14448,4082,10,404,3942,976,179,Organic,0,Education,Day,
3639,Instagram,Image,2025-02-28,6531,4598,1935,206,166,883,83,27,Organic,0,Entertainment,Day,
3640,Facebook,Video,2024-05-24,1347,851,588,19,360,103,4,153,Organic,0,Awareness,Night,
3641,YouTube,Story,2023-04-13,2821,2577,1233,74,231,307,58,17,Organic,0,Motivation,Day,
3642,Instagram,Video,2022-10-14,17490,14498,11704,145,90,2043,332,105,Paid,986,Education,Night,
3643,Facebook,Reel,2023-10-07,9145,5998,5931,31,376,820,158,165,Paid,3567,Motivation,Day,
3644,Instagram,Reel,2025-11-03,15184,12738,10190,100,156,1489,415,28,Organic,0,Awareness,Day,
3645,YouTube,Story,2024-04-18,8575,7946,2617,108,378,2353,409,112,Organic,0,Awareness,Day,
3646,Facebook,Reel,2023-08-19,7003,5621,2739,233,101,357,65,15,Organic,0,Motivation,Night,
3647,YouTube,Video,2022-03-30,9130,8866,7887,119,141,2092,100,21,Organic,0,Education,Day,
3648,YouTube,Reel,2022-03-03,12153,9327,3768,216,158,2576,695,179,Organic,0,Motivation,Night,
3649,Instagram,Story,2022-08-24,4324,4324,177,291,275,366,19,29,Paid,4359,Motivation,Day,
3650,YouTube,Reel,2021-04-23,13265,9522,5682,22,165,1878,161,98,Organic,0,Motivation,Day,
3651,YouTube,Story,2022-05-25,3379,2845,392,14,249,49,2,25,Organic,0,Education,Day,
3652,Instagram,Video,2023-12-31,3941,3112,2407,136,324,365,41,88,Organic,0,Promotion,Day,
3653,Facebook,Story,2024-08-19,2714,2187,1396,201,156,155,9,144,Paid,216,Education,Day,
3654,Instagram,Story,2021-11-17,3333,2160,358,67,164,607,158,41,Organic,0,Motivation,Day,
3655,Facebook,Video,2025-04-28,8620,7263,4803,46,432,145,31,46,Paid,1466,Entertainment,Day,
3656,Facebook,Reel,2022-12-17,9174,8872,5080,130,476,1414,10,149,Organic,0,Entertainment,Night,
3657,Instagram,Image,2021-08-14,3240,3206,3098,160,183,730,120,105,Organic,0,Awareness,Day,
3658,YouTube,Reel,2025-06-22,17258,11347,8436,67,142,1606,221,52,Paid,4177,Promotion,Day,
3659,Facebook,Image,2021-09-04,14421,10667,2197,38,343,71,13,107,Paid,3744,Awareness,Night,
3660,YouTube,Story,2023-06-05,18578,16529,4306,4,447,2987,733,32,Organic,0,Awareness,Night,
3661,YouTube,Story,2022-10-03,1025,849,157,28,160,111,4,45,Organic,0,Entertainment,Day,
3662,Instagram,Image,2025-07-15,19427,17058,14594,235,449,3157,512,103,Paid,685,Education,Night,
3663,Facebook,Image,2022-03-18,3534,2746,98,258,21,194,43,51,Organic,0,Awareness,Night,
3664,Instagram,Video,2022-08-06,2243,1456,102,110,307,22,0,150,Organic,0,Awareness,Day,
3665,Facebook,Video,2023-10-23,5875,5513,4406,106,19,1051,268,109,Paid,537,Promotion,Day,
3666,Instagram,Reel,2021-08-23,10209,9398,9090,267,58,1600,336,128,Organic,0,Entertainment,Day,
3667,Instagram,Video,2025-02-11,14357,12777,8641,180,477,1937,548,17,Organic,0,Education,Day,
3668,YouTube,Image,2024-07-09,14777,13747,5473,204,388,374,44,145,Organic,0,Promotion,Night,
3669,YouTube,Video,2023-09-08,19245,15940,197,245,486,1313,194,104,Organic,0,Education,Day,
3670,Facebook,Video,2025-01-22,6114,5667,5515,148,229,320,0,35,Organic,0,Education,Day,
3671,Instagram,Story,2022-12-22,6057,4425,145,238,264,938,107,134,Organic,0,Awareness,Night,
3672,YouTube,Image,2022-03-31,8316,7967,4945,227,487,117,34,20,Organic,0,Promotion,Night,
3673,Facebook,Story,2024-07-11,18053,17058,3382,130,177,4902,1196,141,Organic,0,Awareness,Day,
3674,Instagram,Image,2021-06-12,10307,7858,3938,134,288,1686,236,77,Organic,0,Motivation,Night,
3675,Facebook,Image,2023-11-21,2157,1739,920,190,35,388,67,170,Organic,0,Education,Night,
3676,Instagram,Story,2021-06-22,19388,14397,5805,220,23,4025,206,58,Paid,3944,Promotion,Night,
3677,Instagram,Reel,2025-08-09,12504,12479,4975,127,474,3258,374,104,Organic,0,Entertainment,Day,
3678,Facebook,Image,2024-07-05,3929,3388,858,75,8,49,14,1736,Paid,102742,Awareness,Day,
3679,Instagram,Image,2025-09-06,2060,1373,678,109,122,178,33,91,Organic,0,Motivation,Day,
3680,YouTube,Video,2025-06-16,16391,15597,11092,102,50,3906,987,177,Paid,3593,Motivation,Day,
3681,YouTube,Reel,2023-09-13,13403,12097,6810,55,190,2816,570,166,Organic,0,Motivation,Day,
3682,YouTube,Reel,2021-01-26,10278,10102,4302,29,70,2757,157,141,Organic,0,Awareness,Night,
3683,Facebook,Video,2021-02-18,13286,10347,5604,151,302,1380,164,12,Paid,1646,Entertainment,Day,
3684,Facebook,Reel,2024-02-29,2027,1735,1163,253,205,37,10,11,Paid,3506,Promotion,Day,
3685,YouTube,Story,2023-09-07,16015,11549,6185,49,200,2131,522,40,Organic,0,Education,Night,
3686,Instagram,Reel,2025-06-14,8030,4872,4310,112,395,414,102,22,Paid,3983,Entertainment,Day,
3687,Instagram,Reel,2021-06-12,2947,1824,640,80,314,30,9,7,Organic,0,Awareness,Night,
3688,Facebook,Story,2024-11-17,11066,8490,1742,224,290,72,15,32,Paid,350,Promotion,Night,
3689,Instagram,Image,2022-07-10,19559,17009,5000,262,317,3381,321,74,Organic,0,Education,Night,
3690,Facebook,Image,2021-07-24,17270,16040,2568,74,172,1594,183,176,Organic,0,Promotion,Day,
3691,Instagram,Video,2024-07-18,6085,5503,34,84,65,1593,167,153,Organic,0,Education,Night,
3692,YouTube,Story,2022-08-11,9185,5664,3131,239,231,265,28,32,Organic,0,Education,Night,
3693,Instagram,Video,2024-09-12,4345,2984,1074,52,472,368,10,58,Paid,4195,Motivation,Night,
3694,Facebook,Video,2025-05-01,17927,17726,11036,35,211,5153,339,69,Organic,0,Awareness,Night,
3695,YouTube,Reel,2024-01-16,14190,12047,3563,296,65,177,45,780,Organic,0,Entertainment,Day,
3696,Facebook,Video,2023-09-23,16984,14508,9563,285,195,2407,282,25,Organic,0,Motivation,Day,
3697,Instagram,Image,2021-10-15,7347,6113,5009,165,424,169,20,17,Organic,0,Motivation,Night,
3698,YouTube,Video,2022-09-13,19076,18083,4743,81,409,2308,310,61,Organic,0,Promotion,Night,
3699,Facebook,Image,2022-05-30,9504,8544,3135,36,125,2274,152,53,Organic,0,Education,Night,
3700,Instagram,Video,2022-09-07,16122,11595,3708,37,428,1892,78,122,Paid,1395,Education,Day,
3701,Facebook,Image,2023-02-18,4600,3851,2585,300,415,64,4,58,Organic,0,Promotion,Day,
3702,YouTube,Image,2024-05-22,4990,4878,52,196,43,539,31,142,Organic,0,Awareness,Day,
3703,Facebook,Video,2025-11-24,1803,1351,208,297,411,232,11,57,Paid,2805,Education,Night,
3704,Facebook,Reel,2024-09-09,5102,4563,2488,248,209,645,96,48,Organic,0,Motivation,Night,
3705,YouTube,Reel,2021-05-10,19356,16136,4289,40,143,1731,296,51,Paid,765,Motivation,Day,
3706,YouTube,Video,2023-11-23,4055,2838,2303,53,159,773,17,57,Paid,1956,Education,Night,
3707,YouTube,Reel,2024-12-12,1318,1140,644,59,227,43,11,78,Organic,0,Education,Day,
3708,Facebook,Story,2021-03-20,1072,801,424,0,293,79,14,50,Organic,0,Awareness,Day,
3709,Instagram,Video,2023-03-03,10007,9249,4848,257,234,195,51,17,Organic,0,Education,Day,
3710,YouTube,Story,2022-02-10,18254,12694,5794,199,139,283,2,169,Organic,0,Awareness,Night,
3711,Instagram,Image,2023-07-27,11312,10668,9824,137,404,512,39,106,Paid,1395,Motivation,Night,
3712,YouTube,Reel,2021-02-25,2790,2605,1842,135,132,743,68,28,Organic,0,Awareness,Day,
3713,YouTube,Video,2022-04-16,18211,14610,11600,117,201,30,9,6,Organic,0,Education,Day,
3714,Instagram,Story,2024-07-14,10467,7008,580,2,426,761,208,85,Organic,0,Entertainment,Night,
3715,Instagram,Story,2023-05-24,13625,8313,3829,33,359,918,85,104,Organic,0,Education,Day,
3716,YouTube,Video,2023-03-24,19236,11913,11230,18,41,1424,250,146,Organic,0,Entertainment,Night,
3717,Instagram,Story,2024-08-11,1876,1671,833,48,84,308,51,142,Paid,3543,Motivation,Night,
3718,Instagram,Video,2023-03-07,11555,8783,1006,143,225,1622,19,167,Organic,0,Promotion,Day,
3719,Facebook,Image,2025-12-01,10522,9589,9566,265,302,1900,307,157,Organic,0,Motivation,Day,
3720,Instagram,Video,2021-05-23,9900,8023,7357,126,207,1033,264,135,Organic,0,Motivation,Day,
3721,Instagram,Video,2025-06-23,4490,2745,294,227,248,54,14,115,Paid,4528,Motivation,Day,
3722,Instagram,Reel,2024-03-21,8271,7640,6626,103,417,1968,320,106,Organic,0,Awareness,Night,
3723,YouTube,Image,2025-12-18,2211,1780,218,293,360,105,7,21,Paid,3536,Motivation,Day,
3724,YouTube,Reel,2024-06-15,14864,9344,1520,137,146,149,17,16,Organic,0,Promotion,Night,
3725,Facebook,Image,2025-10-06,10624,7079,3667,143,116,1460,171,120,Paid,3587,Education,Day,
3726,Instagram,Image,2023-11-29,8614,6123,5745,175,191,1363,338,28,Organic,0,Entertainment,Night,
3727,Facebook,Video,2023-09-11,6300,4717,1729,119,184,1162,55,33,Organic,0,Motivation,Day,
3728,Facebook,Reel,2022-09-30,8988,5397,3151,206,178,1550,28,175,Organic,0,Entertainment,Night,
3729,Facebook,Image,2021-08-17,8026,7761,5305,233,120,1580,367,157,Organic,0,Motivation,Night,
3730,Instagram,Reel,2025-04-13,4400,3570,1118,259,253,443,77,126,Organic,0,Awareness,Day,
3731,Facebook,Image,2025-09-29,5988,4395,2699,124,427,1147,178,94,Organic,0,Entertainment,Day,
3732,Instagram,Video,2024-02-08,6027,5578,2136,40,473,1349,198,69,Organic,0,Motivation,Night,
3733,YouTube,Image,2025-06-09,8911,6466,4988,199,225,1180,102,88,Organic,0,Motivation,Day,
3734,Facebook,Video,2023-01-16,2093,1695,978,117,422,3,0,123,Paid,1338,Promotion,Day,
3735,Facebook,Video,2021-08-31,11467,10668,6366,69,173,2488,128,160,Organic,0,Promotion,Night,
3736,Facebook,Reel,2024-04-18,1802,1483,759,134,201,357,103,20,Paid,2503,Promotion,Day,
3737,YouTube,Story,2021-02-01,10904,9824,5368,184,248,854,229,179,Organic,0,Awareness,Day,
3738,Facebook,Reel,2022-05-29,1160,1129,973,50,370,118,15,108,Organic,0,Entertainment,Night,
3739,Facebook,Reel,2025-03-11,18727,14472,5932,164,64,3256,976,96,Organic,0,Awareness,Night,
3740,YouTube,Video,2023-03-09,2794,2350,196,41,401,24,2,31,Organic,0,Education,Day,
3741,Instagram,Image,2025-08-03,4640,4150,604,212,36,113,5,174,Paid,2400,Motivation,Day,
3742,Instagram,Video,2025-06-02,16062,11214,2282,44,437,2301,264,179,Organic,0,Motivation,Night,
3743,Facebook,Reel,2025-02-24,8569,5145,1582,271,437,96,21,166,Paid,235,Motivation,Day,
3744,Facebook,Image,2021-04-15,10927,9631,7832,65,100,2346,639,169,Paid,1017,Promotion,Night,
3745,Instagram,Video,2024-09-24,8145,5188,4045,238,485,125,16,138,Organic,0,Motivation,Day,
3746,Instagram,Image,2023-01-14,9028,7988,575,70,64,1690,438,139,Paid,4156,Promotion,Night,
3747,YouTube,Video,2025-12-05,3353,3097,1682,109,384,560,34,157,Organic,0,Education,Day,
3748,Instagram,Video,2025-08-11,3674,3281,1968,196,32,744,101,37,Paid,2425,Awareness,Night,
3749,Instagram,Video,2023-04-27,8318,5109,3574,122,216,318,24,59,Paid,3525,Awareness,Day,
3750,Facebook,Video,2024-06-02,17604,12112,6780,236,222,1297,320,11,Organic,0,Awareness,Day,
3751,YouTube,Video,2021-10-29,9975,6046,5841,292,375,1713,249,61,Paid,3945,Promotion,Day,
3752,Facebook,Reel,2021-10-14,8474,7781,7254,205,412,735,87,130,Organic,0,Entertainment,Day,
3753,Facebook,Reel,2025-12-24,15883,10362,7554,298,133,716,97,16,Organic,0,Entertainment,Day,
3754,YouTube,Image,2022-10-04,19601,14388,12478,131,132,1355,95,20,Organic,0,Education,Night,
3755,Facebook,Image,2025-06-30,10872,10784,8882,222,259,1140,127,47,Organic,0,Entertainment,Night,
3756,YouTube,Reel,2022-09-26,4701,4606,379,218,131,237,9,121,Organic,0,Education,Day,
3757,Instagram,Image,2021-02-20,1796,1696,980,43,430,362,66,139,Paid,2236,Motivation,Day,
3758,Facebook,Video,2024-05-01,11942,9764,6367,85,399,2877,356,115,Organic,0,Awareness,Night,
3759,Instagram,Video,2021-12-18,16777,14413,11273,77,8,3923,106,55,Organic,0,Promotion,Day,
3760,YouTube,Image,2021-12-11,9730,7436,1462,203,202,964,239,164,Organic,0,Education,Day,
3761,Facebook,Story,2022-10-26,1736,1262,148,274,407,74,6,79,Organic,0,Promotion,Day,
3762,Facebook,Image,2022-12-07,1219,820,479,116,369,159,20,12,Paid,1431,Promotion,Day,
3763,Instagram,Image,2025-08-29,15921,14231,13970,296,161,1602,308,49,Paid,1377,Awareness,Day,
3764,YouTube,Story,2025-07-30,12346,7959,5896,231,137,2311,658,63,Paid,961,Motivation,Night,
3765,YouTube,Image,2024-10-15,3796,2427,1867,6,111,65,15,136,Organic,0,Motivation,Day,
3766,Facebook,Image,2023-03-16,18291,14461,14136,220,53,1215,181,108,Organic,0,Entertainment,Night,
3767,Facebook,Reel,2022-08-21,4388,2960,840,106,15,373,71,161,Paid,4914,Motivation,Day,
3768,YouTube,Video,2023-03-26,1472,1439,1040,74,295,21,2,161,Paid,3926,Awareness,Day,
3769,Facebook,Image,2021-10-13,6443,6438,1828,87,409,517,143,102,Organic,0,Promotion,Day,
3770,YouTube,Video,2023-12-11,4625,2855,703,225,117,483,133,160,Organic,0,Education,Night,
3771,Instagram,Reel,2024-01-21,14984,11882,3012,1,241,3123,297,83,Paid,2133,Education,Day,
3772,YouTube,Story,2023-07-09,5382,3255,564,278,240,65,19,128,Paid,3368,Motivation,Day,
3773,Facebook,Reel,2024-10-28,9302,8979,8029,220,390,284,55,176,Organic,0,Entertainment,Day,
3774,YouTube,Story,2021-05-16,7859,7292,2895,169,46,1620,167,8,Paid,4302,Education,Day,
3775,Facebook,Video,2021-03-08,1638,1000,633,155,352,186,5,94,Organic,0,Entertainment,Day,
3776,Instagram,Reel,2021-09-21,18621,17468,6815,24,6,2096,131,108,Organic,0,Education,Day,
3777,YouTube,Reel,2021-10-03,7874,6437,2639,19,78,21,3,141,Organic,0,Entertainment,Day,
3778,Instagram,Reel,2024-10-03,18332,12890,10481,140,101,11,1,123,Organic,0,Entertainment,Night,
3779,YouTube,Image,2024-03-22,15971,12292,9390,72,434,3304,209,137,Organic,0,Promotion,Day,
3780,Instagram,Image,2025-11-20,19358,11860,3622,63,216,3540,229,60,Organic,0,Awareness,Night,
3781,Instagram,Story,2024-02-18,14968,13995,151,127,105,3158,856,100,Organic,0,Education,Day,
3782,YouTube,Video,2022-06-02,1047,758,398,50,223,95,8,79,Paid,4819,Motivation,Day,
3783,YouTube,Story,2021-01-09,13811,10447,4753,169,282,2376,475,147,Paid,2075,Awareness,Night,
3784,YouTube,Image,2024-09-05,1900,1242,833,153,73,168,46,36,Organic,0,Promotion,Night,
3785,Facebook,Reel,2021-01-08,14529,14396,4845,49,60,1392,264,32,Organic,0,Promotion,Night,
3786,Facebook,Image,2024-09-01,12752,7700,5040,293,500,1301,9,26,Paid,3301,Promotion,Night,
3787,YouTube,Story,2022-11-07,14621,9580,6102,81,357,799,31,21,Organic,0,Motivation,Night,
3788,Facebook,Video,2024-09-15,9013,8259,5314,257,428,666,34,63,Paid,4097,Education,Day,
3789,Instagram,Reel,2024-07-26,18964,12959,5731,138,378,1867,455,94,Paid,3878,Education,Day,
3790,Instagram,Reel,2021-12-24,2876,2351,1491,23,395,508,103,110,Organic,0,Entertainment,Day,
3791,YouTube,Story,2025-05-09,4490,2872,1308,259,351,118,21,30,Paid,4351,Entertainment,Night,
3792,Facebook,Reel,2024-12-13,15267,10647,6584,20,113,1896,456,29,Paid,2138,Entertainment,Night,
3793,YouTube,Reel,2024-04-18,3701,3131,81,130,465,282,68,142,Organic,0,Motivation,Night,
3794,Facebook,Image,2021-01-15,12755,12024,1928,278,221,3266,519,49,Organic,0,Awareness,Day,
3795,YouTube,Story,2024-06-01,3208,2557,1345,151,338,134,11,87,Organic,0,Education,Night,
3796,Instagram,Story,2021-04-03,12942,12649,9232,208,226,3601,370,15,Organic,0,Entertainment,Day,
3797,Facebook,Reel,2021-08-08,11524,10558,7359,280,114,2031,90,108,Organic,0,Motivation,Night,
3798,YouTube,Image,2023-04-24,1600,1272,512,166,392,169,29,72,Organic,0,Motivation,Day,
3799,Facebook,Story,2024-01-31,4410,2825,2173,292,237,398,0,99,Organic,0,Entertainment,Night,
3800,YouTube,Reel,2024-09-12,2277,2183,476,105,103,111,22,160,Paid,1576,Promotion,Day,
3801,YouTube,Reel,2021-05-05,13416,12322,4461,234,221,2437,384,69,Organic,0,Promotion,Day,
3802,Facebook,Reel,2025-12-24,3305,2249,28,253,143,519,147,53,Organic,0,Promotion,Night,
3803,Facebook,Image,2025-02-05,13793,9141,2074,238,53,478,63,179,Organic,0,Entertainment,Night,
3804,YouTube,Reel,2025-05-23,11759,10282,8533,248,383,199,58,56,Organic,0,Motivation,Day,
3805,YouTube,Story,2025-12-13,18727,18460,18376,262,203,4252,722,106,Organic,0,Motivation,Night,
3806,YouTube,Image,2025-05-09,17794,16016,6486,124,26,859,132,61,Organic,0,Education,Night,
3807,YouTube,Image,2023-08-22,19627,11846,9623,145,315,2642,4,51,Organic,0,Promotion,Day,
3808,Facebook,Story,2024-11-01,10738,8708,5074,141,56,1280,236,163,Paid,2342,Entertainment,Day,
3809,YouTube,Image,2025-08-24,2416,1911,277,197,327,412,74,178,Paid,752,Education,Day,
3810,Instagram,Story,2022-09-02,12251,9683,9306,55,352,2679,237,30,Organic,0,Motivation,Day,
3811,Facebook,Reel,2022-11-30,13812,8540,8449,168,488,1061,127,118,Organic,0,Education,Night,
3812,Facebook,Image,2025-07-22,19602,17829,11923,259,437,443,118,9,Organic,0,Promotion,Day,
3813,Instagram,Story,2024-10-08,11296,10467,6826,282,36,2078,228,88,Paid,752,Awareness,Night,
3814,YouTube,Story,2025-08-15,13399,11946,11095,19,250,2155,316,56,Organic,0,Promotion,Night,
3815,Facebook,Image,2025-07-10,7898,4970,3814,198,48,906,50,109,Paid,4411,Promotion,Night,
3816,Facebook,Video,2024-08-07,7334,5695,4029,260,273,1346,13,58,Organic,0,Entertainment,Night,
3817,YouTube,Reel,2021-11-01,8140,6472,5861,256,164,1195,80,165,Organic,0,Awareness,Night,
3818,Facebook,Story,2023-04-18,10257,6265,1064,283,170,483,48,170,Organic,0,Awareness,Day,
3819,YouTube,Image,2021-06-28,2416,2194,1290,100,81,191,14,159,Paid,490,Awareness,Night,
3820,Facebook,Story,2024-10-06,16027,11564,1947,145,319,1284,355,19,Paid,1657,Motivation,Night,
3821,YouTube,Reel,2024-11-14,15761,10732,2288,65,125,1075,304,65,Organic,0,Education,Day,
3822,Instagram,Story,2022-08-22,9776,7839,7259,17,299,1995,76,126,Organic,0,Motivation,Night,
3823,Instagram,Image,2023-01-24,8963,8286,686,76,18,1462,160,25,Organic,0,Awareness,Day,
3824,YouTube,Reel,2022-05-31,2341,1824,856,158,135,116,30,50,Organic,0,Entertainment,Day,
3825,Instagram,Video,2025-06-25,12811,12303,2623,55,282,1122,240,138,Paid,4980,Promotion,Night,
3826,Instagram,Video,2021-10-30,19471,13724,6856,166,15,763,162,42,Paid,1960,Promotion,Night,
3827,YouTube,Reel,2021-11-12,15339,15223,14849,277,332,3319,105,66,Paid,3282,Motivation,Night,
3828,Instagram,Story,2023-03-02,8761,7943,3434,285,355,108,23,90,Paid,4908,Motivation,Day,
3829,Instagram,Story,2022-06-10,12557,9568,5305,174,297,2749,4,82,Organic,0,Entertainment,Night,
3830,Facebook,Story,2022-03-11,11910,7564,3511,3,255,516,104,50,Paid,3598,Promotion,Night,
3831,Facebook,Reel,2022-04-21,17332,14390,7997,209,439,2552,221,145,Paid,2523,Motivation,Day,
3832,Instagram,Image,2021-05-07,7281,6729,289,14,266,1481,307,7,Organic,0,Education,Day,
3833,Facebook,Reel,2023-02-12,6830,5098,3474,288,8,819,144,10,Paid,2592,Motivation,Night,
3834,Facebook,Image,2021-05-08,7020,7020,3068,172,346,752,38,97,Organic,0,Motivation,Day,
3835,Facebook,Video,2025-05-03,1765,1469,884,236,12,53,14,12,Paid,2615,Awareness,Day,
3836,YouTube,Video,2021-12-20,3199,2616,848,299,434,694,27,176,Organic,0,Education,Day,
3837,Instagram,Image,2021-03-09,7841,5739,4908,243,457,633,156,112,Organic,0,Education,Night,
3838,YouTube,Reel,2025-01-31,6360,4285,1946,118,301,783,46,165,Organic,0,Entertainment,Day,
3839,Facebook,Reel,2023-02-13,3377,3247,460,1,435,161,36,79,Organic,0,Awareness,Day,
3840,YouTube,Reel,2021-06-24,12048,9065,6846,21,443,101,15,81,Organic,0,Education,Day,
3841,Facebook,Image,2022-04-23,2823,1950,910,143,93,148,32,54,Organic,0,Awareness,Day,
3842,Facebook,Story,2024-06-24,15877,9969,8044,277,274,1292,146,15,Organic,0,Awareness,Day,
3843,Instagram,Reel,2021-05-08,15578,10710,2469,81,354,2242,148,99,Organic,0,Promotion,Day,
3844,Instagram,Video,2021-12-09,17991,17598,9539,132,212,211,10,160,Paid,1360,Education,Day,
3845,YouTube,Story,2022-10-26,14732,11834,8045,209,6,2061,593,74,Paid,1033,Promotion,Day,
3846,Instagram,Image,2023-05-24,19607,15179,2549,131,469,159,41,173,Organic,0,Motivation,Night,
3847,Instagram,Image,2022-03-22,12227,8785,4105,240,253,1481,236,20,Paid,1402,Motivation,Day,
3848,Instagram,Video,2021-01-29,18939,18786,8932,213,162,4393,534,72,Organic,0,Promotion,Night,
3849,YouTube,Reel,2023-06-08,16681,13842,10073,263,256,3753,108,103,Paid,1581,Motivation,Night,
3850,Instagram,Video,2021-11-14,15868,10774,9809,69,262,2235,313,52,Organic,0,Promotion,Day,
3851,Facebook,Image,2021-05-26,5804,5124,2106,61,224,1407,368,68,Organic,0,Entertainment,Day,
3852,Instagram,Video,2025-11-08,1879,1128,1056,217,17,174,12,94,Organic,0,Awareness,Night,
3853,Facebook,Video,2023-03-26,11967,10351,3297,38,353,2984,734,80,Organic,0,Entertainment,Night,
3854,Facebook,Story,2025-11-17,14153,11587,10419,32,73,1251,241,143,Paid,541,Education,Day,
3855,YouTube,Story,2021-09-10,16276,14537,2187,285,350,4290,390,105,Paid,1561,Entertainment,Day,
3856,Instagram,Video,2024-11-05,12828,9647,6535,9,43,1528,344,93,Organic,0,Entertainment,Day,
3857,Facebook,Story,2024-02-14,19900,16887,646,267,225,701,157,22,Organic,0,Motivation,Night,
3858,Facebook,Image,2021-01-03,1090,1013,497,52,187,60,15,23,Paid,1195,Promotion,Night,
3859,YouTube,Video,2024-08-21,6588,4113,3860,146,29,982,239,59,Paid,556,Education,Day,
3860,Facebook,Story,2024-01-28,10338,8054,5996,226,305,921,217,106,Organic,0,Motivation,Day,
3861,Instagram,Image,2024-08-20,13429,11768,1363,27,167,2864,155,865,Organic,0,Education,Day,
3862,YouTube,Image,2021-01-02,3207,2111,208,54,254,35,9,158,Organic,0,Awareness,Night,
3863,YouTube,Video,2025-01-27,19195,17553,12197,24,76,2966,28,138,Organic,0,Promotion,Day,
3864,Facebook,Reel,2021-12-01,12403,9808,2877,16,41,2315,484,8,Organic,0,Motivation,Night,
3865,Facebook,Image,2024-07-02,1391,1010,275,235,345,240,46,112,Organic,0,Entertainment,Day,
3866,Facebook,Image,2022-10-21,11936,9045,5066,130,425,2454,432,119,Paid,2257,Awareness,Night,
3867,Facebook,Story,2024-09-20,6472,5302,1357,28,144,309,49,33,Organic,0,Entertainment,Day,
3868,Facebook,Reel,2022-12-17,3732,3067,1805,149,20,291,14,63,Paid,3395,Education,Night,
3869,Facebook,Reel,2023-07-29,13005,8564,7276,216,407,768,61,129,Paid,4651,Awareness,Day,
3870,Facebook,Image,2024-11-07,13958,13071,6214,273,58,3159,802,102,Paid,3617,Motivation,Night,
3871,Instagram,Video,2022-12-05,13344,8045,6621,234,154,2171,327,21,Organic,0,Entertainment,Day,
3872,Facebook,Image,2022-09-03,2521,2331,2114,260,40,371,66,111,Paid,216,Entertainment,Night,
3873,YouTube,Story,2021-04-30,10012,7124,4123,205,87,142,32,47,Organic,0,Education,Day,
3874,Instagram,Story,2023-06-29,10281,6537,2709,13,289,1380,182,84,Organic,0,Education,Day,
3875,Instagram,Story,2022-01-10,19925,16524,7978,162,74,3577,428,166,Organic,0,Promotion,Day,
3876,YouTube,Video,2021-08-27,15462,15311,14926,265,190,895,49,12,Organic,0,Promotion,Day,
3877,Instagram,Story,2024-10-19,3320,3086,2443,113,419,256,52,145,Paid,4852,Education,Day,
3878,Facebook,Image,2025-08-21,6437,4174,964,256,340,497,91,110,Paid,1644,Promotion,Day,
3879,Facebook,Reel,2025-01-21,7869,4935,2252,272,4,1349,232,12,Organic,0,Entertainment,Day,
3880,Instagram,Story,2024-09-06,2306,2288,634,177,315,159,9,100,Organic,0,Education,Day,
3881,Instagram,Story,2022-11-17,17231,15766,8956,83,421,1099,4,98,Organic,0,Awareness,Day,
3882,YouTube,Reel,2025-11-06,19823,16128,15866,32,437,3967,1122,69,Organic,0,Education,Day,
3883,Facebook,Story,2024-05-31,10237,9996,7321,156,197,2797,261,175,Paid,1706,Motivation,Day,
3884,Instagram,Video,2022-05-23,1161,846,493,280,470,44,9,43,Organic,0,Motivation,Day,
3885,Instagram,Image,2021-06-15,9259,8349,1286,234,93,1943,184,85,Paid,3298,Education,Night,
3886,Instagram,Story,2025-07-15,17352,13163,13117,73,318,2192,48,88,Organic,0,Awareness,Day,
3887,Facebook,Image,2024-06-23,6928,5891,4830,277,268,913,219,92,Organic,0,Education,Night,
3888,Instagram,Story,2022-07-25,16106,13518,7404,150,494,1354,150,90,Organic,0,Awareness,Day,
3889,Facebook,Reel,2021-08-25,3269,2443,2380,109,212,284,0,97,Organic,0,Entertainment,Night,
3890,YouTube,Image,2023-06-10,1106,1016,340,32,357,168,38,90,Organic,0,Entertainment,Day,
3891,Facebook,Video,2022-05-26,7841,5732,908,78,430,771,229,48,Paid,4962,Awareness,Night,
3892,Instagram,Image,2025-06-02,10135,9527,3971,216,368,2162,293,141,Paid,1953,Promotion,Day,
3893,Instagram,Image,2023-01-08,12451,10805,2229,67,359,486,17,169,Organic,0,Entertainment,Day,
3894,Facebook,Image,2021-02-27,8864,5572,2746,129,265,1661,238,78,Organic,0,Motivation,Day,
3895,YouTube,Reel,2023-02-15,1991,1517,1447,66,230,118,6,40,Organic,0,Education,Day,
3896,Instagram,Reel,2022-03-13,10814,8464,8061,34,274,1016,27,105,Organic,0,Promotion,Day,
3897,Instagram,Story,2022-09-03,14561,13943,6854,96,441,1326,145,160,Organic,0,Motivation,Day,
3898,Facebook,Video,2022-03-06,3052,2046,1006,278,433,133,4,174,Organic,0,Education,Night,
3899,YouTube,Image,2024-01-11,7095,6540,3409,39,163,1851,499,175,Paid,2151,Motivation,Day,
3900,Facebook,Image,2022-11-10,10791,9314,6171,118,181,2550,522,174,Paid,2490,Promotion,Day,
3901,YouTube,Video,2022-08-31,15188,11783,2707,282,348,2902,853,108,Paid,4037,Awareness,Night,
3902,YouTube,Image,2021-06-05,18113,12308,7090,299,21,1386,71,70,Organic,0,Education,Night,
3903,Facebook,Story,2025-01-03,11357,9046,2877,274,256,1597,301,59,Paid,3957,Motivation,Day,
3904,YouTube,Story,2025-12-15,6122,5854,1262,22,124,586,114,95,Organic,0,Motivation,Night,
3905,Facebook,Image,2025-07-27,3596,3528,373,85,107,451,42,26,Organic,0,Promotion,Day,
3906,Facebook,Image,2023-02-21,6221,3800,1200,64,403,425,110,105,Paid,4032,Promotion,Day,
3907,YouTube,Image,2023-03-09,15500,15435,8873,173,95,3936,1116,159,Organic,0,Promotion,Day,
3908,Instagram,Video,2025-02-22,16440,11043,3984,76,3,2167,473,125,Organic,0,Awareness,Day,
3909,Instagram,Image,2025-08-30,17574,14501,1310,3,208,3676,463,97,Paid,2192,Entertainment,Day,
3910,Facebook,Story,2022-06-29,6963,6904,6662,188,245,932,113,112,Paid,2282,Motivation,Day,
3911,YouTube,Reel,2021-12-22,8953,6772,6588,231,255,1824,435,145,Paid,3213,Awareness,Day,
3912,Instagram,Story,2022-03-13,2197,1375,1196,240,111,130,21,177,Organic,0,Motivation,Day,
3913,Facebook,Reel,2025-03-07,2995,2054,697,281,176,473,56,14,Organic,0,Awareness,Night,
3914,Instagram,Video,2021-12-01,15685,9596,2496,169,175,1278,363,13,Paid,3076,Education,Night,
3915,Facebook,Reel,2024-05-21,12067,9618,9483,230,456,1681,266,159,Organic,0,Entertainment,Night,
3916,YouTube,Image,2021-08-02,16012,14925,7809,285,275,316,37,38,Organic,0,Motivation,Night,
3917,Facebook,Story,2023-05-13,3265,2695,1637,235,119,807,149,133,Organic,0,Promotion,Night,
3918,YouTube,Story,2024-05-31,18289,14175,4563,263,343,2812,389,164,Organic,0,Entertainment,Night,
3919,YouTube,Reel,2025-03-09,9668,8856,3070,91,319,1766,511,93,Organic,0,Motivation,Day,
3920,Instagram,Story,2024-05-18,3311,2319,2189,238,470,290,69,97,Organic,0,Education,Day,
3921,Instagram,Reel,2025-10-05,15342,9442,3918,134,481,43,10,75,Organic,0,Motivation,Day,
3922,YouTube,Image,2022-07-17,11249,9034,6759,12,325,653,107,71,Organic,0,Motivation,Day,
3923,YouTube,Reel,2021-05-02,19191,16385,1546,115,440,2646,211,152,Organic,0,Motivation,Day,
3924,YouTube,Reel,2024-11-21,9026,7773,5909,258,255,2095,29,121,Organic,0,Entertainment,Day,
3925,YouTube,Reel,2024-01-20,3985,3945,1457,217,281,769,36,98,Paid,3939,Motivation,Night,
3926,Facebook,Video,2021-03-20,2747,2304,479,187,419,561,19,167,Organic,0,Promotion,Day,
3927,YouTube,Story,2025-09-12,8158,5740,3307,234,10,936,143,103,Organic,0,Awareness,Day,
3928,Instagram,Video,2023-11-14,5236,4983,2611,195,187,1005,84,117,Paid,2609,Promotion,Day,
3929,Facebook,Story,2024-11-28,15139,14490,5790,253,174,3015,473,107,Organic,0,Education,Night,
3930,Instagram,Story,2021-02-22,19623,14584,10625,122,352,3038,376,95,Organic,0,Entertainment,Day,
3931,Instagram,Video,2021-06-19,13672,9300,4921,263,186,2306,646,94,Organic,0,Awareness,Day,
3932,Facebook,Story,2021-11-25,10379,6835,1073,187,73,918,176,21,Paid,3297,Entertainment,Night,
3933,Facebook,Reel,2023-12-21,3021,2740,304,201,332,684,198,22,Paid,3048,Entertainment,Night,
3934,Facebook,Reel,2024-07-12,11267,7548,758,153,426,274,78,177,Paid,226,Motivation,Night,
3935,YouTube,Video,2022-10-17,13263,11982,3350,20,404,1209,151,120,Paid,1164,Promotion,Night,
3936,Facebook,Story,2025-04-16,5440,5203,3794,103,13,1291,197,97,Organic,0,Awareness,Day,
3937,YouTube,Reel,2022-09-07,17806,16668,11874,123,88,4480,289,95,Organic,0,Motivation,Night,
3938,Instagram,Video,2025-12-04,4000,2745,708,298,102,755,72,86,Organic,0,Awareness,Day,
3939,YouTube,Story,2025-09-08,15303,11094,1478,90,408,1186,329,72,Organic,0,Promotion,Night,
3940,Facebook,Reel,2025-01-11,3901,3469,1448,244,292,79,11,118,Paid,4097,Motivation,Day,
3941,Instagram,Story,2025-08-01,11386,7331,725,69,409,110,18,5,Organic,0,Awareness,Day,
3942,YouTube,Video,2023-04-13,8755,5883,4535,44,488,665,77,62,Organic,0,Motivation,Day,
3943,Facebook,Reel,2025-02-26,4730,3255,1073,257,363,819,77,158,Paid,316,Entertainment,Day,
3944,Facebook,Image,2022-03-15,13022,11687,11336,90,456,281,25,113,Organic,0,Education,Day,
3945,YouTube,Image,2021-06-28,16128,13178,3919,148,419,2239,425,152,Organic,0,Awareness,Day,
3946,YouTube,Video,2021-02-23,5208,3599,2850,104,257,238,19,120,Organic,0,Promotion,Night,
3947,Facebook,Story,2022-08-17,3738,2700,2295,17,83,40,1,91,Organic,0,Awareness,Day,
3948,Facebook,Video,2024-01-22,18224,15868,9476,194,346,415,71,14,Organic,0,Education,Day,
3949,YouTube,Video,2021-11-20,14505,11177,9376,55,346,3315,369,63,Organic,0,Awareness,Night,
3950,YouTube,Video,2023-11-17,19865,19036,7109,98,164,4834,73,45,Organic,0,Awareness,Night,
3951,YouTube,Video,2024-11-26,13863,12917,7246,77,119,2978,836,109,Paid,379,Awareness,Day,
3952,Instagram,Video,2021-04-21,15124,14202,7934,43,5,3266,500,137,Paid,2605,Promotion,Day,
3953,Facebook,Video,2021-07-08,8132,7708,7273,259,406,2244,576,126,Organic,0,Education,Night,
3954,YouTube,Video,2025-07-24,16700,12400,3918,105,400,146,20,149,Organic,0,Education,Day,
3955,Instagram,Story,2025-06-25,6206,3816,1760,14,490,509,69,26,Paid,4973,Promotion,Day,
3956,Instagram,Story,2023-08-31,17157,10921,950,253,232,1048,265,102,Paid,2501,Awareness,Day,
3957,Facebook,Image,2025-10-27,12362,8674,2490,115,38,1466,362,173,Organic,0,Awareness,Night,
3958,YouTube,Image,2021-02-23,13364,9729,8254,39,47,481,100,72,Organic,0,Education,Day,
3959,Facebook,Image,2022-01-20,2797,2324,842,30,217,450,7,143,Paid,1319,Awareness,Day,
3960,Facebook,Story,2022-12-09,14072,12224,6596,203,203,93,0,60,Organic,0,Entertainment,Night,
3961,Facebook,Image,2022-03-23,9046,8954,971,14,252,560,63,153,Organic,0,Awareness,Day,
3962,YouTube,Video,2025-08-04,4542,4245,4058,33,140,651,133,103,Organic,0,Awareness,Day,
3963,YouTube,Story,2022-01-09,2591,2415,882,15,409,202,15,80,Organic,0,Motivation,Day,
3964,Instagram,Reel,2022-08-24,14311,11351,10208,87,124,2189,502,30,Organic,0,Education,Night,
3965,Facebook,Image,2025-09-18,16339,12547,3055,72,268,2456,5,119,Organic,0,Education,Night,
3966,Instagram,Story,2024-11-05,11650,11427,4494,182,161,2836,144,151,Paid,4919,Entertainment,Night,
3967,Instagram,Video,2024-03-25,4688,3245,879,159,265,635,29,113,Organic,0,Entertainment,Day,
3968,Facebook,Reel,2024-01-17,6409,4808,4487,250,100,877,253,51,Organic,0,Entertainment,Day,
3969,YouTube,Video,2021-10-25,13988,13000,533,132,355,3445,394,75,Organic,0,Education,Day,
3970,Facebook,Story,2023-01-16,8713,6911,3385,215,460,1045,224,158,Paid,4016,Motivation,Day,
3971,Instagram,Video,2024-12-28,9961,8094,3218,118,251,1764,491,44,Organic,0,Motivation,Night,
3972,YouTube,Image,2022-04-12,3894,2602,1363,176,455,39,6,137,Organic,0,Promotion,Day,
3973,YouTube,Video,2023-03-30,6526,6270,2131,183,262,905,246,153,Organic,0,Education,Night,
3974,Facebook,Story,2021-08-16,10892,6574,2073,40,189,1050,52,136,Paid,2444,Promotion,Day,
3975,Instagram,Reel,2024-12-18,15398,10698,6213,35,37,2228,115,27,Organic,0,Awareness,Day,
3976,Instagram,Image,2021-07-28,14568,13155,508,101,449,1561,60,110,Organic,0,Entertainment,Night,
3977,YouTube,Image,2024-05-29,13289,8596,362,170,174,365,66,88,Organic,0,Promotion,Day,
3978,YouTube,Image,2022-06-13,12134,9488,8204,126,194,1552,179,147,Paid,4292,Promotion,Night,
3979,Instagram,Video,2023-10-21,17598,16727,8746,13,101,2092,237,120,Organic,0,Education,Day,
3980,Facebook,Story,2022-11-24,10504,8535,6721,217,14,1289,143,113,Paid,1323,Entertainment,Night,
3981,Facebook,Image,2021-07-09,1290,1010,658,70,77,3,0,140,Paid,4529,Entertainment,Night,
3982,Instagram,Image,2023-12-07,17270,16714,8750,64,353,1227,112,45,Paid,4212,Motivation,Day,
3983,Facebook,Reel,2023-03-11,4243,3879,2191,188,336,911,106,116,Organic,0,Promotion,Day,
3984,YouTube,Reel,2023-07-13,2813,2352,1059,15,399,695,161,151,Paid,2789,Motivation,Day,
3985,YouTube,Video,2023-01-09,19795,12573,1140,96,210,1664,349,116,Organic,0,Promotion,Night,
3986,Facebook,Story,2022-07-18,9507,9210,9207,139,96,78,7,107,Organic,0,Education,Day,
3987,Instagram,Reel,2024-11-16,16527,13712,13278,249,475,277,1,50,Paid,844,Education,Day,
3988,Instagram,Reel,2021-09-12,19691,14523,9730,181,130,2747,726,160,Organic,0,Awareness,Night,
3989,YouTube,Video,2022-08-25,10341,9375,7798,181,432,1752,337,72,Organic,0,Promotion,Night,
3990,Facebook,Video,2021-12-12,15258,10222,196,57,212,1944,351,126,Organic,0,Promotion,Night,
3991,Instagram,Story,2022-09-19,3190,2829,1306,299,94,209,17,19,Organic,0,Entertainment,Day,
3992,Instagram,Reel,2025-07-30,8675,6487,4512,116,421,1380,60,169,Organic,0,Entertainment,Day,
3993,Instagram,Video,2024-05-26,6318,5520,378,27,46,570,131,133,Paid,1906,Motivation,Night,
3994,YouTube,Story,2021-07-31,15580,9452,5535,229,207,1905,569,115,Paid,2801,Awareness,Day,
3995,Facebook,Story,2025-11-25,3454,2562,2291,144,46,41,4,28,Organic,0,Education,Night,
3996,Instagram,Reel,2025-01-01,10450,7693,6448,277,103,1004,160,31,Organic,0,Promotion,Night,
3997,Instagram,Story,2024-01-01,7988,6771,3320,251,293,346,86,44,Paid,1812,Motivation,Day,
3998,YouTube,Image,2021-04-09,19179,12528,5336,193,140,2701,213,168,Organic,0,Awareness,Day,
3999,YouTube,Story,2025-08-23,15953,15395,8481,286,66,3869,196,28,Organic,0,Entertainment,Day,
4000,Facebook,Story,2024-10-14,3121,2946,298,1,249,479,9,28,Organic,0,Awareness,Day,
4001,YouTube,Story,2021-09-02,19902,12930,6575,131,130,475,106,8,Organic,0,Motivation,Day,
4002,Facebook,Reel,2024-04-08,13511,13427,988,295,234,334,13,71,Organic,0,Education,Night,
4003,Instagram,Image,2025-04-21,12902,10226,3487,264,469,706,187,38,Organic,0,Entertainment,Day,
4004,Facebook,Reel,2022-11-21,18911,18374,7902,254,369,5337,1567,120,Organic,0,Entertainment,Day,
4005,YouTube,Video,2023-07-28,16822,12488,7680,286,286,2291,507,27,Organic,0,Education,Day,
4006,YouTube,Story,2022-05-12,4964,4273,776,80,44,301,43,113,Organic,0,Entertainment,Day,
4007,YouTube,Image,2021-12-01,19183,18294,15829,292,497,252,70,73,Paid,750,Motivation,Day,
4008,Facebook,Video,2023-04-24,2979,2624,607,277,220,681,103,99,Paid,3997,Entertainment,Day,
4009,Facebook,Story,2025-08-25,12815,9354,7526,32,209,2249,220,66,Organic,0,Promotion,Day,
4010,YouTube,Video,2021-10-01,11074,9941,227,96,349,2738,542,173,Organic,0,Awareness,Day,
4011,YouTube,Reel,2023-07-05,16479,9965,7985,266,397,2431,21,61,Paid,3005,Motivation,Day,
4012,Facebook,Image,2025-03-20,2991,2874,1780,296,115,646,131,58,Organic,0,Education,Night,
4013,Facebook,Reel,2024-03-14,6381,3977,1118,258,138,1021,17,74,Paid,1423,Motivation,Day,
4014,Instagram,Image,2024-01-13,6064,5420,1441,209,177,1007,155,105,Organic,0,Promotion,Day,
4015,Instagram,Story,2024-10-10,2942,2737,1617,162,226,817,73,61,Paid,250,Entertainment,Night,
4016,Facebook,Story,2023-01-09,5365,4968,735,261,82,964,202,142,Organic,0,Entertainment,Night,
4017,Instagram,Story,2023-10-18,17454,11315,57,20,99,1829,277,172,Organic,0,Motivation,Day,
4018,YouTube,Image,2021-05-05,11070,9376,2941,203,313,542,38,139,Paid,1446,Entertainment,Day,
4019,Facebook,Image,2025-09-27,8397,5276,2094,176,87,443,32,107,Organic,0,Entertainment,Night,
4020,Facebook,Video,2021-01-21,13164,11529,7560,132,397,912,123,170,Organic,0,Promotion,Day,
4021,YouTube,Image,2022-11-18,2285,2121,2109,175,75,390,29,89,Organic,0,Education,Day,
4022,Instagram,Story,2025-03-06,5865,4632,1000,64,175,952,204,65,Paid,4152,Awareness,Day,
4023,YouTube,Video,2024-04-30,19283,13208,11798,183,430,1975,588,7,Organic,0,Motivation,Night,
4024,Facebook,Reel,2023-04-16,7879,6363,1590,69,252,1481,392,132,Organic,0,Education,Day,
4025,YouTube,Story,2021-09-23,15236,11029,6557,81,395,889,132,90,Organic,0,Awareness,Day,
4026,YouTube,Image,2025-05-30,18027,12707,11045,90,95,1906,143,51,Organic,0,Education,Day,
4027,YouTube,Reel,2021-03-14,12043,11974,11754,241,422,851,52,80,Organic,0,Motivation,Day,
4028,YouTube,Reel,2022-10-02,2743,1659,514,17,104,278,74,42,Organic,0,Promotion,Day,
4029,YouTube,Reel,2022-01-27,15607,9455,2028,275,454,1094,101,2260,Organic,0,Promotion,Night,
4030,Instagram,Video,2023-01-22,17863,12441,2095,184,330,2184,287,173,Organic,0,Promotion,Day,
4031,YouTube,Image,2023-08-10,16953,14655,1655,268,410,103,8,145,Organic,0,Education,Night,
4032,Facebook,Image,2024-03-16,13179,8838,271,197,151,1955,431,91,Organic,0,Motivation,Day,
4033,Facebook,Reel,2025-01-30,13108,10784,1570,188,250,1258,154,62,Organic,0,Entertainment,Day,
4034,Facebook,Reel,2024-06-25,18674,17688,14256,148,15,1822,474,54,Organic,0,Entertainment,Day,
4035,Instagram,Reel,2025-08-15,11590,8643,7023,267,271,595,161,34,Paid,2879,Promotion,Day,
4036,YouTube,Reel,2025-01-26,12883,12781,10414,292,19,836,67,105,Organic,0,Education,Day,
4037,Facebook,Reel,2024-10-18,8240,7414,5551,108,41,1871,479,29,Paid,2619,Entertainment,Night,
4038,Facebook,Story,2021-07-13,13199,8106,6205,297,422,974,84,116,Organic,0,Education,Day,
4039,YouTube,Video,2025-05-16,14782,11698,2093,169,5,3268,371,159,Organic,0,Motivation,Day,
4040,Facebook,Video,2024-07-30,13980,11958,6607,234,114,1779,414,130,Organic,0,Promotion,Night,
4041,Instagram,Image,2021-07-11,10753,10499,4040,72,286,1710,482,127,Organic,0,Awareness,Day,
4042,YouTube,Story,2021-01-02,12743,12688,3034,158,75,364,93,51,Paid,1516,Promotion,Day,
4043,Instagram,Story,2021-07-31,16391,12956,9273,205,123,691,39,122,Paid,1919,Awareness,Day,
4044,Instagram,Reel,2024-10-17,15475,11701,9774,131,314,843,146,43,Paid,2150,Entertainment,Day,
4045,Facebook,Story,2024-02-14,12036,9588,5249,146,212,29,3,20,Organic,0,Awareness,Night,
4046,Instagram,Reel,2024-08-30,12871,11289,1220,240,29,3189,678,26,Organic,0,Education,Day,
4047,YouTube,Video,2021-04-20,17827,14714,257,74,376,1779,32,58,Organic,0,Awareness,Night,
4048,YouTube,Reel,2023-02-10,16326,11466,5749,199,336,1557,343,153,Paid,3978,Entertainment,Night,
4049,YouTube,Reel,2025-08-21,16112,11345,3350,145,470,2948,721,2245,Organic,0,Entertainment,Day,
4050,Facebook,Video,2022-03-14,17547,14230,6980,200,2,2194,577,63,Organic,0,Promotion,Day,
4051,YouTube,Story,2024-05-20,4146,3675,2247,265,220,253,4,35,Organic,0,Entertainment,Night,
4052,Facebook,Reel,2025-10-25,13986,8578,6772,158,155,1811,212,174,Organic,0,Education,Night,
4053,Facebook,Story,2023-08-19,15656,13961,10060,185,322,1619,340,36,Paid,4728,Awareness,Day,
4054,YouTube,Video,2025-06-17,10155,6467,4910,101,253,991,220,166,Organic,0,Motivation,Night,
4055,Instagram,Video,2024-09-17,4169,3350,59,146,179,299,84,13,Organic,0,Entertainment,Night,
4056,Instagram,Story,2023-05-08,17083,16922,8353,252,405,2022,278,143,Organic,0,Awareness,Day,
4057,Facebook,Video,2023-06-22,7992,7615,6096,166,66,957,276,14,Paid,4715,Promotion,Night,
4058,Instagram,Story,2023-03-08,17422,15143,15046,44,283,245,42,21,Organic,0,Motivation,Day,
4059,Instagram,Image,2025-02-24,7271,6174,741,270,472,1110,155,72,Paid,2821,Promotion,Day,
4060,YouTube,Story,2022-07-15,18686,15327,5812,22,310,1936,455,52,Organic,0,Education,Day,
4061,Facebook,Video,2022-03-15,14214,12690,6472,80,382,1306,316,115,Paid,2293,Promotion,Day,
4062,Facebook,Image,2021-04-03,11596,7430,2297,201,410,613,61,157,Paid,1964,Awareness,Night,
4063,YouTube,Story,2025-05-06,6419,4937,2057,270,207,455,76,127,Organic,0,Motivation,Day,
4064,YouTube,Story,2025-08-07,11812,8535,6371,16,421,459,47,153,Organic,0,Promotion,Day,
4065,Facebook,Video,2021-01-11,8704,7288,1716,169,444,1850,65,105,Organic,0,Promotion,Night,
4066,Instagram,Video,2023-02-21,11169,10138,4909,300,410,2547,297,106,Organic,0,Education,Day,
4067,Instagram,Story,2022-06-16,2920,2186,1882,220,376,488,103,69,Paid,1266,Awareness,Day,
4068,YouTube,Reel,2021-06-16,5014,4353,948,173,22,167,27,55,Organic,0,Promotion,Day,
4069,Facebook,Story,2023-04-10,8790,8251,5753,282,403,2353,696,40,Organic,0,Awareness,Day,
4070,Facebook,Video,2021-05-24,14394,12754,694,154,62,2912,718,85,Organic,0,Entertainment,Night,
4071,YouTube,Story,2022-03-17,11284,11039,2146,278,212,2466,226,131,Organic,0,Education,Day,
4072,Facebook,Story,2022-04-03,14143,8495,5171,0,392,411,104,92,Paid,4012,Education,Day,
4073,Instagram,Reel,2025-05-28,1849,1280,1062,5,54,300,43,108,Organic,0,Education,Day,
4074,Instagram,Image,2022-08-26,2021,1282,193,277,47,94,27,19,Paid,4267,Awareness,Day,
4075,Facebook,Video,2025-03-12,13280,12546,9793,151,311,224,49,100,Paid,3660,Promotion,Day,
4076,Instagram,Story,2022-01-24,19618,18083,1185,182,172,4738,237,171,Organic,0,Promotion,Day,
4077,Facebook,Reel,2025-07-23,4958,4152,3373,272,224,194,42,127,Organic,0,Awareness,Day,
4078,Instagram,Video,2021-06-07,3670,3229,2196,5,328,443,126,5,Paid,2519,Awareness,Day,
4079,Facebook,Story,2021-11-30,11197,7927,141,251,470,835,181,155,Organic,0,Entertainment,Day,
4080,Facebook,Reel,2021-11-11,4323,3822,850,71,38,865,42,126,Organic,0,Motivation,Day,
4081,YouTube,Video,2021-12-01,7380,5572,4608,135,21,1180,180,171,Organic,0,Motivation,Day,
4082,Instagram,Story,2023-08-23,2709,2061,1428,197,79,489,18,130,Organic,0,Education,Night,
4083,Instagram,Video,2023-03-07,15711,11514,1118,92,463,2215,7,61,Paid,4162,Promotion,Night,
4084,Instagram,Story,2021-05-02,14582,9824,1203,219,162,134,14,85,Organic,0,Education,Day,
4085,YouTube,Image,2021-08-14,17068,15759,787,32,277,764,43,166,Organic,0,Promotion,Night,
4086,Facebook,Reel,2021-09-27,3682,2457,907,100,30,683,186,173,Paid,3725,Promotion,Night,
4087,Facebook,Image,2025-11-27,6967,5509,4757,69,30,731,149,77,Paid,4994,Entertainment,Day,
4088,Instagram,Story,2025-06-08,15063,10271,9830,220,284,905,58,145,Organic,0,Awareness,Night,
4089,Facebook,Image,2025-12-11,17544,16269,10375,55,292,863,10,74,Paid,2644,Awareness,Day,
4090,YouTube,Story,2023-01-06,14256,13038,2675,45,33,198,18,10,Organic,0,Awareness,Night,
4091,Facebook,Video,2021-01-13,5619,3571,1658,140,397,444,108,88,Paid,340,Motivation,Day,
4092,Instagram,Image,2022-06-03,4382,4040,3439,21,448,1140,6,56,Organic,0,Awareness,Night,
4093,Instagram,Video,2024-06-05,18731,16984,8410,19,411,617,177,7,Organic,0,Motivation,Day,
4094,Facebook,Story,2023-05-21,19081,18335,8638,143,289,1934,279,85,Paid,3064,Education,Day,
4095,Facebook,Story,2024-04-24,12547,7772,6788,256,17,1654,5,67,Organic,0,Motivation,Night,
4096,Instagram,Image,2022-06-22,14564,9816,7081,285,112,2835,467,53,Paid,2807,Promotion,Night,
4097,YouTube,Image,2024-09-01,18903,18833,8450,72,311,2853,585,80,Organic,0,Entertainment,Night,
4098,Facebook,Video,2024-09-24,9984,6310,2378,183,232,624,36,116,Paid,3117,Entertainment,Night,
4099,YouTube,Story,2025-10-03,15518,12841,7440,207,385,733,80,179,Paid,2418,Promotion,Night,
4100,Instagram,Reel,2025-07-10,13797,13232,735,49,200,350,76,113,Organic,0,Education,Night,
4101,Instagram,Video,2024-07-14,10361,10274,7690,150,344,569,134,69,Paid,1176,Entertainment,Day,
4102,YouTube,Image,2021-01-30,13298,12227,2121,228,490,1311,298,85,Organic,0,Promotion,Day,
4103,YouTube,Image,2023-03-04,13716,8923,7133,4,393,495,99,19,Paid,2773,Entertainment,Day,
4104,Instagram,Image,2021-09-19,7214,5591,4492,211,247,1222,267,104,Organic,0,Motivation,Night,
4105,YouTube,Image,2023-02-15,2506,1630,1527,251,420,202,23,36,Paid,3483,Entertainment,Day,
4106,Instagram,Reel,2023-01-16,10678,6773,1689,44,367,323,8,100,Organic,0,Motivation,Day,
4107,YouTube,Story,2022-01-03,5833,4819,1240,174,423,303,35,132,Organic,0,Motivation,Day,
4108,Facebook,Story,2025-03-07,13788,8549,6397,32,231,2,0,150,Organic,0,Entertainment,Night,
4109,Instagram,Reel,2021-04-26,6890,4576,67,184,464,741,217,117,Organic,0,Entertainment,Day,
4110,YouTube,Video,2021-06-29,8460,6429,4219,139,190,407,98,87,Paid,3147,Motivation,Day,
4111,Facebook,Reel,2025-08-26,14556,8869,4721,76,124,1349,313,47,Organic,0,Entertainment,Day,
4112,YouTube,Reel,2024-05-23,5896,4056,3773,296,138,253,0,120,Organic,0,Education,Day,
4113,Instagram,Video,2025-06-12,9458,9315,4604,15,413,926,55,167,Organic,0,Awareness,Day,
4114,Instagram,Reel,2022-04-01,18637,17653,15256,246,302,3977,1048,82,Organic,0,Awareness,Day,
4115,YouTube,Video,2021-04-03,18825,12533,1880,218,476,2822,311,62,Organic,0,Promotion,Day,
4116,Instagram,Video,2022-03-21,18396,12243,8228,55,334,934,47,37,Paid,2347,Awareness,Night,
4117,Instagram,Reel,2025-10-31,1507,947,418,176,237,196,9,18,Paid,1117,Education,Night,
4118,YouTube,Story,2025-07-19,18017,17137,11849,258,242,5050,891,166,Organic,0,Awareness,Day,
4119,YouTube,Image,2022-12-12,15799,11791,3493,153,257,3179,891,136,Organic,0,Awareness,Night,
4120,Instagram,Reel,2025-03-14,18127,15243,5153,159,151,1177,100,63,Organic,0,Education,Night,
4121,Instagram,Video,2022-02-19,7084,4775,553,238,496,1309,164,161,Organic,0,Motivation,Night,
4122,YouTube,Story,2024-02-08,18248,16514,1509,127,128,4563,382,87,Organic,0,Awareness,Day,
4123,Facebook,Image,2022-01-18,12023,10207,2602,3,134,943,269,138,Paid,828,Promotion,Day,
4124,Instagram,Video,2023-02-17,15463,12526,8720,65,276,1936,445,125,Organic,0,Awareness,Night,
4125,Facebook,Image,2024-12-18,18890,15390,1294,66,28,2451,328,172,Paid,2111,Awareness,Day,
4126,YouTube,Image,2024-11-01,16487,12459,9100,184,309,850,36,87,Organic,0,Education,Day,
4127,Facebook,Reel,2025-03-17,7212,4747,3245,65,48,760,198,31,Organic,0,Education,Day,
4128,Instagram,Reel,2022-06-11,2129,1769,7,62,7,302,10,84,Organic,0,Promotion,Night,
4129,YouTube,Image,2022-12-30,13703,8889,5011,180,362,1136,146,138,Organic,0,Entertainment,Day,
4130,YouTube,Image,2022-03-14,16117,12224,1584,62,349,1110,104,17,Organic,0,Education,Day,
4131,Instagram,Image,2025-12-22,12875,9582,2697,221,431,930,124,68,Paid,4130,Entertainment,Night,
4132,YouTube,Reel,2025-03-17,16315,10022,4956,115,150,377,3,151,Organic,0,Promotion,Night,
4133,Facebook,Story,2024-12-28,10880,10593,9036,211,320,1492,378,84,Paid,248,Awareness,Day,
4134,Instagram,Image,2021-07-09,3255,3039,219,66,59,536,129,127,Organic,0,Awareness,Day,
4135,Facebook,Story,2023-10-20,13004,12493,3561,233,223,2419,157,47,Organic,0,Entertainment,Night,
4136,Facebook,Video,2022-08-14,8195,7026,1725,109,60,522,125,93,Organic,0,Promotion,Day,
4137,Facebook,Story,2025-11-19,6248,4433,2163,285,20,381,29,152,Organic,0,Promotion,Night,
4138,Facebook,Video,2022-02-28,15384,9342,5115,268,111,1187,230,99,Organic,0,Education,Night,
4139,Instagram,Image,2023-07-31,13987,12943,4191,3,235,1897,317,176,Organic,0,Entertainment,Day,
4140,Instagram,Image,2023-04-22,1589,1179,25,1,344,206,24,155,Organic,0,Education,Day,
4141,Facebook,Reel,2021-11-28,15722,12526,1968,92,403,2937,142,6,Organic,0,Entertainment,Day,
4142,YouTube,Image,2025-08-25,18654,12232,8801,84,246,495,148,124,Organic,0,Education,Night,
4143,Instagram,Story,2021-10-01,19205,17995,7061,105,101,2142,450,26,Organic,0,Education,Day,
4144,Instagram,Reel,2024-04-15,1363,1123,75,205,205,184,41,119,Organic,0,Promotion,Day,
4145,YouTube,Video,2022-12-23,14011,8671,2977,103,129,1118,278,61,Paid,2672,Promotion,Day,
4146,Facebook,Story,2025-07-20,9671,6644,4737,287,46,696,133,76,Organic,0,Awareness,Day,
4147,YouTube,Reel,2022-12-21,4685,3877,1070,92,60,633,110,11,Paid,4807,Awareness,Day,
4148,Facebook,Video,2023-08-16,1953,1569,970,9,157,383,30,123,Organic,0,Promotion,Day,
4149,Facebook,Video,2022-06-01,19320,17410,2725,210,372,1847,385,118,Paid,1211,Promotion,Night,
4150,Facebook,Story,2025-02-20,12077,11992,9383,132,85,1432,185,20,Organic,0,Education,Day,
4151,YouTube,Video,2024-03-21,3400,3315,854,209,99,252,63,87,Paid,4598,Awareness,Day,
4152,Instagram,Image,2021-12-30,13906,11099,7556,218,266,2360,508,76,Organic,0,Promotion,Night,
4153,YouTube,Story,2024-03-09,17134,14181,12915,286,217,3998,749,128,Paid,1529,Entertainment,Night,
4154,Instagram,Video,2023-09-22,3356,2440,2395,177,112,316,11,117,Organic,0,Entertainment,Night,
4155,Instagram,Reel,2024-01-20,19199,11711,7083,251,437,2243,668,16,Organic,0,Awareness,Day,
4156,YouTube,Image,2024-05-27,5268,3946,3479,207,58,410,77,130,Organic,0,Entertainment,Day,
4157,YouTube,Reel,2021-06-03,12905,7968,4995,54,171,135,6,57,Organic,0,Education,Day,
4158,YouTube,Reel,2022-08-03,11090,10960,6761,128,255,0,0,79,Organic,0,Awareness,Night,
4159,YouTube,Video,2024-05-21,6121,3977,10,268,486,535,149,137,Organic,0,Promotion,Night,
4160,Instagram,Image,2025-08-05,13903,9137,303,159,429,1574,397,31,Organic,0,Entertainment,Night,
4161,YouTube,Video,2023-09-13,19700,19649,12498,232,313,733,87,144,Paid,3541,Education,Day,
4162,Instagram,Reel,2023-03-04,19752,14971,599,299,345,3782,473,149,Organic,0,Promotion,Night,
4163,YouTube,Image,2022-01-07,13923,9321,2968,221,156,184,51,138,Paid,1990,Motivation,Night,
4164,Facebook,Image,2023-01-16,8330,7761,4649,289,224,710,14,101,Organic,0,Education,Day,
4165,YouTube,Story,2023-08-19,6184,4803,2964,227,316,743,158,9,Organic,0,Entertainment,Day,
4166,YouTube,Video,2021-01-15,7405,5085,2749,157,347,1001,239,61,Paid,2384,Education,Day,
4167,YouTube,Image,2024-07-04,4141,3439,18,300,217,1022,105,160,Paid,738,Motivation,Day,
4168,Facebook,Image,2024-02-05,17645,13374,12358,32,17,1664,260,82,Paid,4984,Motivation,Day,
4169,Facebook,Image,2022-12-12,18162,13707,7845,150,424,3885,410,73,Organic,0,Education,Night,
4170,Instagram,Story,2023-04-22,7964,7632,7239,254,26,796,218,122,Organic,0,Promotion,Night,
4171,Instagram,Image,2023-10-01,6512,5474,5389,217,453,411,19,124,Organic,0,Promotion,Night,
4172,Instagram,Story,2025-11-21,12490,12364,8490,227,335,1612,413,63,Organic,0,Motivation,Day,
4173,Facebook,Story,2025-08-05,13689,11367,7251,40,178,2535,265,37,Organic,0,Awareness,Day,
4174,Instagram,Video,2022-06-02,12586,9505,2125,129,12,1126,226,66,Paid,2796,Awareness,Night,
4175,Facebook,Video,2021-12-14,12945,9744,9161,139,347,1813,507,54,Paid,2635,Promotion,Day,
4176,YouTube,Story,2025-12-05,18177,15912,5452,13,121,3263,322,116,Organic,0,Awareness,Day,
4177,YouTube,Image,2025-11-11,15448,12130,8601,3,191,1145,283,23,Organic,0,Promotion,Night,
4178,Facebook,Story,2025-02-02,8522,7292,3300,297,96,884,101,127,Paid,2103,Entertainment,Day,
4179,Facebook,Image,2023-04-14,7112,6753,2481,268,21,247,31,51,Organic,0,Promotion,Day,
4180,Instagram,Reel,2022-03-30,10066,9362,907,140,44,119,30,171,Organic,0,Entertainment,Day,
4181,Facebook,Story,2021-12-28,12526,7525,6868,15,160,1582,111,37,Organic,0,Motivation,Night,
4182,Instagram,Story,2021-10-17,4386,2724,2115,117,445,755,225,145,Organic,0,Awareness,Day,
4183,Instagram,Image,2022-02-18,18464,14780,7655,143,331,3537,421,88,Paid,4865,Motivation,Day,
4184,Instagram,Video,2023-03-19,14993,11177,4057,111,435,2833,807,139,Organic,0,Education,Night,
4185,Facebook,Image,2025-05-25,5472,5272,2166,57,171,402,105,83,Organic,0,Education,Day,
4186,YouTube,Video,2021-04-20,5804,3701,733,250,223,580,17,18,Organic,0,Motivation,Day,
4187,Facebook,Story,2024-10-28,2471,1976,235,200,153,546,28,151,Paid,1181,Promotion,Day,
4188,Facebook,Image,2023-09-02,17965,12928,3312,265,100,2424,472,132,Paid,4563,Promotion,Day,
4189,Instagram,Story,2021-06-28,8735,8659,3521,164,228,88,13,58,Organic,0,Awareness,Day,
4190,Facebook,Reel,2023-12-18,13163,10105,5593,11,484,2891,484,152,Organic,0,Motivation,Night,
4191,Instagram,Video,2022-01-16,12270,8864,6610,270,240,1678,16,33,Organic,0,Education,Day,
4192,Instagram,Video,2021-05-04,11948,10712,10428,277,348,3097,481,28,Organic,0,Motivation,Night,
4193,YouTube,Image,2022-01-09,4923,4881,777,111,291,327,76,86,Organic,0,Motivation,Day,
4194,Instagram,Story,2023-08-04,4597,3018,2450,266,494,192,31,67,Organic,0,Awareness,Day,
4195,Instagram,Image,2022-05-24,10751,7289,4100,228,4,848,232,109,Organic,0,Promotion,Day,
4196,Facebook,Video,2023-09-30,11959,11312,735,207,432,3188,11,61,Organic,0,Education,Day,
4197,YouTube,Image,2022-07-02,12906,8718,586,232,270,122,27,140,Organic,0,Awareness,Day,
4198,Facebook,Story,2023-12-24,7716,6832,4196,100,412,1234,225,66,Paid,1633,Education,Day,
4199,Instagram,Image,2025-09-20,1348,1041,436,221,476,130,33,161,Organic,0,Education,Day,
4200,Instagram,Story,2025-11-13,11766,9391,2118,245,94,2778,7,21,Organic,0,Promotion,Night,
4201,YouTube,Image,2022-01-23,17845,11180,9078,259,125,2516,10,70,Paid,1333,Promotion,Day,
4202,Instagram,Story,2023-05-27,13778,10365,10226,257,424,1006,42,10,Organic,0,Awareness,Day,
4203,YouTube,Story,2025-12-26,9748,9731,9627,110,12,1069,136,62,Paid,1830,Entertainment,Night,
4204,Facebook,Story,2023-08-03,7550,5292,3569,2,432,1281,17,73,Organic,0,Awareness,Day,
4205,Facebook,Story,2021-09-12,12215,8594,2604,105,426,1733,55,160,Organic,0,Awareness,Night,
4206,Facebook,Image,2024-09-10,2237,1475,780,100,112,310,76,66,Paid,2592,Entertainment,Night,
4207,YouTube,Story,2021-12-05,1698,1632,818,180,135,421,114,173,Organic,0,Education,Night,
4208,Facebook,Video,2024-05-08,1105,788,361,140,412,7,1,86,Paid,997,Motivation,Day,
4209,YouTube,Video,2021-12-01,2970,2150,597,182,110,474,53,173,Organic,0,Entertainment,Night,
4210,Instagram,Reel,2021-02-15,4061,3579,821,40,340,668,1,75,Organic,0,Motivation,Night,
4211,Facebook,Image,2025-04-02,18422,12200,8473,64,413,2866,39,135,Organic,0,Education,Night,
4212,Facebook,Video,2025-05-21,2817,2306,972,28,465,541,31,14,Organic,0,Entertainment,Night,
4213,Instagram,Reel,2024-12-22,12357,9849,8457,183,227,2173,294,102,Organic,0,Promotion,Day,
4214,Facebook,Reel,2024-04-16,16906,15058,4438,168,326,3662,418,93,Organic,0,Awareness,Night,
4215,YouTube,Reel,2023-02-07,11728,8975,7962,74,440,2155,107,39,Organic,0,Entertainment,Day,
4216,Instagram,Reel,2023-06-14,7153,6401,4807,181,444,1782,141,6,Organic,0,Entertainment,Day,
4217,Instagram,Story,2025-11-19,4226,3568,2648,239,351,703,47,2063,Paid,22939,Education,Day,
4218,Facebook,Video,2024-09-16,14723,13157,5513,173,302,3208,538,28,Organic,0,Promotion,Day,
4219,Facebook,Image,2021-09-11,2344,1655,1490,168,432,27,8,78,Paid,4754,Entertainment,Day,
4220,YouTube,Story,2023-03-05,10939,8707,244,150,262,2055,464,170,Organic,0,Promotion,Night,
4221,YouTube,Reel,2025-02-18,19166,13806,10721,130,147,943,166,26,Organic,0,Motivation,Night,
4222,YouTube,Image,2022-11-12,14343,10984,6766,184,177,168,15,158,Paid,4301,Entertainment,Night,
4223,YouTube,Story,2025-05-04,12544,12452,5449,260,261,2858,819,175,Organic,0,Promotion,Night,
4224,YouTube,Image,2024-09-21,3549,2255,1796,168,153,519,34,43,Organic,0,Awareness,Day,
4225,Instagram,Story,2023-10-07,15648,13090,9411,92,189,2570,508,161,Organic,0,Education,Day,
4226,Instagram,Reel,2023-11-20,10301,7142,6975,147,377,516,55,24,Organic,0,Promotion,Day,
4227,Instagram,Video,2021-02-04,9136,7457,5822,145,447,1924,39,45,Organic,0,Education,Day,
4228,Instagram,Image,2024-01-27,11844,10089,7566,135,472,2456,291,152,Paid,1256,Entertainment,Night,
4229,Facebook,Story,2022-02-09,4457,3567,3228,215,337,873,67,112,Organic,0,Entertainment,Night,
4230,Facebook,Reel,2023-01-16,17009,11166,5628,15,476,630,84,151,Paid,3515,Motivation,Day,
4231,Facebook,Video,2022-06-24,6529,5761,3076,154,63,882,228,88,Organic,0,Education,Day,
4232,Instagram,Image,2024-10-23,6074,4270,2952,101,412,1005,75,115,Organic,0,Awareness,Day,
4233,Facebook,Reel,2024-11-21,3056,2412,1131,52,254,376,14,70,Organic,0,Awareness,Day,
4234,Instagram,Reel,2023-01-17,2619,1685,1618,148,180,173,18,162,Paid,2124,Promotion,Day,
4235,YouTube,Video,2025-06-30,12653,10345,6946,285,489,1489,222,57,Paid,4245,Awareness,Day,
4236,Instagram,Image,2024-09-09,8034,5653,3397,260,27,763,203,38,Organic,0,Education,Day,
4237,YouTube,Story,2025-04-03,19366,18339,3003,15,257,5019,729,154,Organic,0,Entertainment,Night,
4238,Instagram,Video,2021-06-12,14676,9221,6071,168,348,1203,102,71,Organic,0,Education,Day,
4239,YouTube,Image,2021-11-21,16451,14450,9553,118,114,2630,784,138,Organic,0,Education,Night,
4240,Facebook,Reel,2021-04-05,13811,12840,1123,215,18,1571,454,31,Organic,0,Entertainment,Night,
4241,Instagram,Video,2024-01-24,18154,15608,1441,17,188,4240,1036,14,Paid,2168,Education,Day,
4242,YouTube,Video,2021-06-10,13183,12429,6052,104,88,806,152,77,Organic,0,Awareness,Night,
4243,YouTube,Reel,2021-04-10,2432,1624,1404,121,362,207,18,100,Paid,4350,Promotion,Day,
4244,Facebook,Video,2023-10-21,8115,7206,1515,1,340,1775,248,52,Organic,0,Promotion,Day,
4245,Facebook,Video,2021-12-14,8739,7468,4584,272,314,1833,531,74,Organic,0,Education,Day,
4246,Facebook,Video,2023-07-11,7922,6916,6166,211,395,1217,145,104,Organic,0,Entertainment,Night,
4247,Instagram,Reel,2025-03-12,15837,13043,12110,4,278,1655,127,63,Paid,3390,Motivation,Day,
4248,Instagram,Reel,2022-01-16,8621,6396,6085,207,222,1049,47,6,Paid,1420,Education,Day,
4249,Instagram,Story,2025-01-30,10571,10280,4502,15,131,1139,76,161,Organic,0,Education,Day,
4250,YouTube,Image,2024-11-02,16174,15014,9818,222,208,1590,392,69,Organic,0,Motivation,Day,
4251,Facebook,Image,2021-07-10,8851,7121,3634,154,139,1340,265,1457,Organic,0,Promotion,Night,
4252,Instagram,Video,2023-12-15,19562,13119,5012,131,196,1274,198,158,Organic,0,Promotion,Night,
4253,Instagram,Reel,2024-12-11,8118,8118,752,167,169,2330,631,14,Organic,0,Motivation,Day,
4254,YouTube,Story,2021-10-23,15324,12498,167,78,320,1273,334,57,Paid,4717,Entertainment,Day,
4255,Facebook,Image,2025-10-01,13414,12826,4395,198,199,3108,11,83,Organic,0,Education,Night,
4256,Facebook,Reel,2021-09-07,14706,14292,13758,71,295,4254,130,63,Paid,3957,Awareness,Night,
4257,Facebook,Reel,2025-12-10,5780,4463,2181,196,286,1331,322,154,Organic,0,Promotion,Night,
4258,Instagram,Reel,2022-04-09,17077,11371,3774,248,361,760,13,52,Organic,0,Promotion,Day,
4259,Facebook,Video,2023-03-04,19284,17906,6676,263,211,2210,54,153,Paid,904,Promotion,Day,
4260,Instagram,Reel,2022-11-01,17119,12735,843,135,403,2895,533,127,Organic,0,Entertainment,Night,
4261,Instagram,Image,2024-11-06,11803,9766,6543,190,422,2392,394,26,Paid,3899,Motivation,Day,
4262,YouTube,Video,2024-10-18,16085,13766,5776,172,34,3156,575,104,Organic,0,Entertainment,Night,
4263,Facebook,Image,2023-09-08,5317,4810,2139,130,481,1304,383,102,Organic,0,Promotion,Night,
4264,YouTube,Image,2022-04-05,9649,6668,298,188,210,1982,424,162,Paid,4514,Education,Day,
4265,Instagram,Story,2022-01-31,4518,3232,727,21,31,444,90,29,Paid,4863,Promotion,Night,
4266,Instagram,Image,2023-11-11,10562,7573,2048,233,366,359,87,2779,Organic,0,Education,Day,
4267,Instagram,Video,2022-05-27,4268,3315,2586,294,47,140,3,117,Organic,0,Education,Night,
4268,YouTube,Story,2024-09-08,19731,16160,6698,191,321,2847,686,49,Paid,1092,Promotion,Night,
4269,Facebook,Story,2025-12-06,4318,3072,203,278,44,229,40,72,Paid,1171,Promotion,Night,
4270,YouTube,Image,2025-09-02,9621,6540,3467,210,363,1868,190,941,Organic,0,Education,Night,
4271,Instagram,Reel,2025-05-16,7711,5388,1697,104,280,1003,24,53,Paid,1307,Entertainment,Day,
4272,Facebook,Video,2025-03-04,4138,2485,2011,22,19,411,5,141,Organic,0,Entertainment,Night,
4273,Facebook,Story,2021-06-16,12915,8986,5727,235,460,519,154,168,Organic,0,Entertainment,Night,
4274,YouTube,Story,2024-05-10,10682,9738,2174,242,9,1482,316,87,Organic,0,Awareness,Day,
4275,YouTube,Video,2023-05-30,6904,5581,2375,110,162,1262,317,133,Organic,0,Education,Day,
4276,YouTube,Image,2022-10-02,17508,17234,15700,187,63,1587,22,142,Paid,3859,Awareness,Day,
4277,Facebook,Reel,2021-01-23,8236,5105,1146,55,205,876,39,168,Organic,0,Awareness,Day,
4278,YouTube,Image,2022-11-26,19014,16222,1806,144,228,3733,588,77,Paid,4752,Education,Night,
4279,YouTube,Video,2022-08-04,8838,8719,2068,227,144,634,11,50,Organic,0,Awareness,Day,
4280,Instagram,Image,2023-04-28,9156,8769,5757,203,438,356,22,110,Paid,4788,Education,Day,
4281,YouTube,Image,2023-04-03,2416,1628,728,173,261,113,12,164,Paid,2357,Motivation,Day,
4282,Instagram,Story,2022-05-29,1726,1463,679,173,76,390,18,36,Organic,0,Motivation,Night,
4283,YouTube,Image,2024-10-13,14794,12618,10306,242,382,568,13,10,Organic,0,Education,Night,
4284,YouTube,Video,2021-08-19,2882,2023,1821,182,462,465,80,170,Organic,0,Education,Day,
4285,Facebook,Video,2023-05-23,15307,13688,5229,236,489,3993,85,149,Paid,2083,Education,Night,
4286,Facebook,Video,2024-11-30,3490,2239,1569,232,445,182,5,78,Paid,3567,Entertainment,Day,
4287,YouTube,Reel,2025-06-26,7639,5321,1895,8,322,493,93,118,Organic,0,Education,Day,
4288,Facebook,Story,2025-02-12,13143,10118,1341,214,169,2169,288,31,Paid,3133,Promotion,Night,
4289,YouTube,Video,2022-01-21,16501,10359,8650,116,16,1811,303,58,Organic,0,Motivation,Day,
4290,Instagram,Image,2024-10-31,5846,4618,4328,171,321,361,50,167,Organic,0,Motivation,Day,
4291,Facebook,Video,2021-10-20,11843,8009,2495,35,438,2349,25,89,Paid,772,Education,Day,
4292,Facebook,Video,2024-01-20,3123,2534,1294,50,25,727,78,131,Organic,0,Motivation,Day,
4293,Instagram,Reel,2025-05-06,8253,5730,1837,213,103,582,100,157,Paid,3280,Education,Day,
4294,Instagram,Story,2024-12-22,8802,5307,1585,238,358,646,123,160,Organic,0,Education,Day,
4295,YouTube,Image,2022-08-01,2734,1645,1579,134,119,295,69,115,Organic,0,Motivation,Night,
4296,YouTube,Video,2024-08-17,15773,13140,12882,236,5,135,40,19,Organic,0,Motivation,Day,
4297,YouTube,Story,2025-08-05,9832,7704,5765,86,282,251,14,136,Organic,0,Promotion,Day,
4298,Instagram,Video,2025-03-06,8339,5872,3678,276,191,1285,289,97,Paid,1915,Awareness,Day,
4299,Facebook,Image,2023-02-15,13474,12419,6143,18,181,444,116,127,Organic,0,Promotion,Night,
4300,YouTube,Video,2022-05-05,4093,3465,234,177,369,484,144,77,Organic,0,Promotion,Night,
4301,Facebook,Reel,2023-02-15,12897,12568,4052,37,249,343,99,159,Organic,0,Motivation,Night,
4302,YouTube,Story,2023-10-21,7942,6304,5920,153,22,588,164,158,Organic,0,Promotion,Day,
4303,Facebook,Story,2025-06-30,13638,11052,5815,76,378,2884,734,151,Paid,1000,Motivation,Night,
4304,Instagram,Image,2025-09-19,11946,11844,351,254,436,829,238,96,Organic,0,Entertainment,Day,
4305,YouTube,Video,2023-03-14,13523,11133,7683,275,450,27,4,21,Organic,0,Education,Night,
4306,YouTube,Image,2025-01-17,11496,10381,1813,297,338,602,167,47,Paid,2231,Awareness,Day,
4307,Facebook,Image,2025-08-28,6246,5429,531,62,287,53,4,125,Organic,0,Entertainment,Night,
4308,YouTube,Video,2025-02-23,15290,13372,9934,112,223,3525,40,45,Paid,1310,Education,Day,
4309,Facebook,Video,2022-07-25,1105,963,834,284,34,34,9,174,Organic,0,Education,Day,
4310,YouTube,Image,2022-02-07,16314,10189,6655,86,270,200,55,172,Organic,0,Awareness,Night,
4311,Facebook,Image,2024-09-27,1790,1426,952,251,435,410,85,43,Paid,1255,Promotion,Night,
4312,Facebook,Image,2022-07-23,17245,16776,4395,197,259,407,10,117,Paid,4389,Education,Day,
4313,Facebook,Image,2023-05-25,5241,3555,1253,222,14,215,42,155,Organic,0,Awareness,Night,
4314,Facebook,Story,2022-10-14,17084,13933,6395,288,351,1657,325,115,Organic,0,Motivation,Day,
4315,Instagram,Video,2021-03-17,4672,4017,3976,104,188,342,19,51,Organic,0,Education,Night,
4316,Facebook,Image,2024-03-11,14148,10455,4625,271,400,2987,853,67,Organic,0,Education,Night,
4317,Instagram,Video,2023-10-13,6724,5474,3476,239,382,91,1,114,Paid,3628,Promotion,Day,
4318,Instagram,Reel,2024-08-01,9705,9424,5949,277,61,2150,426,73,Organic,0,Promotion,Day,
4319,Facebook,Image,2023-10-01,19055,12503,4294,260,230,2993,115,47,Organic,0,Motivation,Day,
4320,Facebook,Story,2023-02-05,10245,10235,9012,157,110,1847,244,38,Paid,4591,Education,Day,
4321,Facebook,Image,2024-05-22,18597,13084,12316,63,90,1527,197,44,Organic,0,Promotion,Night,
4322,YouTube,Video,2024-06-06,12490,8678,6225,130,218,147,5,65,Organic,0,Awareness,Night,
4323,Instagram,Video,2025-07-17,19937,12970,9458,45,291,609,97,66,Paid,1823,Education,Night,
4324,YouTube,Video,2023-01-27,14770,13656,3487,39,125,1549,107,62,Paid,1865,Awareness,Day,
4325,Instagram,Image,2021-03-23,19189,15431,8689,67,263,4561,443,165,Organic,0,Entertainment,Day,
4326,Instagram,Reel,2022-11-06,16644,13049,6939,87,27,950,120,79,Organic,0,Motivation,Day,
4327,Instagram,Video,2022-06-04,5448,4401,931,95,285,1124,251,20,Organic,0,Promotion,Night,
4328,YouTube,Story,2024-04-21,6165,5350,3017,62,231,1210,340,86,Organic,0,Entertainment,Day,
4329,Facebook,Reel,2021-10-09,8561,7473,677,225,330,676,32,98,Organic,0,Promotion,Night,
4330,YouTube,Story,2021-01-17,16076,13828,11233,224,191,3534,687,52,Paid,728,Entertainment,Day,
4331,Facebook,Image,2024-11-19,2817,2337,1976,288,40,333,61,142,Paid,2804,Promotion,Night,
4332,Facebook,Story,2021-09-15,16030,12080,3468,154,328,834,18,86,Paid,3395,Motivation,Day,
4333,Facebook,Video,2023-10-27,11461,8566,1125,169,253,1432,126,42,Organic,0,Education,Night,
4334,YouTube,Story,2021-11-20,12525,7774,4223,17,375,576,117,131,Paid,263,Awareness,Day,
4335,Instagram,Image,2025-10-17,7163,5855,5272,180,213,1211,359,23,Organic,0,Entertainment,Night,
4336,Facebook,Video,2022-02-13,7109,6770,3333,274,193,525,50,168,Organic,0,Awareness,Night,
4337,Instagram,Video,2022-10-08,16093,9694,6549,293,388,2133,549,67,Organic,0,Awareness,Day,
4338,YouTube,Video,2025-07-01,9921,6885,6437,34,8,1116,136,81,Organic,0,Promotion,Day,
4339,Facebook,Reel,2022-06-18,10825,7690,2857,142,430,1993,485,178,Paid,301,Education,Night,
4340,Facebook,Video,2025-10-09,5923,4022,2068,279,449,2,0,135,Organic,0,Promotion,Day,
4341,Facebook,Reel,2021-11-15,14620,13779,6057,229,497,930,109,106,Organic,0,Awareness,Night,
4342,Facebook,Video,2025-06-20,11517,8631,1650,45,166,2165,314,69,Paid,3294,Motivation,Night,
4343,Instagram,Image,2023-07-28,17367,10727,871,47,445,772,76,124,Organic,0,Education,Day,
4344,YouTube,Story,2023-02-27,14501,11045,5477,165,145,2814,165,95,Paid,3335,Education,Day,
4345,YouTube,Story,2021-09-10,14638,10114,4106,199,318,13,1,12,Organic,0,Awareness,Night,
4346,YouTube,Image,2022-08-06,6558,4524,682,227,126,511,145,77,Organic,0,Promotion,Night,
4347,YouTube,Story,2023-02-24,10669,8277,4246,241,350,1131,197,138,Paid,2928,Motivation,Night,
4348,YouTube,Video,2025-06-19,2624,1677,105,226,295,213,6,111,Organic,0,Entertainment,Day,
4349,YouTube,Video,2022-11-22,12713,8514,4255,43,378,1602,97,93,Organic,0,Promotion,Night,
4350,Facebook,Video,2022-08-20,6810,4087,1997,173,204,349,21,43,Organic,0,Education,Day,
4351,Instagram,Image,2024-05-28,3207,2708,1036,43,270,526,10,117,Organic,0,Promotion,Night,
4352,Facebook,Reel,2022-03-24,12002,9411,7122,200,184,499,49,32,Organic,0,Entertainment,Day,
4353,YouTube,Story,2024-05-08,1404,985,926,220,356,265,43,101,Organic,0,Motivation,Day,
4354,Facebook,Video,2024-08-17,11469,11402,10927,191,372,477,112,41,Organic,0,Motivation,Day,
4355,Facebook,Story,2021-05-02,16513,14402,2911,155,303,1396,289,141,Paid,2667,Entertainment,Day,
4356,YouTube,Video,2024-04-12,6841,4801,2319,81,292,175,52,86,Organic,0,Entertainment,Night,
4357,Instagram,Video,2021-08-14,9858,7977,6152,43,110,462,74,60,Organic,0,Awareness,Day,
4358,Facebook,Reel,2024-03-28,17817,13654,9510,61,145,3250,922,89,Organic,0,Education,Day,
4359,YouTube,Reel,2021-01-12,6518,5598,250,55,230,658,39,6,Paid,4159,Awareness,Day,
4360,Facebook,Story,2024-06-22,10894,6887,5749,157,223,623,13,62,Paid,1740,Promotion,Day,
4361,Instagram,Story,2023-04-06,17488,14698,8908,37,353,4264,800,111,Paid,2589,Entertainment,Day,
4362,Facebook,Video,2025-06-25,18775,12468,4051,197,234,1897,191,127,Paid,2663,Awareness,Day,
4363,Facebook,Video,2022-07-14,11713,7860,7445,160,97,1705,319,172,Organic,0,Education,Day,
4364,YouTube,Video,2021-02-22,5899,4004,781,31,264,1146,335,168,Organic,0,Education,Day,
4365,Instagram,Reel,2023-01-06,11310,7911,7268,120,148,891,52,118,Organic,0,Entertainment,Day,
4366,YouTube,Reel,2025-01-29,6997,6422,5951,128,202,513,3,111,Organic,0,Awareness,Day,
4367,YouTube,Reel,2024-07-13,6706,5632,82,71,160,976,41,41,Organic,0,Motivation,Night,
4368,Facebook,Image,2022-05-11,9090,8874,7225,20,416,1036,81,83,Organic,0,Entertainment,Night,
4369,YouTube,Reel,2022-09-29,15686,13294,10679,274,252,1576,15,96,Paid,3948,Promotion,Night,
4370,Instagram,Video,2023-08-21,14979,14789,8832,255,249,3236,931,22,Paid,4350,Awareness,Night,
4371,Instagram,Reel,2024-08-24,5393,3542,3250,149,431,81,14,102,Organic,0,Awareness,Night,
4372,YouTube,Story,2024-12-02,2696,1658,149,9,352,123,13,67,Paid,733,Entertainment,Day,
4373,YouTube,Story,2025-07-06,17156,11477,4530,93,221,1161,236,154,Organic,0,Awareness,Day,
4374,Facebook,Reel,2025-03-06,12349,9779,9724,91,248,265,55,143,Organic,0,Awareness,Night,
4375,Facebook,Reel,2022-10-16,15234,15070,3596,284,336,1916,564,8,Organic,0,Promotion,Night,
4376,Facebook,Reel,2025-06-17,4388,4280,3123,98,496,1129,86,139,Organic,0,Promotion,Day,
4377,Facebook,Video,2023-05-24,6452,5752,3916,20,140,1124,333,65,Organic,0,Motivation,Day,
4378,Instagram,Reel,2022-12-23,6919,6816,647,266,314,1794,237,111,Paid,1668,Promotion,Night,
4379,YouTube,Image,2025-08-08,13032,12560,11168,296,303,963,36,58,Organic,0,Motivation,Night,
4380,Instagram,Reel,2022-01-27,7130,7040,2559,239,368,331,83,92,Organic,0,Promotion,Day,
4381,Facebook,Video,2025-10-17,2868,2428,2030,245,191,7,1,72,Organic,0,Motivation,Night,
4382,Instagram,Story,2025-05-05,1200,1090,818,101,400,285,70,133,Organic,0,Promotion,Night,
4383,Facebook,Image,2023-05-03,12354,11148,2052,36,121,1547,258,59,Paid,1345,Promotion,Day,
4384,Instagram,Video,2024-03-31,18918,11444,10008,131,282,3325,333,7,Organic,0,Entertainment,Night,
4385,YouTube,Reel,2025-03-13,10157,9124,6074,298,170,1470,142,170,Paid,4123,Promotion,Night,
4386,YouTube,Video,2025-09-29,12031,8043,6082,167,313,803,209,125,Paid,3121,Motivation,Day,
4387,Instagram,Reel,2024-04-06,3205,2641,1451,56,471,301,12,133,Organic,0,Entertainment,Night,
4388,Instagram,Story,2023-10-17,4260,2609,439,117,500,610,105,106,Organic,0,Motivation,Day,
4389,Facebook,Video,2022-12-30,15053,10910,5491,15,128,1646,387,42,Paid,4164,Promotion,Night,
4390,YouTube,Reel,2025-12-14,3126,2881,971,133,68,243,63,89,Paid,3579,Promotion,Night,
4391,Instagram,Video,2025-05-31,14756,14604,11622,101,452,3988,1028,161,Organic,0,Motivation,Day,
4392,YouTube,Video,2021-08-18,6652,4877,3615,32,454,1297,279,137,Paid,3479,Awareness,Day,
4393,Facebook,Reel,2025-01-25,18246,17631,11577,157,345,5096,1339,96,Paid,751,Entertainment,Night,
4394,YouTube,Video,2025-08-09,15520,15388,14797,82,225,2622,142,25,Organic,0,Entertainment,Night,
4395,YouTube,Video,2025-12-31,11393,10301,1436,156,310,1000,254,113,Organic,0,Promotion,Day,
4396,Facebook,Image,2024-01-01,7745,5624,1326,123,27,215,2,51,Paid,1324,Entertainment,Night,
4397,Instagram,Video,2024-04-05,15155,15089,438,120,416,2738,800,88,Organic,0,Motivation,Day,
4398,Facebook,Image,2022-05-14,18450,11852,4879,280,487,2086,19,87,Organic,0,Promotion,Day,
4399,YouTube,Reel,2021-09-22,13197,8677,4989,38,361,153,2,39,Organic,0,Entertainment,Night,
4400,YouTube,Reel,2023-07-06,9284,5667,4241,134,497,1114,44,73,Organic,0,Education,Night,
4401,Instagram,Reel,2023-12-28,14849,9422,3010,32,144,1739,481,133,Organic,0,Entertainment,Night,
4402,YouTube,Reel,2025-11-01,19608,16733,4206,10,143,4701,979,144,Paid,2404,Motivation,Day,
4403,Instagram,Reel,2023-10-12,7150,6928,5932,104,157,1275,340,31,Organic,0,Entertainment,Day,
4404,Instagram,Video,2023-04-23,11008,7666,7133,23,412,427,11,60,Organic,0,Awareness,Night,
4405,YouTube,Story,2021-05-15,1681,1309,226,102,62,202,0,27,Organic,0,Awareness,Day,
4406,Instagram,Story,2025-03-07,8681,6585,1090,24,369,750,85,157,Organic,0,Promotion,Day,
4407,YouTube,Reel,2024-10-26,16478,16110,9777,182,216,1202,350,25,Organic,0,Awareness,Night,
4408,Instagram,Video,2023-09-29,16212,10795,8564,286,481,2690,87,65,Organic,0,Motivation,Night,
4409,Instagram,Image,2023-10-03,19163,15566,12051,224,469,4536,929,67,Organic,0,Education,Day,
4410,Instagram,Video,2023-09-11,13159,8415,2110,109,310,891,256,126,Organic,0,Education,Day,
4411,Facebook,Image,2022-04-03,18597,11846,10538,82,21,2183,587,56,Organic,0,Promotion,Night,
4412,Instagram,Story,2021-03-21,10100,8135,957,300,129,1951,230,92,Organic,0,Promotion,Night,
4413,YouTube,Image,2023-11-11,11455,9671,3659,143,58,2053,419,157,Paid,4547,Awareness,Day,
4414,Facebook,Image,2024-03-31,18647,15738,12760,159,372,250,63,59,Organic,0,Motivation,Day,
4415,YouTube,Story,2025-06-17,2312,1640,992,163,261,320,81,50,Organic,0,Awareness,Day,
4416,Facebook,Story,2025-04-21,11861,8694,3906,200,368,2329,108,36,Paid,2786,Motivation,Night,
4417,Instagram,Reel,2025-08-22,5594,3491,3142,120,298,740,71,59,Organic,0,Motivation,Day,
4418,Instagram,Story,2024-02-29,6986,6026,254,210,116,166,43,100,Organic,0,Education,Night,
4419,YouTube,Reel,2023-07-24,17926,13327,893,239,493,3471,861,1662,Organic,0,Motivation,Day,
4420,Facebook,Story,2024-02-19,3447,2795,761,28,351,201,29,40,Organic,0,Entertainment,Day,
4421,Facebook,Story,2022-12-15,12349,10350,3588,163,136,2795,664,114,Paid,2137,Motivation,Night,
4422,Facebook,Image,2024-12-21,10254,6447,3735,239,357,921,264,110,Paid,2197,Education,Day,
4423,YouTube,Reel,2025-12-01,17493,14800,13091,54,390,4407,1203,62,Organic,0,Awareness,Night,
4424,YouTube,Video,2025-05-16,2025,1973,1895,141,11,39,7,43,Organic,0,Motivation,Day,
4425,YouTube,Story,2021-09-13,11169,10751,6595,54,352,3112,69,84,Organic,0,Entertainment,Day,
4426,Facebook,Video,2024-01-06,15535,12327,4579,48,482,2738,503,101,Paid,2700,Promotion,Day,
4427,Instagram,Video,2023-04-18,1753,1369,1068,214,131,282,54,117,Paid,1842,Awareness,Day,
4428,Instagram,Story,2021-09-16,9959,6585,4076,30,356,1965,443,65,Organic,0,Promotion,Day,
4429,YouTube,Video,2023-08-21,9479,7992,6596,8,60,2247,424,141,Organic,0,Entertainment,Night,
4430,YouTube,Reel,2022-04-18,17452,14265,5346,237,397,3819,28,10,Organic,0,Education,Day,
4431,YouTube,Video,2022-08-25,2540,2233,1898,125,68,292,84,113,Organic,0,Education,Night,
4432,Facebook,Image,2025-05-02,11091,9735,4200,30,386,2700,433,39,Organic,0,Awareness,Day,
4433,YouTube,Video,2025-06-23,8005,7420,6576,237,226,233,33,43,Organic,0,Motivation,Day,
4434,Facebook,Reel,2023-04-08,17390,15266,4646,239,11,1169,133,154,Organic,0,Motivation,Day,
4435,YouTube,Image,2021-05-02,10257,7146,6289,147,125,431,49,173,Paid,1659,Promotion,Night,
4436,Facebook,Image,2023-01-02,5453,4284,3044,49,261,171,16,122,Paid,492,Education,Day,
4437,YouTube,Image,2024-05-02,5086,3391,232,11,125,474,94,9,Organic,0,Motivation,Day,
4438,Facebook,Reel,2022-02-10,9887,6923,2900,195,412,1885,277,174,Organic,0,Motivation,Day,
4439,Instagram,Reel,2022-03-07,16368,12244,5164,46,448,116,21,91,Paid,4043,Education,Day,
4440,Instagram,Story,2025-08-10,6073,4484,894,34,58,252,9,80,Organic,0,Education,Day,
4441,YouTube,Image,2023-02-16,1885,1786,209,126,377,140,1,162,Organic,0,Entertainment,Day,
4442,YouTube,Story,2025-05-25,14173,13824,2106,90,38,1670,27,61,Organic,0,Promotion,Day,
4443,Instagram,Image,2025-11-06,11134,8849,4003,187,417,671,165,131,Organic,0,Education,Day,
4444,Instagram,Video,2022-10-10,7559,6830,1013,209,55,1087,69,33,Organic,0,Entertainment,Night,
4445,Facebook,Video,2023-04-27,11245,9295,8748,140,435,1106,72,169,Organic,0,Education,Night,
4446,Instagram,Reel,2025-04-13,11795,9654,6577,271,65,858,224,91,Organic,0,Awareness,Night,
4447,Facebook,Story,2022-07-07,13083,8340,514,93,409,2186,109,145,Organic,0,Awareness,Day,
4448,Instagram,Reel,2024-02-11,7275,4912,2849,261,28,399,44,164,Organic,0,Awareness,Day,
4449,Facebook,Video,2021-12-18,7758,7396,2753,14,474,1365,330,50,Organic,0,Education,Night,
4450,Facebook,Video,2023-10-16,17247,12937,9599,230,413,186,55,120,Paid,465,Motivation,Day,
4451,Instagram,Reel,2021-09-27,7940,6241,2297,242,252,530,75,116,Organic,0,Motivation,Day,
4452,Instagram,Image,2025-05-14,17012,14159,4334,300,125,2073,292,155,Organic,0,Awareness,Night,
4453,YouTube,Video,2025-07-11,2111,1579,890,4,197,218,36,49,Organic,0,Promotion,Night,
4454,Instagram,Image,2023-03-11,19622,16131,2062,234,186,4186,277,149,Organic,0,Entertainment,Night,
4455,YouTube,Story,2024-04-30,12960,9479,4755,194,10,2035,473,108,Organic,0,Awareness,Night,
4456,Instagram,Video,2025-12-20,4298,2864,1916,80,440,124,1,89,Paid,3590,Entertainment,Night,
4457,Facebook,Image,2022-02-10,12811,9760,713,47,386,1450,374,138,Organic,0,Entertainment,Night,
4458,YouTube,Reel,2025-10-16,15225,9630,4143,239,15,2349,629,112,Organic,0,Awareness,Day,
4459,Instagram,Video,2021-10-06,15429,13874,11577,244,151,1174,203,22,Paid,2474,Motivation,Night,
4460,YouTube,Reel,2025-05-04,7595,5066,1078,190,30,1404,201,98,Organic,0,Promotion,Night,
4461,Facebook,Story,2022-05-20,8573,8213,4381,79,235,2394,304,154,Organic,0,Awareness,Day,
4462,YouTube,Image,2024-11-05,19245,16242,1487,255,302,2928,159,37,Organic,0,Entertainment,Day,
4463,Instagram,Story,2022-06-22,9670,8136,4952,181,364,1696,371,162,Organic,0,Education,Day,
4464,YouTube,Reel,2025-11-29,12601,11298,7350,98,371,3002,519,130,Paid,4050,Education,Night,
4465,Facebook,Reel,2025-01-30,4578,3755,1799,54,270,589,174,164,Organic,0,Entertainment,Day,
4466,YouTube,Reel,2022-07-28,8490,5637,1747,106,201,297,87,174,Organic,0,Awareness,Day,
4467,Instagram,Story,2023-08-04,5238,5090,249,141,500,793,26,126,Paid,2179,Motivation,Day,
4468,Facebook,Story,2022-11-20,2324,1678,203,41,83,372,49,142,Organic,0,Awareness,Night,
4469,YouTube,Video,2021-06-12,19102,14555,5737,3,480,1895,516,119,Organic,0,Promotion,Night,
4470,YouTube,Image,2021-11-28,5451,3807,3174,149,347,1089,308,168,Organic,0,Education,Day,
4471,Facebook,Reel,2025-06-13,12092,12069,7247,215,251,1460,86,166,Organic,0,Entertainment,Day,
4472,Facebook,Reel,2022-02-27,16778,16575,10431,135,111,2235,186,32,Paid,3183,Motivation,Day,
4473,YouTube,Image,2025-02-06,8511,8464,3538,214,394,1871,198,15,Paid,550,Awareness,Day,
4474,YouTube,Video,2021-09-03,19955,13505,2260,194,0,326,44,171,Organic,0,Promotion,Day,
4475,YouTube,Story,2022-06-12,17047,13840,11418,267,197,1352,34,51,Organic,0,Awareness,Day,
4476,Instagram,Reel,2025-08-30,19653,17250,16276,34,184,3134,809,131,Organic,0,Promotion,Day,
4477,Instagram,Reel,2021-02-23,12680,11510,70,286,290,1018,57,151,Organic,0,Awareness,Day,
4478,YouTube,Video,2023-07-18,19331,13191,10899,290,185,268,71,122,Organic,0,Motivation,Day,
4479,YouTube,Image,2025-09-19,2695,2592,1840,116,53,637,53,147,Organic,0,Motivation,Night,
4480,YouTube,Story,2022-07-18,5265,5110,4236,174,26,394,113,130,Paid,4722,Entertainment,Day,
4481,Facebook,Video,2024-05-27,6239,5602,4304,76,210,1371,191,160,Paid,2987,Motivation,Day,
4482,YouTube,Image,2024-05-29,18829,17163,4939,88,14,151,0,156,Organic,0,Promotion,Day,
4483,YouTube,Video,2025-11-20,19375,16992,9151,177,92,3912,174,76,Organic,0,Entertainment,Day,
4484,YouTube,Reel,2023-04-27,9038,7864,1921,107,38,1324,291,111,Organic,0,Motivation,Day,
4485,YouTube,Image,2022-12-20,11743,11272,5910,228,404,2955,475,141,Paid,637,Education,Day,
4486,Facebook,Video,2021-01-29,1968,1382,888,1,453,85,6,179,Paid,2558,Promotion,Night,
4487,YouTube,Story,2021-01-25,10273,6712,997,113,477,952,172,37,Paid,4054,Entertainment,Day,
4488,Facebook,Image,2024-07-04,1787,1120,1010,178,264,227,65,23,Organic,0,Promotion,Day,
4489,Instagram,Video,2024-01-14,16879,12785,9628,173,294,1395,349,78,Organic,0,Entertainment,Night,
4490,Facebook,Image,2022-08-31,4177,3127,720,127,200,343,5,172,Organic,0,Promotion,Day,
4491,YouTube,Image,2023-03-17,14510,13801,2916,256,219,2386,693,179,Organic,0,Education,Night,
4492,Facebook,Reel,2022-08-13,12112,8122,322,157,406,2212,127,161,Organic,0,Motivation,Day,
4493,Facebook,Story,2025-04-17,8404,7709,7481,23,349,2266,276,102,Organic,0,Awareness,Day,
4494,Instagram,Image,2021-08-06,9495,9410,4272,99,475,1643,74,145,Organic,0,Awareness,Day,
4495,Instagram,Image,2021-08-07,10695,8065,3679,131,495,2351,293,133,Organic,0,Awareness,Day,
4496,Instagram,Image,2023-12-28,2098,1710,554,38,490,429,92,166,Organic,0,Entertainment,Night,
4497,Instagram,Image,2025-07-20,3819,2402,619,219,148,404,82,97,Organic,0,Motivation,Day,
4498,Facebook,Image,2024-08-30,4003,3433,2203,162,110,916,120,52,Organic,0,Entertainment,Day,
4499,Instagram,Reel,2021-11-24,15893,13407,1794,220,379,214,9,68,Organic,0,Entertainment,Night,
4500,YouTube,Image,2022-06-14,9715,7288,4477,7,138,2136,150,65,Organic,0,Entertainment,Day,
4501,Facebook,Reel,2023-09-16,15430,9280,6373,176,34,1199,20,161,Organic,0,Entertainment,Night,
4502,Facebook,Reel,2023-03-18,17677,17470,14159,71,387,3662,764,43,Organic,0,Motivation,Day,
4503,Instagram,Image,2022-03-03,2644,2037,241,72,186,162,30,132,Paid,1239,Awareness,Night,
4504,YouTube,Video,2021-11-13,13759,12218,440,282,399,756,18,912,Organic,0,Promotion,Night,
4505,Facebook,Story,2025-11-02,12187,11062,9617,58,188,2702,518,30,Organic,0,Entertainment,Day,
4506,Instagram,Image,2022-01-07,8671,5783,3118,10,3,1445,156,21,Organic,0,Motivation,Day,
4507,Facebook,Reel,2023-10-03,18683,17635,13345,23,357,6,1,75,Paid,3332,Education,Day,
4508,YouTube,Reel,2022-07-05,7735,4767,3323,173,334,414,115,17,Organic,0,Promotion,Day,
4509,Instagram,Story,2022-10-24,7194,4828,3635,225,417,1204,263,73,Organic,0,Entertainment,Day,
4510,YouTube,Video,2023-05-23,1904,1896,1021,139,480,510,11,30,Organic,0,Entertainment,Night,
4511,Instagram,Video,2022-05-22,13364,8831,833,142,375,1138,122,53,Paid,2402,Promotion,Day,
4512,YouTube,Image,2022-08-05,3599,3511,2293,224,42,999,158,11,Paid,2880,Promotion,Day,
4513,YouTube,Video,2023-06-14,13503,10053,5861,244,362,2063,469,62,Organic,0,Entertainment,Day,
4514,Instagram,Story,2025-02-22,17049,16782,12276,256,223,2466,6,53,Paid,3366,Motivation,Day,
4515,Facebook,Image,2022-08-18,15060,10034,5039,34,140,2144,152,107,Paid,2127,Education,Day,
4516,YouTube,Video,2025-12-13,6581,5951,2053,55,371,1036,185,57,Organic,0,Motivation,Day,
4517,YouTube,Story,2023-05-07,17486,14591,11240,292,88,3851,354,66,Organic,0,Awareness,Day,
4518,Facebook,Reel,2022-02-24,3692,3511,2360,299,427,329,17,21,Organic,0,Awareness,Day,
4519,Facebook,Video,2022-10-06,18175,17792,468,236,357,1304,62,175,Paid,4543,Awareness,Night,
4520,YouTube,Story,2024-11-26,5027,3449,2942,139,485,283,84,29,Organic,0,Entertainment,Night,
4521,Instagram,Image,2023-05-10,17759,12773,1164,186,424,3780,719,135,Paid,3730,Education,Day,
4522,Facebook,Image,2024-08-24,9713,6279,3199,3,151,1503,237,33,Organic,0,Education,Night,
4523,YouTube,Video,2025-09-12,11343,10226,1617,205,351,2244,603,121,Organic,0,Entertainment,Day,
4524,Facebook,Image,2023-10-04,11161,9731,6545,190,418,1802,410,164,Paid,2147,Entertainment,Night,
4525,Instagram,Image,2023-04-01,16526,15809,6456,23,287,3547,788,30,Organic,0,Entertainment,Day,
4526,Facebook,Story,2024-10-06,12560,8565,2288,300,223,34,8,128,Organic,0,Education,Night,
4527,Instagram,Story,2021-05-25,11185,9410,1016,147,293,1313,94,148,Organic,0,Entertainment,Night,
4528,Facebook,Image,2021-10-03,18605,15417,2352,239,184,4055,1083,29,Organic,0,Promotion,Night,
4529,Instagram,Video,2021-01-11,10800,8739,5927,20,212,580,42,58,Organic,0,Promotion,Night,
4530,Facebook,Reel,2023-08-16,6576,6381,5286,269,221,1693,274,160,Organic,0,Promotion,Day,
4531,Instagram,Reel,2025-06-28,10031,6160,2500,212,440,126,24,77,Organic,0,Entertainment,Day,
4532,YouTube,Video,2022-05-19,15148,10744,4209,126,28,2392,38,124,Paid,3042,Promotion,Night,
4533,YouTube,Reel,2024-03-06,7356,4777,162,40,55,1114,97,60,Paid,1864,Entertainment,Day,
4534,YouTube,Image,2024-10-01,4671,4442,2897,128,256,1041,134,69,Organic,0,Promotion,Day,
4535,Instagram,Story,2023-10-18,18425,13704,2186,148,182,2810,535,97,Paid,1594,Entertainment,Day,
4536,YouTube,Story,2022-12-05,6029,5949,1579,210,311,804,26,90,Organic,0,Motivation,Night,
4537,Facebook,Reel,2024-12-19,15990,11666,5199,37,479,1419,232,2785,Organic,0,Awareness,Day,
4538,Instagram,Video,2023-10-25,15846,14191,10759,123,168,1636,332,173,Organic,0,Motivation,Night,
4539,YouTube,Reel,2025-12-01,12439,10718,8890,294,181,1737,442,112,Paid,3272,Awareness,Night,
4540,Facebook,Reel,2023-08-09,18602,14743,5357,198,462,2050,69,122,Paid,4254,Awareness,Day,
4541,Facebook,Image,2021-08-16,2504,2211,528,135,440,125,37,161,Organic,0,Promotion,Day,
4542,Instagram,Reel,2023-08-22,14912,13884,9697,100,201,2511,649,87,Organic,0,Awareness,Night,
4543,Instagram,Video,2023-12-12,18585,13477,7950,234,97,562,110,151,Organic,0,Awareness,Night,
4544,YouTube,Video,2025-12-21,15224,13077,64,67,335,2312,620,173,Organic,0,Motivation,Day,
4545,YouTube,Story,2025-04-04,17202,16982,4168,4,96,631,155,177,Organic,0,Awareness,Day,
4546,YouTube,Video,2021-07-26,18695,16627,11971,38,292,3720,325,19,Organic,0,Entertainment,Day,
4547,Instagram,Reel,2025-02-06,2358,2063,1248,138,213,280,45,135,Paid,3669,Entertainment,Day,
4548,Instagram,Image,2023-03-12,6992,4811,3342,111,323,73,3,143,Organic,0,Promotion,Day,
4549,Facebook,Reel,2021-03-16,8727,7700,2358,96,374,868,180,178,Paid,548,Motivation,Night,
4550,Facebook,Video,2022-05-08,5308,4753,2265,7,120,262,41,34,Organic,0,Education,Night,
4551,Facebook,Story,2025-10-18,2758,2666,268,140,457,321,40,61,Organic,0,Motivation,Night,
4552,Instagram,Reel,2023-12-20,6230,3989,3084,177,25,289,36,150,Paid,3865,Education,Day,
4553,Facebook,Reel,2025-04-06,16986,12484,12083,126,482,1511,7,132,Paid,4949,Awareness,Day,
4554,YouTube,Story,2021-02-20,7032,6330,2210,2,154,110,29,52,Organic,0,Education,Day,
4555,YouTube,Image,2024-06-23,7626,4927,3966,49,342,49,14,140,Organic,0,Awareness,Night,
4556,Facebook,Reel,2024-12-09,19260,12980,2117,250,243,965,168,26,Paid,3312,Motivation,Day,
4557,Instagram,Image,2022-12-04,8229,6942,3259,33,224,1786,363,10,Organic,0,Motivation,Night,
4558,Instagram,Story,2022-04-07,5170,4919,2539,285,474,731,121,108,Organic,0,Promotion,Night,
4559,Instagram,Image,2022-01-04,4497,3288,1753,54,173,479,24,40,Organic,0,Promotion,Night,
4560,Instagram,Reel,2024-05-28,9095,7833,3790,26,426,889,65,83,Paid,4702,Awareness,Day,
4561,YouTube,Reel,2024-08-07,5549,3611,1043,113,325,708,15,120,Paid,1717,Awareness,Night,
4562,Instagram,Story,2021-11-19,9177,7838,4130,92,456,207,27,61,Paid,2095,Entertainment,Day,
4563,Facebook,Video,2022-03-17,10437,9919,2156,22,113,1938,193,53,Organic,0,Entertainment,Night,
4564,YouTube,Image,2021-08-13,15743,10361,5679,124,290,2820,614,177,Organic,0,Entertainment,Day,
4565,YouTube,Video,2022-08-13,12882,10309,1467,215,481,1892,89,86,Organic,0,Motivation,Day,
4566,Facebook,Story,2025-10-20,7126,5001,4899,45,23,68,12,70,Paid,1212,Education,Day,
4567,Instagram,Story,2022-01-24,1126,1042,441,200,136,141,16,81,Organic,0,Awareness,Day,
4568,Facebook,Image,2025-03-14,10506,8359,1522,129,75,861,82,49,Organic,0,Promotion,Night,
4569,YouTube,Reel,2024-07-12,6121,3702,3642,226,203,115,29,83,Organic,0,Awareness,Day,
4570,Facebook,Video,2023-08-04,17391,12391,10276,259,462,1307,80,24,Organic,0,Education,Night,
4571,YouTube,Video,2023-09-15,15615,13836,9856,111,96,2618,684,127,Paid,4293,Awareness,Day,
4572,YouTube,Video,2021-03-22,18708,17372,1421,30,340,3048,223,71,Organic,0,Promotion,Day,
4573,Facebook,Image,2022-12-02,14860,10650,10574,243,477,2597,143,87,Paid,2092,Promotion,Day,
4574,Facebook,Image,2023-01-28,15612,12076,1975,245,84,1161,206,7,Organic,0,Education,Day,
4575,YouTube,Reel,2024-09-01,19112,16857,9479,140,411,2531,473,68,Paid,3776,Promotion,Night,
4576,Facebook,Story,2022-01-12,14800,14104,13435,193,181,1774,225,44,Paid,2551,Motivation,Day,
4577,Instagram,Image,2022-11-16,14536,13049,12039,102,170,1167,33,63,Organic,0,Promotion,Night,
4578,Instagram,Video,2022-02-22,4967,3933,3348,263,187,640,126,66,Paid,2675,Education,Day,
4579,Facebook,Image,2024-03-11,4546,4340,2940,289,184,1023,202,136,Organic,0,Education,Day,
4580,YouTube,Reel,2021-01-26,14382,11309,3586,229,380,3232,421,64,Paid,985,Awareness,Day,
4581,Instagram,Story,2025-09-23,11314,8045,4225,131,326,746,145,120,Paid,4297,Promotion,Night,
4582,YouTube,Reel,2021-11-24,5576,3706,1335,47,374,17,4,79,Paid,2990,Promotion,Night,
4583,Facebook,Story,2024-04-18,9702,7207,6874,101,232,1446,245,126,Organic,0,Education,Day,
4584,YouTube,Story,2023-04-27,5274,4105,574,145,73,992,203,111,Organic,0,Awareness,Day,
4585,Facebook,Image,2022-01-14,15078,11560,757,279,39,876,29,100,Organic,0,Awareness,Night,
4586,Facebook,Reel,2022-01-02,8231,8174,998,8,317,1993,158,95,Organic,0,Motivation,Night,
4587,Instagram,Reel,2021-11-01,7563,6018,4965,78,85,1307,387,162,Paid,570,Motivation,Day,
4588,Facebook,Story,2024-10-11,13100,8129,4651,201,459,356,91,134,Paid,3137,Education,Night,
4589,Instagram,Story,2025-07-08,5360,4282,1623,27,471,52,14,66,Paid,921,Awareness,Day,
4590,Facebook,Story,2024-09-12,18883,15161,12312,255,206,4411,435,53,Organic,0,Awareness,Day,
4591,Facebook,Reel,2023-06-17,16004,15230,5090,155,204,196,3,141,Paid,1123,Motivation,Night,
4592,Facebook,Reel,2022-09-25,15121,12284,7068,2,348,1545,311,96,Paid,1035,Motivation,Night,
4593,Instagram,Reel,2023-11-27,19516,16900,11664,8,271,2533,215,163,Paid,2693,Education,Night,
4594,Facebook,Image,2022-11-16,11714,9775,2706,292,244,2372,185,128,Organic,0,Awareness,Day,
4595,YouTube,Reel,2025-03-18,7041,5768,1169,167,229,778,144,65,Organic,0,Education,Day,
4596,Instagram,Reel,2025-01-10,6204,5720,3879,28,372,501,77,52,Organic,0,Motivation,Night,
4597,Facebook,Reel,2025-05-19,9863,7831,2075,128,448,724,49,157,Organic,0,Promotion,Night,
4598,Instagram,Video,2021-04-05,15104,12471,4886,197,44,1629,53,168,Organic,0,Motivation,Night,
4599,Instagram,Reel,2023-11-18,18919,11745,8227,281,197,1550,445,140,Paid,3326,Awareness,Day,
4600,YouTube,Story,2024-06-15,18037,16518,8211,130,455,4274,964,62,Organic,0,Education,Day,
4601,Facebook,Story,2025-04-04,1622,1224,170,266,490,348,101,105,Organic,0,Awareness,Day,
4602,YouTube,Reel,2025-06-27,14999,14091,10931,153,139,2654,427,116,Organic,0,Motivation,Day,
4603,Facebook,Reel,2022-04-12,2541,2394,415,278,126,574,138,177,Paid,3701,Motivation,Day,
4604,Facebook,Reel,2024-04-01,18840,11530,4388,240,215,496,101,66,Paid,3747,Entertainment,Day,
4605,Instagram,Reel,2023-10-09,3232,2215,9,46,397,660,52,43,Paid,1348,Motivation,Night,
4606,YouTube,Video,2023-03-01,6169,4356,4105,187,92,56,2,62,Organic,0,Awareness,Night,
4607,Facebook,Video,2022-05-08,2018,1216,745,77,110,321,19,103,Organic,0,Education,Night,
4608,Facebook,Reel,2024-07-28,3398,2437,272,149,393,248,50,48,Paid,321,Education,Night,
4609,YouTube,Image,2021-06-12,1159,998,46,93,125,283,22,33,Organic,0,Entertainment,Day,
4610,YouTube,Video,2023-09-19,5004,4126,920,93,318,1218,218,63,Organic,0,Awareness,Night,
4611,Facebook,Image,2021-07-20,12392,12386,7961,163,204,74,7,75,Organic,0,Motivation,Night,
4612,YouTube,Video,2024-12-02,19851,17623,2594,237,192,112,0,96,Organic,0,Promotion,Night,
4613,Instagram,Reel,2025-10-07,12231,9079,4213,111,401,713,75,13,Paid,2372,Education,Day,
4614,YouTube,Story,2023-02-03,17721,17006,9328,252,155,3940,232,131,Organic,0,Awareness,Day,
4615,Facebook,Video,2023-08-11,15265,14228,11723,282,231,944,58,138,Organic,0,Entertainment,Night,
4616,YouTube,Video,2023-12-28,1353,947,864,130,27,247,18,161,Organic,0,Promotion,Night,
4617,Facebook,Reel,2021-01-20,2526,2153,1159,290,328,243,66,149,Organic,0,Awareness,Night,
4618,YouTube,Image,2021-12-10,4736,3207,2728,6,12,857,104,148,Organic,0,Motivation,Night,
4619,Instagram,Video,2021-12-31,13276,12882,8951,119,71,3565,439,135,Organic,0,Education,Day,
4620,Instagram,Reel,2021-11-25,12478,9017,703,83,45,1846,393,25,Organic,0,Motivation,Night,
4621,Facebook,Story,2023-08-16,8216,5386,2376,84,270,202,27,68,Organic,0,Entertainment,Night,
4622,YouTube,Video,2024-10-23,8048,5513,683,205,228,791,126,94,Organic,0,Education,Night,
4623,Facebook,Image,2023-08-18,17565,11446,2223,3,91,462,110,40,Organic,0,Promotion,Night,
4624,Instagram,Story,2023-11-05,11481,7673,6176,86,221,1364,96,66,Organic,0,Education,Day,
4625,YouTube,Video,2021-12-16,15497,11213,10072,293,153,3193,16,174,Organic,0,Motivation,Night,
4626,YouTube,Video,2022-11-24,3741,3233,1158,6,184,702,206,80,Paid,4802,Awareness,Day,
4627,YouTube,Video,2022-07-30,7467,4797,2807,14,229,1245,267,174,Organic,0,Awareness,Night,
4628,Instagram,Reel,2023-10-25,11562,9556,8974,149,211,10,2,17,Organic,0,Awareness,Night,
4629,Instagram,Story,2025-05-20,17036,13879,7146,231,312,510,59,15,Organic,0,Entertainment,Night,
4630,Facebook,Reel,2024-02-20,17126,10680,388,230,201,3005,7,58,Paid,951,Entertainment,Night,
4631,Facebook,Reel,2022-11-27,9932,8661,5274,167,367,1204,20,20,Organic,0,Awareness,Day,
4632,YouTube,Image,2023-06-24,1254,795,656,226,124,127,10,12,Organic,0,Promotion,Day,
4633,Facebook,Reel,2021-08-30,5507,4071,534,5,184,1156,13,108,Paid,2156,Motivation,Night,
4634,YouTube,Story,2021-05-10,4536,2905,113,218,458,769,40,63,Paid,4060,Promotion,Day,
4635,Facebook,Video,2021-05-30,7404,6012,2980,15,91,1093,15,61,Paid,2975,Awareness,Day,
4636,YouTube,Image,2021-05-12,10923,6892,5226,139,438,1643,161,44,Organic,0,Motivation,Night,
4637,Instagram,Video,2021-07-01,16552,16500,12873,139,276,636,184,134,Organic,0,Entertainment,Day,
4638,Facebook,Image,2023-11-11,12522,11116,3198,45,83,2321,446,98,Organic,0,Education,Day,
4639,Facebook,Video,2025-02-20,9343,9002,5044,152,278,229,57,142,Paid,4726,Education,Day,
4640,Facebook,Video,2021-09-04,3629,2681,509,51,385,555,133,48,Organic,0,Motivation,Day,
4641,Instagram,Image,2023-04-14,9990,9356,7614,224,213,1373,357,143,Organic,0,Promotion,Day,
4642,Instagram,Image,2021-09-22,3333,3195,3022,14,49,881,173,84,Paid,3978,Motivation,Day,
4643,YouTube,Image,2025-06-07,16857,10433,6916,156,169,2327,156,85,Paid,1154,Promotion,Night,
4644,YouTube,Reel,2025-04-03,3460,3065,624,105,284,890,238,6,Paid,2192,Promotion,Day,
4645,Instagram,Image,2022-04-17,1137,810,516,83,225,180,22,144,Paid,1859,Education,Day,
4646,YouTube,Reel,2025-11-01,16087,15035,971,180,325,1113,165,119,Paid,340,Entertainment,Day,
4647,Facebook,Image,2024-03-01,6982,6368,1931,184,362,548,134,94,Organic,0,Awareness,Night,
4648,Facebook,Reel,2021-12-18,17450,14556,3521,173,358,1430,234,27,Paid,1850,Entertainment,Day,
4649,Instagram,Video,2024-12-04,16486,15498,14651,124,294,130,10,150,Paid,3773,Awareness,Day,
4650,Facebook,Story,2025-01-02,17483,13773,12546,196,146,3470,400,66,Organic,0,Education,Night,
4651,Instagram,Reel,2024-10-19,18488,13434,9593,285,119,1091,69,117,Organic,0,Awareness,Day,
4652,Facebook,Reel,2021-09-26,11456,10091,9876,39,283,2773,355,132,Paid,4583,Promotion,Day,
4653,YouTube,Image,2021-12-07,19116,14879,4078,170,498,3718,829,66,Organic,0,Motivation,Night,
4654,Instagram,Reel,2021-01-07,8397,5999,463,53,210,1754,319,42,Paid,3383,Awareness,Day,
4655,YouTube,Video,2025-05-16,14897,10530,4289,68,47,1006,138,170,Organic,0,Entertainment,Day,
4656,Facebook,Story,2022-06-08,13268,11223,2900,212,108,2825,200,65,Organic,0,Education,Day,
4657,YouTube,Reel,2023-05-10,14144,9889,3194,186,235,2163,569,133,Organic,0,Education,Night,
4658,Instagram,Video,2023-01-16,2053,1521,1515,156,104,141,17,177,Organic,0,Motivation,Night,
4659,YouTube,Video,2021-06-22,9876,9493,7654,173,135,1189,75,160,Organic,0,Promotion,Day,
4660,Instagram,Story,2022-11-12,19869,14091,2731,41,323,2400,581,153,Organic,0,Promotion,Day,
4661,Facebook,Story,2025-10-20,19160,15849,6202,121,258,2451,183,126,Organic,0,Education,Day,
4662,YouTube,Video,2024-07-02,4593,3506,1670,139,385,152,10,114,Organic,0,Promotion,Night,
4663,Instagram,Story,2024-09-14,17092,15511,2916,300,305,1422,128,17,Organic,0,Motivation,Day,
4664,Facebook,Reel,2023-06-23,17420,14074,5295,109,333,1421,129,159,Organic,0,Education,Day,
4665,Facebook,Video,2025-04-16,18311,18212,11800,122,437,4061,767,104,Paid,1668,Promotion,Night,
4666,YouTube,Story,2025-07-16,1068,671,377,38,408,118,20,139,Organic,0,Awareness,Day,
4667,Facebook,Reel,2023-09-11,18335,12805,11261,120,24,3508,569,26,Organic,0,Awareness,Day,
4668,Instagram,Reel,2022-06-17,12128,11089,1248,13,370,2284,175,78,Organic,0,Promotion,Night,
4669,Instagram,Reel,2023-04-09,17487,11243,7838,273,327,574,64,136,Organic,0,Awareness,Night,
4670,YouTube,Video,2025-03-06,13580,9524,4401,212,6,1263,105,27,Organic,0,Motivation,Night,
4671,Instagram,Video,2024-04-24,14951,12416,11884,13,193,3016,761,123,Organic,0,Entertainment,Night,
4672,Facebook,Video,2022-09-26,14540,10709,2409,32,265,3071,456,74,Paid,3303,Motivation,Day,
4673,YouTube,Image,2022-11-24,17091,15150,1270,136,224,302,49,88,Paid,526,Motivation,Day,
4674,YouTube,Reel,2021-07-29,3736,2957,1304,1,71,595,2,105,Paid,273,Promotion,Day,
4675,Instagram,Video,2021-01-04,7259,4688,1533,246,84,850,22,88,Organic,0,Motivation,Day,
4676,Facebook,Reel,2023-05-02,19281,19173,4379,57,473,5087,1108,165,Organic,0,Promotion,Day,
4677,YouTube,Story,2025-12-25,6657,4240,2419,72,190,1134,200,32,Organic,0,Education,Day,
4678,Instagram,Image,2025-04-12,2202,2191,2069,133,83,473,101,140,Paid,4828,Promotion,Day,
4679,YouTube,Story,2022-08-09,2062,1300,552,69,131,331,8,5,Paid,495,Promotion,Day,
4680,Instagram,Reel,2025-09-21,13853,8424,4041,273,469,1948,228,169,Organic,0,Education,Day,
4681,YouTube,Story,2023-01-25,14865,9473,4477,233,499,1449,296,67,Organic,0,Entertainment,Day,
4682,Instagram,Reel,2022-03-13,11605,10817,9716,117,14,2857,447,26,Organic,0,Education,Night,
4683,Instagram,Reel,2024-03-23,12141,9859,6388,227,222,2043,489,74,Paid,784,Promotion,Day,
4684,YouTube,Video,2024-07-05,1519,1391,755,300,111,159,46,129,Paid,3824,Awareness,Day,
4685,YouTube,Story,2022-10-11,9932,8948,3766,291,28,2193,105,153,Organic,0,Promotion,Night,
4686,YouTube,Reel,2025-02-28,8745,6643,4347,182,392,1992,444,100,Paid,252,Education,Night,
4687,Instagram,Image,2024-07-19,19072,16625,494,214,108,3357,633,167,Organic,0,Promotion,Day,
4688,YouTube,Image,2023-03-16,12705,10140,5351,41,408,2770,479,83,Paid,2887,Education,Day,
4689,Instagram,Reel,2023-10-22,6616,4325,3190,84,339,116,5,9,Paid,3044,Motivation,Night,
4690,YouTube,Video,2022-08-09,5481,4843,1070,142,176,636,167,64,Paid,4790,Entertainment,Day,
4691,Facebook,Reel,2025-05-30,10613,6865,2634,207,191,2055,357,124,Organic,0,Entertainment,Day,
4692,YouTube,Image,2024-08-05,8877,6703,6331,232,391,322,35,50,Organic,0,Education,Night,
4693,Instagram,Story,2024-10-28,11841,7415,3758,114,248,1831,427,138,Organic,0,Entertainment,Day,
4694,YouTube,Story,2025-03-16,9257,7848,622,87,87,1444,372,60,Organic,0,Awareness,Day,
4695,Instagram,Video,2023-05-09,11844,11618,1348,251,412,3397,297,114,Paid,3883,Awareness,Day,
4696,Facebook,Reel,2024-04-21,11637,8373,4485,288,351,646,122,161,Organic,0,Entertainment,Day,
4697,Facebook,Image,2025-05-30,15028,11700,8132,130,347,663,53,108,Organic,0,Education,Night,
4698,YouTube,Story,2021-05-04,19472,16733,8821,19,224,432,36,81,Paid,868,Awareness,Day,
4699,YouTube,Story,2025-04-05,1030,648,584,42,481,143,16,150,Organic,0,Entertainment,Day,
4700,Facebook,Story,2024-03-01,5223,4291,3848,163,113,293,53,6,Organic,0,Promotion,Night,
4701,Facebook,Image,2024-10-15,18804,14073,6145,126,170,566,51,12,Organic,0,Awareness,Day,
4702,YouTube,Image,2022-10-02,6276,4929,1372,11,138,854,36,79,Organic,0,Motivation,Day,
4703,Instagram,Reel,2021-02-15,2951,2816,837,134,453,362,18,129,Organic,0,Awareness,Day,
4704,Instagram,Image,2024-05-11,14356,9237,3094,229,73,282,67,42,Paid,3445,Entertainment,Day,
4705,Facebook,Reel,2022-12-17,18081,12318,10797,111,354,2665,391,31,Organic,0,Entertainment,Night,
4706,Facebook,Video,2024-12-28,17632,10915,7880,43,411,1174,52,24,Paid,2733,Entertainment,Day,
4707,Facebook,Reel,2025-08-24,13602,8556,1001,258,417,1004,103,144,Organic,0,Education,Day,
4708,Facebook,Story,2023-12-20,13245,10338,4092,214,334,1152,44,47,Organic,0,Education,Night,
4709,YouTube,Reel,2024-10-18,15086,9495,1428,113,241,2723,185,35,Organic,0,Promotion,Day,
4710,Facebook,Video,2021-11-21,19131,15904,514,297,123,395,93,95,Organic,0,Promotion,Day,
4711,Instagram,Image,2023-04-27,14615,12746,7598,232,122,2969,740,65,Organic,0,Awareness,Day,
4712,Instagram,Story,2023-02-13,14632,11581,5711,152,169,3134,467,113,Organic,0,Entertainment,Day,
4713,Facebook,Story,2021-08-15,2906,2169,1024,103,183,256,64,95,Organic,0,Promotion,Day,
4714,Facebook,Reel,2023-02-21,4638,3002,2351,161,190,51,4,167,Organic,0,Entertainment,Day,
4715,Facebook,Reel,2024-06-20,7731,5600,1574,127,96,100,17,99,Organic,0,Awareness,Day,
4716,YouTube,Story,2025-03-07,3695,2638,2130,161,172,373,86,147,Organic,0,Education,Day,
4717,Instagram,Video,2023-02-11,1933,1634,885,70,409,11,1,148,Paid,833,Promotion,Day,
4718,Facebook,Video,2022-07-31,14847,9024,5240,63,382,1579,225,17,Paid,1905,Motivation,Night,
4719,YouTube,Video,2023-06-14,10730,8942,6882,146,287,2076,488,117,Organic,0,Motivation,Night,
4720,Facebook,Image,2023-07-18,9017,8419,4083,27,89,1044,69,39,Organic,0,Motivation,Day,
4721,Instagram,Reel,2025-08-17,10236,6580,2825,85,341,894,167,153,Paid,3747,Motivation,Night,
4722,Facebook,Reel,2023-11-05,2100,1421,929,236,393,117,23,162,Organic,0,Motivation,Night,
4723,Facebook,Story,2022-01-06,4658,3123,2173,286,308,383,69,52,Paid,3431,Motivation,Night,
4724,YouTube,Image,2023-01-04,3773,3474,2779,170,319,614,154,39,Organic,0,Motivation,Day,
4725,Instagram,Story,2025-09-09,3202,3116,1222,221,128,282,40,90,Paid,3532,Promotion,Night,
4726,Instagram,Video,2021-03-03,11532,8101,7934,189,86,975,3,170,Organic,0,Motivation,Night,
4727,Facebook,Story,2023-10-12,10933,7838,2705,130,252,2155,384,163,Paid,4897,Motivation,Day,
4728,Facebook,Story,2024-05-11,1305,853,782,23,63,240,62,156,Organic,0,Awareness,Night,
4729,Facebook,Reel,2025-03-14,10871,9600,6938,250,73,1849,44,118,Organic,0,Promotion,Night,
4730,YouTube,Video,2024-11-29,12262,7721,6532,158,341,525,128,104,Organic,0,Awareness,Day,
4731,Facebook,Image,2025-08-25,3513,3052,988,138,358,495,8,164,Organic,0,Entertainment,Day,
4732,Instagram,Video,2021-08-05,14872,9274,3630,152,6,2756,254,103,Paid,1115,Motivation,Day,
4733,Instagram,Story,2023-03-01,16968,14992,7887,165,431,1044,44,7,Organic,0,Education,Day,
4734,YouTube,Reel,2024-08-19,6815,6087,1028,287,386,707,73,89,Paid,1883,Motivation,Day,
4735,YouTube,Story,2022-11-25,14094,12469,11142,26,216,2815,514,129,Organic,0,Motivation,Day,
4736,Instagram,Image,2022-12-13,13820,12560,1799,166,186,2081,71,142,Paid,625,Awareness,Night,
4737,Instagram,Image,2025-10-27,14627,14324,9169,298,456,3411,165,87,Organic,0,Entertainment,Night,
4738,YouTube,Image,2025-03-09,10880,6881,2055,208,327,981,215,29,Paid,2784,Awareness,Day,
4739,YouTube,Image,2022-10-05,1463,1226,238,36,112,291,47,72,Paid,4848,Promotion,Day,
4740,YouTube,Reel,2022-01-20,7784,7074,2136,190,476,1368,212,65,Organic,0,Entertainment,Day,
4741,Facebook,Image,2023-03-20,3445,3113,275,65,41,152,23,33,Paid,714,Entertainment,Night,
4742,Facebook,Story,2025-09-28,5761,5215,4571,198,296,1162,230,131,Paid,3635,Entertainment,Day,
4743,Facebook,Image,2023-09-14,16928,14689,12116,101,43,2491,538,23,Organic,0,Awareness,Night,
4744,YouTube,Image,2022-12-13,19731,15318,10272,26,133,1838,59,175,Organic,0,Motivation,Day,
4745,Instagram,Video,2022-01-05,7713,6219,3456,128,68,1168,93,78,Organic,0,Motivation,Day,
4746,Instagram,Image,2023-09-16,8702,5238,4803,5,56,246,17,65,Paid,890,Motivation,Day,
4747,Facebook,Video,2021-08-10,16986,13389,9349,257,441,834,249,175,Organic,0,Motivation,Day,
4748,Facebook,Story,2025-09-10,14934,10956,10933,177,115,1911,17,157,Organic,0,Motivation,Night,
4749,YouTube,Video,2021-12-22,13724,8270,6770,96,178,1720,153,24,Organic,0,Promotion,Day,
4750,Instagram,Image,2025-02-18,14670,12655,7451,191,200,844,164,52,Organic,0,Education,Day,
4751,YouTube,Video,2025-06-28,10480,7649,6547,152,450,2133,316,91,Paid,1605,Entertainment,Night,
4752,Facebook,Reel,2025-10-18,1275,1194,960,104,9,18,1,156,Paid,4139,Education,Day,
4753,Facebook,Reel,2025-04-20,8143,7966,5811,227,155,522,78,143,Organic,0,Promotion,Day,
4754,Facebook,Reel,2024-10-31,13482,9784,5595,211,41,1330,65,114,Organic,0,Motivation,Night,
4755,YouTube,Video,2021-01-27,4798,4018,2812,219,438,1054,77,32,Paid,750,Promotion,Day,
4756,Facebook,Video,2021-10-12,11797,11219,9210,171,102,2728,422,63,Organic,0,Promotion,Night,
4757,Facebook,Video,2021-12-02,3099,2069,1911,248,407,96,20,137,Organic,0,Education,Night,
4758,Instagram,Image,2023-05-19,1983,1403,468,200,333,326,50,55,Organic,0,Entertainment,Day,
4759,Facebook,Reel,2021-05-31,10952,10504,2594,212,487,717,129,153,Organic,0,Awareness,Day,
4760,YouTube,Reel,2021-01-21,11694,11238,11204,251,312,1146,172,16,Organic,0,Awareness,Day,
4761,YouTube,Image,2025-09-02,2613,1921,739,111,176,284,3,54,Paid,4454,Entertainment,Day,
4762,Facebook,Story,2021-11-15,7485,7220,6059,175,64,440,51,136,Organic,0,Motivation,Night,
4763,YouTube,Story,2023-07-14,15687,15053,777,127,27,2703,424,117,Paid,4105,Promotion,Day,
4764,YouTube,Image,2024-02-12,13096,11156,1098,64,358,2053,465,174,Organic,0,Motivation,Day,
4765,Facebook,Story,2025-10-06,14042,11126,8877,36,256,621,72,170,Organic,0,Promotion,Day,
4766,Facebook,Reel,2022-05-03,12650,8900,65,37,167,2455,517,157,Paid,221,Awareness,Day,
4767,Instagram,Story,2023-10-15,4958,3540,2352,45,125,956,226,18,Organic,0,Entertainment,Night,
4768,Instagram,Image,2022-12-22,14105,9158,5675,70,260,1672,438,36,Organic,0,Education,Night,
4769,Facebook,Story,2025-09-16,6456,4421,2202,288,341,792,27,143,Organic,0,Education,Night,
4770,Instagram,Story,2024-02-25,1776,1199,388,131,379,288,39,150,Organic,0,Entertainment,Night,
4771,Instagram,Video,2025-11-04,11480,10640,3894,277,274,1967,419,159,Paid,2092,Awareness,Day,
4772,Facebook,Video,2021-02-03,15317,12001,11584,298,435,2561,348,59,Organic,0,Promotion,Day,
4773,Facebook,Image,2022-12-11,3962,3805,3050,227,263,752,152,124,Paid,4874,Education,Day,
4774,Facebook,Reel,2025-03-30,7144,4866,3142,7,472,426,93,79,Organic,0,Awareness,Night,
4775,Facebook,Image,2021-11-12,4834,4086,125,212,196,583,22,25,Organic,0,Entertainment,Day,
4776,Instagram,Video,2022-04-16,4475,3835,2889,271,252,670,171,176,Paid,2190,Motivation,Night,
4777,Facebook,Reel,2021-01-02,18527,11456,476,114,474,1795,139,137,Paid,4517,Awareness,Night,
4778,YouTube,Video,2021-05-17,8034,7075,6212,295,316,410,120,91,Organic,0,Awareness,Night,
4779,YouTube,Image,2023-05-28,14989,12237,2685,8,102,3491,976,173,Organic,0,Motivation,Day,
4780,YouTube,Image,2023-10-28,15542,11156,5924,215,247,1209,128,63,Organic,0,Awareness,Day,
4781,Instagram,Story,2022-12-13,1031,853,502,146,429,51,0,93,Organic,0,Education,Day,
4782,YouTube,Story,2023-09-07,7350,6822,2135,200,419,835,125,154,Paid,1076,Education,Day,
4783,Instagram,Story,2021-06-05,15764,11106,9781,2,302,2461,249,87,Paid,3692,Education,Night,
4784,YouTube,Video,2025-03-09,12197,9534,5796,264,495,1743,507,69,Organic,0,Awareness,Night,
4785,YouTube,Story,2025-10-07,17469,13993,3479,48,69,1020,29,68,Paid,1154,Awareness,Night,
4786,Instagram,Story,2021-09-19,6770,5792,4057,260,458,1718,429,75,Organic,0,Awareness,Day,
4787,YouTube,Story,2023-11-23,2595,1623,28,46,399,288,41,8,Organic,0,Entertainment,Day,
4788,Instagram,Video,2024-05-30,10629,9539,669,13,36,500,80,147,Organic,0,Motivation,Night,
4789,Facebook,Story,2023-11-30,2821,1763,527,200,225,461,53,108,Paid,4685,Awareness,Day,
4790,Instagram,Reel,2023-10-14,8595,7740,6918,205,385,1265,372,154,Paid,2744,Motivation,Night,
4791,Instagram,Video,2024-05-22,19758,13754,3451,54,294,265,70,179,Organic,0,Promotion,Night,
4792,YouTube,Reel,2023-10-17,18404,13646,2350,55,102,3876,774,97,Organic,0,Education,Day,
4793,Facebook,Story,2024-09-14,1434,1218,358,183,322,150,8,178,Paid,3307,Entertainment,Night,
4794,YouTube,Reel,2024-09-05,3220,2144,1447,153,440,88,18,146,Organic,0,Motivation,Night,
4795,Instagram,Video,2024-03-28,1471,1182,371,160,289,85,21,152,Organic,0,Education,Day,
4796,YouTube,Reel,2022-04-13,15695,14507,9139,277,363,297,87,116,Paid,2173,Entertainment,Day,
4797,Instagram,Video,2023-03-09,15668,14965,10367,198,425,3430,958,165,Paid,4148,Education,Day,
4798,YouTube,Reel,2025-09-12,6417,5994,2537,8,331,1182,163,123,Organic,0,Awareness,Day,
4799,Facebook,Image,2022-03-23,7961,7086,2349,148,342,1926,563,63,Organic,0,Awareness,Night,
4800,YouTube,Image,2023-11-12,7370,4509,1956,82,353,1081,51,47,Organic,0,Education,Day,
4801,Facebook,Image,2024-06-30,19627,17219,279,92,197,1675,324,16,Organic,0,Entertainment,Night,
4802,YouTube,Image,2025-12-03,13513,10092,2005,178,477,2088,170,44,Paid,3745,Education,Day,
4803,YouTube,Video,2022-04-01,11122,7327,636,240,260,1334,60,122,Organic,0,Promotion,Night,
4804,Instagram,Image,2025-08-26,14597,9220,7410,252,36,1397,224,24,Paid,4406,Entertainment,Night,
4805,YouTube,Image,2021-05-01,5475,3837,1309,224,138,68,7,170,Organic,0,Entertainment,Night,
4806,Facebook,Video,2022-05-03,2097,1624,428,213,6,257,23,135,Organic,0,Education,Day,
4807,YouTube,Reel,2023-09-15,13388,11619,4362,241,339,2002,542,160,Organic,0,Motivation,Day,
4808,Instagram,Video,2025-03-18,6733,5587,1551,207,144,662,87,94,Paid,4374,Education,Day,
4809,Facebook,Story,2022-06-14,19880,18821,3104,158,161,3393,488,98,Organic,0,Motivation,Day,
4810,Instagram,Image,2021-12-30,8499,6952,5891,153,497,1459,391,17,Organic,0,Entertainment,Day,
4811,Instagram,Reel,2025-10-20,10737,10687,6869,293,495,2178,149,70,Organic,0,Awareness,Night,
4812,YouTube,Video,2021-08-02,2590,1784,644,221,243,533,93,41,Organic,0,Awareness,Day,
4813,Instagram,Video,2025-11-06,9180,8732,5239,235,219,951,278,70,Organic,0,Education,Day,
4814,Instagram,Video,2024-08-22,10399,9683,6778,272,4,2025,37,40,Organic,0,Motivation,Day,
4815,Facebook,Reel,2021-05-19,18845,12964,4246,222,165,2064,214,30,Organic,0,Education,Night,
4816,Instagram,Video,2023-11-09,2983,2152,1018,153,382,496,81,79,Organic,0,Promotion,Day,
4817,YouTube,Reel,2022-05-09,12275,10451,4001,153,319,830,176,112,Organic,0,Education,Day,
4818,YouTube,Story,2023-07-15,12782,8802,1263,162,442,1142,164,172,Organic,0,Education,Night,
4819,YouTube,Video,2023-04-05,12050,11084,10483,103,411,2172,136,47,Organic,0,Education,Day,
4820,YouTube,Image,2025-11-25,6445,4970,726,193,56,1386,378,154,Organic,0,Education,Night,
4821,Facebook,Image,2021-11-26,18214,17051,15161,128,246,3192,791,152,Organic,0,Motivation,Night,
4822,YouTube,Story,2021-02-20,14695,10290,4572,240,286,883,240,12,Paid,2117,Motivation,Day,
4823,YouTube,Reel,2023-12-15,15545,15488,15040,62,407,1518,211,33,Organic,0,Motivation,Day,
4824,Facebook,Reel,2021-07-04,6079,4379,1826,71,261,1171,143,44,Organic,0,Promotion,Night,
4825,YouTube,Story,2022-12-15,1031,1009,888,48,466,200,11,162,Organic,0,Promotion,Day,
4826,Instagram,Video,2023-01-24,17442,13418,8833,84,162,1124,174,132,Paid,3084,Education,Day,
4827,Instagram,Video,2021-06-25,18654,18544,1676,118,177,4340,489,88,Paid,3689,Motivation,Day,
4828,Facebook,Reel,2021-11-21,14183,10349,7063,243,97,114,12,120,Organic,0,Promotion,Day,
4829,Instagram,Image,2022-09-24,11694,9496,5902,226,51,2508,9,148,Organic,0,Awareness,Day,
4830,YouTube,Video,2024-09-01,14979,13113,3189,75,399,2392,447,178,Organic,0,Education,Night,
4831,Facebook,Image,2021-12-20,13015,8297,5140,197,149,2148,427,66,Paid,2996,Entertainment,Night,
4832,Facebook,Reel,2021-04-14,7891,5954,1727,10,295,897,197,11,Paid,3081,Motivation,Day,
4833,Facebook,Story,2021-12-29,6570,5422,3236,239,477,1114,224,49,Organic,0,Education,Day,
4834,YouTube,Reel,2023-03-24,7994,6405,134,283,150,428,19,159,Paid,3005,Education,Day,
4835,Facebook,Image,2021-11-19,13695,8560,2494,263,393,422,60,92,Paid,4280,Entertainment,Night,
4836,Facebook,Video,2022-10-01,1467,1121,1055,145,400,106,25,77,Organic,0,Awareness,Day,
4837,YouTube,Image,2024-07-17,17371,12726,3924,130,436,2338,82,167,Organic,0,Promotion,Day,
4838,YouTube,Video,2021-07-14,8293,7759,3180,210,120,141,14,41,Organic,0,Promotion,Night,
4839,Facebook,Story,2021-10-22,13299,11514,5944,162,156,732,192,123,Organic,0,Entertainment,Day,
4840,Facebook,Story,2023-12-29,3371,2616,1858,193,77,768,0,61,Paid,2965,Entertainment,Day,
4841,YouTube,Video,2025-04-14,6335,6155,4189,159,269,720,19,12,Organic,0,Promotion,Day,
4842,Instagram,Video,2025-02-06,14991,9647,985,93,443,149,24,99,Paid,4244,Awareness,Night,
4843,YouTube,Video,2024-04-25,13762,8307,7244,134,313,1213,214,121,Paid,2592,Awareness,Night,
4844,Facebook,Image,2025-08-13,11993,8827,2197,159,142,2093,108,114,Organic,0,Education,Night,
4845,Instagram,Story,2024-07-07,3378,2074,1308,240,447,426,99,24,Organic,0,Entertainment,Day,
4846,YouTube,Reel,2022-12-17,8236,5545,2243,78,459,155,27,128,Paid,366,Entertainment,Day,
4847,Instagram,Story,2022-02-04,7929,7928,6082,130,433,2149,585,57,Paid,3454,Entertainment,Night,
4848,YouTube,Image,2024-08-08,1458,1345,351,264,191,39,1,123,Paid,2085,Promotion,Night,
4849,Facebook,Video,2022-12-10,1785,1243,871,222,227,124,1,16,Organic,0,Promotion,Day,
4850,YouTube,Reel,2022-04-25,4089,2970,499,255,391,553,86,21,Organic,0,Promotion,Day,
4851,Instagram,Video,2023-01-01,3640,2705,699,288,470,466,81,68,Organic,0,Awareness,Night,
4852,Facebook,Reel,2025-03-24,19101,17153,5131,2,420,1358,149,46,Paid,3463,Promotion,Day,
4853,Instagram,Reel,2021-05-28,6895,6216,389,260,300,1375,281,98,Organic,0,Education,Day,
4854,Instagram,Video,2025-11-23,12606,8699,1969,80,213,453,112,161,Paid,3777,Promotion,Day,
4855,Instagram,Video,2025-10-09,15093,10416,7818,116,364,1368,23,151,Organic,0,Awareness,Night,
4856,Facebook,Story,2022-04-20,5452,4411,1954,27,126,1229,32,15,Paid,1419,Entertainment,Night,
4857,YouTube,Image,2025-03-28,6530,5414,2052,203,416,93,23,102,Organic,0,Education,Day,
4858,Instagram,Story,2023-11-02,5979,4568,387,118,246,1149,117,75,Organic,0,Awareness,Night,
4859,Facebook,Story,2024-05-05,13877,11232,2529,287,387,1052,107,112,Organic,0,Motivation,Day,
4860,YouTube,Image,2022-04-06,12677,11903,10495,130,420,78,6,62,Organic,0,Entertainment,Day,
4861,YouTube,Reel,2024-09-04,4146,3075,2419,23,263,569,105,38,Organic,0,Promotion,Day,
4862,Instagram,Image,2025-03-25,11463,7043,5413,54,171,1362,29,24,Organic,0,Awareness,Day,
4863,YouTube,Image,2021-09-14,1908,1466,999,87,53,60,17,54,Organic,0,Motivation,Night,
4864,Instagram,Image,2022-08-15,2944,1872,1172,118,290,494,64,106,Organic,0,Awareness,Day,
4865,Instagram,Story,2021-09-13,4513,4123,80,15,102,146,30,142,Paid,1617,Promotion,Day,
4866,Facebook,Story,2024-10-23,9395,7097,4341,202,168,1615,270,164,Organic,0,Awareness,Night,
4867,Instagram,Image,2022-08-25,16950,16349,6633,193,484,1704,490,56,Organic,0,Motivation,Day,
4868,Instagram,Video,2023-03-18,1160,922,785,149,435,69,7,19,Paid,4316,Awareness,Day,
4869,Facebook,Video,2021-01-14,16399,11996,8900,0,98,424,37,88,Organic,0,Education,Day,
4870,Facebook,Reel,2023-10-24,15298,13411,5825,67,404,2433,215,135,Paid,1078,Education,Night,
4871,YouTube,Story,2022-08-01,18481,16645,7076,297,126,4797,1280,41,Organic,0,Promotion,Day,
4872,Instagram,Story,2021-10-08,12960,8734,7915,225,191,1647,9,130,Organic,0,Motivation,Day,
4873,YouTube,Reel,2024-02-19,5338,4965,808,218,100,857,148,44,Organic,0,Motivation,Day,
4874,Instagram,Reel,2023-07-31,14119,12320,4286,283,34,2143,71,76,Organic,0,Motivation,Night,
4875,Instagram,Reel,2023-03-01,9142,6870,4995,263,117,999,249,44,Organic,0,Motivation,Night,
4876,Facebook,Story,2022-05-08,8215,4975,1111,203,21,428,91,60,Organic,0,Motivation,Day,
4877,YouTube,Image,2022-01-21,18102,16214,14412,121,148,4401,708,155,Organic,0,Entertainment,Night,
4878,Facebook,Image,2024-06-22,1989,1288,623,233,500,43,4,108,Organic,0,Awareness,Night,
4879,Facebook,Image,2024-10-08,11782,9299,7589,18,141,2004,206,143,Organic,0,Motivation,Night,
4880,YouTube,Story,2023-12-30,2305,1972,746,199,500,427,117,114,Organic,0,Education,Night,
4881,Facebook,Image,2022-04-23,12022,11923,1541,16,339,1963,461,140,Organic,0,Awareness,Day,
4882,Instagram,Reel,2022-12-04,7572,7357,7348,205,277,1027,10,97,Organic,0,Promotion,Night,
4883,YouTube,Image,2022-08-24,4164,2602,1285,219,319,531,5,98,Organic,0,Promotion,Night,
4884,Facebook,Reel,2023-08-29,10106,9710,1705,257,338,878,16,60,Organic,0,Motivation,Day,
4885,Facebook,Image,2024-10-19,17588,14290,9440,51,198,3718,139,64,Organic,0,Entertainment,Day,
4886,Instagram,Reel,2022-04-20,11494,11043,5049,35,60,1894,185,142,Organic,0,Entertainment,Day,
4887,Facebook,Image,2023-06-20,2050,1500,920,56,481,275,42,43,Organic,0,Awareness,Night,
4888,YouTube,Video,2024-11-22,5764,5035,4532,73,430,671,122,32,Organic,0,Entertainment,Night,
4889,Facebook,Story,2025-04-02,4855,3253,2656,84,132,869,251,53,Organic,0,Promotion,Day,
4890,Facebook,Image,2021-05-12,19921,19777,846,271,149,5519,1192,168,Organic,0,Motivation,Night,
4891,Instagram,Story,2024-02-22,4274,4036,791,238,365,712,173,129,Organic,0,Education,Night,
4892,YouTube,Image,2022-07-24,8435,5313,3410,104,63,1446,406,17,Organic,0,Promotion,Night,
4893,Instagram,Video,2023-04-07,18354,13640,8078,63,222,1509,289,40,Organic,0,Promotion,Day,
4894,Facebook,Story,2022-07-09,9370,6667,18,2,30,1121,48,105,Organic,0,Awareness,Day,
4895,Instagram,Video,2023-01-27,9904,6090,1220,122,396,1606,227,30,Paid,2022,Entertainment,Night,
4896,YouTube,Image,2022-10-02,5031,3122,2487,248,81,744,108,90,Paid,1471,Education,Day,
4897,Facebook,Story,2021-12-28,14471,12975,12274,156,78,3033,165,8,Organic,0,Education,Day,
4898,Facebook,Image,2022-06-14,15858,11202,9432,76,458,3041,273,86,Organic,0,Entertainment,Day,
4899,Facebook,Reel,2023-09-11,13282,8910,6734,208,323,2629,610,170,Organic,0,Motivation,Night,
4900,Instagram,Reel,2023-11-08,11541,9183,7935,34,466,1824,375,131,Paid,1759,Entertainment,Day,
4901,Facebook,Reel,2025-03-06,2960,2436,1452,28,407,192,37,92,Organic,0,Motivation,Day,
4902,Facebook,Story,2021-09-04,15095,14735,3195,205,1,4059,941,131,Paid,2128,Education,Day,
4903,YouTube,Story,2024-12-05,4500,3673,250,80,179,592,57,124,Organic,0,Awareness,Day,
4904,YouTube,Video,2021-09-05,13354,8494,6701,203,433,191,18,26,Organic,0,Promotion,Night,
4905,YouTube,Image,2023-09-11,17194,14124,1810,79,451,2884,151,134,Organic,0,Education,Day,
4906,Instagram,Reel,2023-06-19,15676,14120,12145,166,4,3839,210,35,Organic,0,Education,Day,
4907,YouTube,Video,2023-07-29,14449,11090,4818,107,262,730,178,123,Organic,0,Education,Day,
4908,Instagram,Image,2025-01-13,18948,16521,13029,69,477,824,124,15,Organic,0,Promotion,Day,
4909,Instagram,Story,2025-02-20,6503,5696,2019,36,202,70,4,50,Organic,0,Motivation,Night,
4910,Instagram,Image,2023-11-12,8606,7516,2234,247,64,273,40,100,Paid,3392,Awareness,Night,
4911,Instagram,Reel,2023-02-26,11992,10623,734,104,223,221,36,14,Organic,0,Awareness,Day,
4912,Facebook,Story,2022-10-18,1702,1421,67,94,201,355,13,172,Organic,0,Awareness,Day,
4913,Facebook,Image,2024-12-07,3119,2357,927,47,442,263,3,132,Organic,0,Motivation,Day,
4914,Instagram,Image,2023-02-26,5425,3888,1662,165,146,113,27,156,Paid,3727,Entertainment,Day,
4915,YouTube,Video,2022-07-23,1139,849,708,210,500,59,5,103,Paid,540,Entertainment,Night,
4916,Facebook,Reel,2022-04-04,19520,13985,8201,222,467,1812,342,176,Organic,0,Awareness,Day,
4917,Facebook,Video,2023-01-19,3401,2995,982,265,16,563,3,116,Organic,0,Education,Night,
4918,YouTube,Image,2021-08-26,11909,10856,7267,285,387,918,95,64,Organic,0,Education,Night,
4919,Instagram,Reel,2022-11-12,19353,14763,6697,56,161,2429,365,91,Organic,0,Promotion,Day,
4920,Instagram,Story,2025-02-14,4904,3003,2038,4,186,451,2,149,Organic,0,Entertainment,Night,
4921,Facebook,Image,2023-03-28,6126,5204,2186,148,47,73,17,69,Paid,2498,Education,Night,
4922,Facebook,Image,2024-04-16,5151,3872,2686,88,477,703,172,61,Organic,0,Awareness,Day,
4923,Instagram,Reel,2025-11-26,11419,10104,5138,220,12,2444,154,110,Organic,0,Promotion,Night,
4924,Facebook,Story,2022-11-17,2146,1679,128,187,44,331,23,13,Organic,0,Entertainment,Night,
4925,Instagram,Video,2024-11-23,16812,16643,6578,243,449,4811,914,26,Paid,4120,Promotion,Day,
4926,YouTube,Reel,2022-03-23,18071,12893,7443,101,136,2408,342,145,Organic,0,Education,Night,
4927,YouTube,Video,2024-08-16,9230,8844,8069,216,352,1369,271,93,Organic,0,Awareness,Night,
4928,Instagram,Video,2022-07-05,6226,4193,3249,141,349,404,120,22,Organic,0,Awareness,Day,
4929,Instagram,Story,2024-12-04,13343,8635,4067,77,415,1310,76,119,Organic,0,Awareness,Day,
4930,Facebook,Video,2021-03-22,5624,3896,9,54,138,535,115,172,Paid,2433,Education,Night,
4931,Facebook,Image,2024-04-08,18302,16641,2369,285,274,885,85,149,Organic,0,Motivation,Day,
4932,Facebook,Story,2024-02-12,9928,6134,2017,229,393,1585,430,147,Paid,1887,Awareness,Day,
4933,YouTube,Image,2023-11-22,10897,7516,6177,127,4,556,102,110,Organic,0,Motivation,Day,
4934,Facebook,Video,2023-11-21,1465,1412,675,260,21,9,1,19,Organic,0,Awareness,Day,
4935,YouTube,Story,2022-01-30,18907,12333,11671,12,174,1096,8,67,Paid,1050,Motivation,Night,
4936,Instagram,Reel,2022-11-26,2092,1821,698,265,368,115,3,171,Organic,0,Entertainment,Day,
4937,YouTube,Reel,2022-01-13,15159,13939,1122,49,210,311,81,17,Organic,0,Entertainment,Day,
4938,YouTube,Video,2021-02-15,14593,13411,2633,148,463,1242,214,85,Organic,0,Awareness,Night,
4939,Instagram,Reel,2025-05-08,15095,12727,8285,58,76,3397,432,36,Organic,0,Promotion,Night,
4940,YouTube,Video,2023-03-24,12361,12052,7488,136,318,2145,194,141,Organic,0,Promotion,Night,
4941,Facebook,Story,2024-04-12,17687,17358,2452,88,199,4587,539,44,Paid,3974,Education,Day,
4942,YouTube,Reel,2021-01-01,1147,1129,161,132,381,296,19,152,Paid,1611,Entertainment,Night,
4943,Facebook,Video,2023-10-12,15179,12133,6874,200,181,1709,362,86,Organic,0,Entertainment,Night,
4944,Instagram,Story,2021-02-16,17088,14448,13915,29,155,790,54,81,Organic,0,Promotion,Day,
4945,YouTube,Image,2024-08-22,8704,7275,2217,180,20,1622,148,80,Organic,0,Awareness,Night,
4946,Instagram,Reel,2025-12-03,18313,14145,13013,66,393,1181,288,176,Organic,0,Education,Day,
4947,Instagram,Image,2021-10-30,5164,4024,1579,130,48,47,7,42,Organic,0,Entertainment,Day,
4948,Facebook,Story,2022-03-22,7106,5955,2974,250,128,202,57,75,Organic,0,Education,Night,
4949,Facebook,Video,2023-10-30,11505,11360,11269,165,437,1625,60,52,Organic,0,Entertainment,Day,
4950,YouTube,Reel,2022-10-02,17515,12148,6045,138,324,2361,251,22,Organic,0,Motivation,Night,
4951,Instagram,Story,2024-08-01,10150,9532,9250,279,475,576,172,148,Organic,0,Motivation,Day,
4952,Instagram,Image,2021-02-01,17709,11648,6109,195,313,2414,176,43,Organic,0,Education,Night,
4953,Instagram,Reel,2024-05-09,7427,5184,3755,223,352,758,170,93,Paid,1196,Promotion,Day,
4954,YouTube,Video,2024-01-09,6348,4376,1425,240,174,491,106,66,Organic,0,Promotion,Day,
4955,Facebook,Story,2022-02-26,8559,6176,2778,240,427,251,68,145,Organic,0,Entertainment,Day,
4956,YouTube,Video,2025-05-24,19383,18356,2881,232,254,268,20,113,Organic,0,Motivation,Day,
4957,Facebook,Story,2021-09-24,3643,3573,1486,9,68,54,13,85,Organic,0,Motivation,Night,
4958,Instagram,Image,2022-08-10,13667,13611,3657,186,341,3106,585,138,Organic,0,Education,Night,
4959,Facebook,Story,2025-09-15,7997,5934,5705,126,318,195,56,81,Organic,0,Education,Day,
4960,Facebook,Video,2022-05-04,3399,2101,1766,218,494,222,23,94,Paid,1275,Promotion,Day,
4961,Instagram,Image,2023-05-20,16357,14508,12200,131,240,409,113,18,Organic,0,Promotion,Day,
4962,YouTube,Video,2024-12-30,16796,15368,10844,31,151,1112,26,99,Organic,0,Promotion,Night,
4963,YouTube,Image,2022-05-28,1050,912,866,285,88,117,32,58,Organic,0,Awareness,Day,
4964,Instagram,Image,2024-01-24,13919,8497,7793,177,329,347,82,136,Paid,4194,Motivation,Day,
4965,YouTube,Story,2021-10-19,8264,5729,1734,115,481,1529,144,43,Paid,2192,Motivation,Day,
4966,Instagram,Image,2023-01-08,5249,3697,1847,92,233,540,32,76,Paid,3695,Education,Day,
4967,Instagram,Video,2024-10-13,15948,11634,2700,54,337,1483,228,29,Organic,0,Motivation,Day,
4968,YouTube,Story,2021-07-10,18077,15151,8623,158,221,2820,191,81,Paid,4504,Education,Day,
4969,Facebook,Reel,2022-01-24,2141,1516,1192,202,364,364,48,164,Organic,0,Awareness,Day,
4970,Instagram,Reel,2025-11-24,18505,15110,13292,8,388,4440,1035,170,Organic,0,Promotion,Day,
4971,Facebook,Reel,2024-07-05,10350,9995,6037,257,405,1356,352,124,Paid,4633,Awareness,Day,
4972,Instagram,Reel,2021-04-25,11193,10377,9662,90,269,3083,486,57,Paid,2069,Promotion,Day,
4973,Instagram,Story,2021-11-04,12152,9268,6673,41,436,535,13,160,Organic,0,Promotion,Day,
4974,Facebook,Image,2023-04-23,14752,14689,10565,231,268,3884,593,135,Organic,0,Education,Day,
4975,Instagram,Reel,2023-11-25,3236,3005,2939,212,382,779,145,154,Organic,0,Promotion,Night,
4976,Facebook,Story,2024-06-20,3569,2601,1343,299,69,587,83,100,Organic,0,Awareness,Night,
4977,Instagram,Reel,2025-03-13,3118,2105,940,170,492,573,85,170,Organic,0,Entertainment,Night,
4978,Instagram,Image,2022-03-14,2692,1793,1169,216,70,287,58,76,Paid,3428,Education,Day,
4979,Facebook,Image,2025-05-21,14140,14011,13609,180,149,1611,258,66,Organic,0,Promotion,Night,
4980,Instagram,Video,2024-10-22,19439,19393,15685,283,321,5097,1010,10,Paid,3455,Promotion,Day,
4981,Facebook,Video,2024-02-01,6036,4174,190,15,49,41,0,36,Paid,2671,Motivation,Day,
4982,Instagram,Video,2024-09-29,9372,6351,3236,93,163,1033,208,103,Organic,0,Education,Day,
4983,Instagram,Video,2024-04-15,3811,2945,1037,298,392,500,82,142,Paid,4233,Education,Day,
4984,Facebook,Video,2021-07-21,2400,2018,1359,261,4,407,56,135,Organic,0,Awareness,Day,
4985,Facebook,Image,2022-12-25,1051,995,921,93,139,135,40,80,Organic,0,Entertainment,Day,
4986,Facebook,Image,2025-12-01,6132,4393,3469,178,360,990,150,63,Organic,0,Awareness,Day,
4987,YouTube,Story,2025-10-14,5210,4344,941,233,63,1057,101,35,Organic,0,Awareness,Night,
4988,YouTube,Reel,2021-05-11,16228,11008,4194,105,388,3043,339,97,Paid,1997,Awareness,Night,
4989,Instagram,Image,2023-08-07,8700,6561,5569,247,254,475,110,73,Paid,531,Entertainment,Night,
4990,Instagram,Image,2023-03-06,15558,11076,5286,24,105,1026,66,56,Organic,0,Awareness,Day,
4991,Facebook,Image,2024-08-18,3280,1986,1227,47,131,306,90,93,Paid,467,Education,Night,
4992,Facebook,Reel,2024-07-13,1033,859,522,15,489,244,9,131,Organic,0,Entertainment,Night,
4993,YouTube,Image,2024-05-06,14531,9417,4328,201,201,2704,590,173,Paid,272,Promotion,Night,
4994,YouTube,Video,2023-08-30,14510,13655,7527,61,384,4075,559,35,Organic,0,Motivation,Day,
4995,Instagram,Reel,2023-03-10,6579,5134,413,111,78,471,94,88,Organic,0,Motivation,Night,
4996,Instagram,Reel,2024-03-19,12411,9061,5937,166,272,1584,433,131,Organic,0,Education,Day,
4997,Instagram,Video,2022-02-28,15597,15318,7775,286,388,3110,501,154,Organic,0,Motivation,Day,
4998,Facebook,Reel,2021-12-27,4067,3968,2672,152,415,113,31,136,Organic,0,Motivation,Day,
4999,Facebook,Video,2025-03-15,16114,12830,3005,193,45,1097,212,17,Paid,971,Motivation,Night,
5000,Facebook,Reel,2023-04-10,9529,8213,1758,293,202,838,168,49,Organic,0,Promotion,Day,
5001,Instagram,Story,2024-11-30,6768,5867,1826,297,444,683,100,131,Paid,4695,Motivation,Day,
5002,Facebook,Story,2024-07-13,2253,1948,805,205,111,326,8,174,Paid,469,Awareness,Night,
5003,YouTube,Video,2023-03-10,1540,987,811,27,183,201,12,118,Organic,0,Education,Day,
5004,Facebook,Image,2023-07-02,3530,2914,2654,28,446,265,7,24,Organic,0,Education,Night,
5005,Facebook,Story,2022-02-23,10845,10614,3201,243,383,442,23,85,Paid,3952,Education,Night,
5006,Instagram,Reel,2021-11-24,9072,7918,6270,162,297,1702,186,168,Organic,0,Promotion,Day,
5007,Facebook,Video,2023-08-19,18829,14512,5482,184,152,3609,943,133,Organic,0,Promotion,Day,
5008,YouTube,Image,2021-07-02,17935,15616,9977,49,166,302,60,147,Organic,0,Motivation,Day,
5009,Facebook,Reel,2021-04-12,10582,7848,4701,126,111,1958,9,21,Organic,0,Awareness,Night,
5010,Facebook,Reel,2023-11-10,4436,3095,1929,134,215,131,25,156,Paid,2322,Motivation,Night,
5011,Facebook,Story,2023-06-09,1645,1147,155,184,255,32,3,62,Organic,0,Education,Day,
5012,Facebook,Video,2025-02-28,16795,10761,8622,136,88,2839,138,76,Organic,0,Awareness,Day,
5013,Instagram,Video,2025-06-20,13268,8477,7748,223,341,2418,361,113,Organic,0,Education,Day,
5014,YouTube,Reel,2021-11-17,12946,10519,6039,185,452,2285,614,27,Paid,2401,Awareness,Night,
5015,YouTube,Image,2024-09-30,5248,4471,1597,2,401,1139,251,178,Paid,3489,Entertainment,Day,
5016,YouTube,Reel,2024-05-30,5959,4180,2923,73,278,1120,90,76,Organic,0,Promotion,Day,
5017,Instagram,Reel,2021-08-01,15379,13545,5746,209,153,2508,509,12,Organic,0,Promotion,Night,
5018,Instagram,Image,2024-09-22,16873,11406,4359,211,141,1681,269,63,Organic,0,Education,Day,
5019,YouTube,Reel,2024-11-02,12794,10305,1682,5,472,138,29,115,Organic,0,Education,Day,
5020,YouTube,Video,2024-11-02,5027,4143,3933,161,206,723,185,17,Organic,0,Entertainment,Night,
5021,YouTube,Video,2024-01-17,11174,9576,5243,271,5,104,21,171,Paid,606,Motivation,Day,
5022,Facebook,Image,2024-02-13,4567,2743,1992,251,411,575,164,160,Organic,0,Awareness,Day,
5023,Facebook,Reel,2021-06-12,9519,6749,3658,272,415,1023,222,20,Organic,0,Entertainment,Night,
5024,Instagram,Story,2025-08-27,18958,14870,6367,169,124,3087,198,123,Paid,476,Entertainment,Day,
5025,Instagram,Image,2023-06-26,8184,5868,1874,101,487,615,113,6,Organic,0,Education,Night,
5026,Facebook,Image,2025-06-13,16712,14755,14623,87,257,1211,79,149,Organic,0,Education,Night,
5027,YouTube,Reel,2021-01-02,4750,4111,3972,148,105,152,22,34,Organic,0,Motivation,Night,
5028,Instagram,Story,2022-05-17,19003,18659,1647,165,493,5233,1021,107,Organic,0,Motivation,Night,
5029,Instagram,Video,2021-01-18,6393,4307,2068,242,66,1229,148,17,Paid,660,Education,Night,
5030,Facebook,Image,2025-11-06,14654,9008,2684,38,138,2557,489,100,Organic,0,Promotion,Day,
5031,Instagram,Image,2022-04-29,12645,12399,263,292,272,1993,461,98,Organic,0,Motivation,Day,
5032,Instagram,Image,2023-06-19,11390,7774,5903,118,199,2280,95,86,Organic,0,Entertainment,Day,
5033,Facebook,Story,2023-06-23,15281,12156,8584,230,412,839,157,17,Paid,3717,Education,Night,
5034,Facebook,Story,2024-10-30,10812,10631,5934,231,59,3061,609,175,Organic,0,Awareness,Day,
5035,Facebook,Story,2024-06-07,9019,5874,2149,135,490,1637,323,98,Organic,0,Awareness,Day,
5036,Facebook,Story,2025-09-26,13789,8801,2966,173,245,1782,248,153,Paid,2939,Promotion,Night,
5037,YouTube,Image,2022-07-23,9223,7488,5244,80,40,1952,494,116,Organic,0,Education,Day,
5038,Instagram,Image,2023-11-22,5640,4294,3024,196,462,1039,140,59,Paid,1525,Entertainment,Night,
5039,Facebook,Image,2025-03-29,3382,3300,1360,191,252,83,17,85,Organic,0,Promotion,Day,
5040,YouTube,Video,2025-02-05,18624,18123,932,30,165,1809,129,172,Organic,0,Entertainment,Day,
5041,YouTube,Image,2025-02-23,1402,1168,471,194,164,146,22,120,Organic,0,Awareness,Day,
5042,Facebook,Video,2022-10-23,19039,14407,9365,114,141,2329,33,147,Organic,0,Entertainment,Day,
5043,Facebook,Image,2021-09-15,10925,8069,844,68,96,1189,209,112,Organic,0,Awareness,Day,
5044,Instagram,Story,2025-05-06,8677,6217,1939,103,190,1809,56,57,Organic,0,Motivation,Day,
5045,Instagram,Video,2023-08-26,7381,7351,4672,202,415,1509,313,132,Organic,0,Awareness,Day,
5046,YouTube,Image,2024-12-12,6125,5738,0,268,250,380,93,162,Organic,0,Awareness,Night,
5047,Facebook,Reel,2023-08-22,19354,15616,12751,243,97,2664,648,165,Organic,0,Promotion,Day,
5048,Instagram,Image,2024-04-19,16239,13223,3596,297,328,1013,24,61,Paid,2532,Promotion,Night,
5049,Instagram,Image,2025-09-28,17890,16671,892,291,255,2025,447,56,Organic,0,Education,Night,
5050,YouTube,Video,2022-11-18,19657,15878,11241,149,142,4122,667,141,Paid,3468,Education,Day,
5051,Instagram,Reel,2024-05-15,12920,8131,7742,13,351,1817,143,115,Organic,0,Awareness,Day,
5052,YouTube,Reel,2024-12-26,3676,2240,1657,182,75,452,59,5,Organic,0,Motivation,Day,
5053,Instagram,Reel,2022-08-17,15701,13653,257,170,318,1297,176,48,Organic,0,Education,Night,
5054,YouTube,Video,2023-10-21,10970,7224,3758,226,163,1438,217,79,Paid,1779,Awareness,Night,
5055,Facebook,Story,2022-07-24,7661,6988,4535,46,366,1811,168,102,Paid,1168,Promotion,Day,
5056,Facebook,Story,2024-10-06,19122,15244,117,253,168,280,64,13,Organic,0,Education,Day,
5057,YouTube,Image,2023-01-17,11335,8443,5549,244,72,2255,2,36,Paid,2233,Education,Night,
5058,Instagram,Video,2021-03-10,15332,13471,5721,42,408,888,189,19,Organic,0,Awareness,Night,
5059,Instagram,Reel,2023-05-01,7222,4519,531,65,273,837,155,144,Organic,0,Awareness,Day,
5060,Facebook,Image,2022-05-12,4498,3348,3200,14,423,397,70,140,Paid,4321,Entertainment,Day,
5061,Instagram,Reel,2022-04-05,7001,6180,914,147,491,1771,341,76,Paid,1279,Entertainment,Day,
5062,Instagram,Video,2022-04-02,19792,13272,7855,123,1,1270,43,159,Paid,836,Motivation,Night,
5063,Facebook,Story,2021-03-14,14962,14617,8694,110,17,1574,289,16,Organic,0,Education,Night,
5064,Instagram,Video,2022-02-23,14369,13202,6936,226,82,1068,256,69,Organic,0,Entertainment,Day,
5065,Facebook,Image,2022-11-20,7519,6705,376,204,243,808,108,111,Organic,0,Awareness,Day,
5066,Instagram,Image,2024-03-01,16753,13093,12855,124,376,3825,716,46,Organic,0,Education,Night,
5067,Instagram,Image,2021-01-07,11719,9411,7887,66,181,411,103,119,Paid,1068,Entertainment,Night,
5068,Facebook,Video,2022-11-04,1391,1134,52,276,466,20,1,143,Organic,0,Motivation,Day,
5069,YouTube,Story,2021-11-06,11490,9559,7936,257,149,2165,458,107,Organic,0,Motivation,Day,
5070,Facebook,Video,2021-04-06,12789,11544,2505,147,481,2577,152,175,Organic,0,Motivation,Day,
5071,Instagram,Video,2021-06-25,4740,2877,1912,155,296,812,73,99,Organic,0,Motivation,Day,
5072,Facebook,Video,2021-01-29,9018,5888,3507,58,44,831,97,21,Organic,0,Awareness,Day,
5073,YouTube,Reel,2023-06-14,12248,10352,4661,8,360,2579,391,164,Organic,0,Motivation,Day,
5074,YouTube,Story,2021-03-28,10027,7820,2750,282,154,1459,23,89,Paid,4814,Promotion,Night,
5075,YouTube,Image,2021-10-10,2111,1922,47,207,447,567,150,172,Organic,0,Motivation,Night,
5076,Instagram,Story,2023-02-27,19700,16923,7929,170,223,304,83,155,Paid,2135,Entertainment,Day,
5077,Facebook,Image,2022-04-07,12412,11593,3459,287,111,166,43,3465,Organic,0,Education,Night,
5078,YouTube,Story,2025-11-19,14220,10931,5944,166,394,1995,143,138,Organic,0,Entertainment,Night,
5079,Facebook,Reel,2021-03-20,17711,16719,7723,178,33,796,124,90,Organic,0,Education,Day,
5080,Facebook,Image,2024-08-17,10725,7942,3288,126,343,1067,139,106,Paid,486,Awareness,Night,
5081,Instagram,Story,2021-03-13,2154,2080,867,280,9,41,11,169,Organic,0,Education,Day,
5082,Facebook,Image,2025-06-25,9953,8844,8123,84,431,2253,556,58,Organic,0,Promotion,Night,
5083,Facebook,Image,2024-11-08,11360,7671,896,224,26,1235,5,119,Organic,0,Motivation,Day,
5084,YouTube,Image,2022-03-08,19501,16447,455,256,495,4112,917,143,Organic,0,Entertainment,Day,
5085,Facebook,Video,2023-12-29,4791,4691,1825,9,117,815,104,92,Paid,3001,Education,Day,
5086,Facebook,Reel,2021-08-11,18877,13734,9003,49,186,3110,617,53,Paid,1192,Entertainment,Day,
5087,Instagram,Image,2022-10-29,2790,1881,788,78,189,390,32,153,Organic,0,Motivation,Day,
5088,Instagram,Reel,2025-11-09,15391,11131,6909,55,65,457,39,119,Organic,0,Awareness,Night,
5089,Instagram,Reel,2023-07-16,15462,12573,2650,299,181,2430,512,67,Paid,1075,Motivation,Night,
5090,Instagram,Story,2023-09-28,17324,16880,1216,284,30,4787,632,108,Organic,0,Awareness,Day,
5091,Instagram,Reel,2021-09-03,19483,16993,7224,45,388,4141,924,87,Organic,0,Entertainment,Day,
5092,Instagram,Reel,2021-03-17,12037,11285,6269,42,135,385,54,107,Organic,0,Awareness,Night,
5093,YouTube,Story,2022-11-13,9273,7397,2150,53,189,358,53,160,Organic,0,Awareness,Day,
5094,Facebook,Reel,2022-12-08,7073,6004,4911,212,378,535,72,21,Organic,0,Awareness,Day,
5095,Facebook,Video,2024-09-13,10365,9242,3591,237,285,1052,44,10,Paid,4409,Awareness,Night,
5096,Instagram,Reel,2025-08-24,2459,1735,42,96,415,518,124,151,Organic,0,Awareness,Night,
5097,Facebook,Image,2022-05-20,18943,17983,10658,84,159,1575,227,32,Organic,0,Education,Night,
5098,Facebook,Image,2021-01-05,6689,5959,2304,61,159,1372,213,42,Paid,1207,Awareness,Day,
5099,YouTube,Reel,2022-07-08,15305,11325,7132,63,97,3124,914,123,Organic,0,Awareness,Day,
5100,Instagram,Story,2022-10-29,12544,9092,6314,44,285,1156,79,41,Organic,0,Motivation,Night,
5101,YouTube,Reel,2025-08-30,7470,5069,4369,130,480,881,78,119,Organic,0,Motivation,Night,
5102,YouTube,Video,2022-12-07,5026,4782,4715,180,139,1408,184,72,Organic,0,Motivation,Night,
5103,YouTube,Story,2022-11-26,5342,4687,3292,277,257,289,61,47,Paid,3924,Awareness,Day,
5104,Facebook,Reel,2025-12-01,3023,2858,2855,6,224,280,82,168,Paid,4613,Motivation,Night,
5105,YouTube,Reel,2023-03-13,6123,5601,2513,16,354,147,9,62,Organic,0,Education,Day,
5106,YouTube,Reel,2023-12-21,7040,6913,1240,208,240,867,250,17,Paid,3934,Entertainment,Day,
5107,Instagram,Reel,2021-11-13,6189,5561,3676,228,468,506,62,56,Organic,0,Motivation,Day,
5108,Facebook,Story,2025-12-12,15075,12641,8300,260,440,1193,222,62,Paid,4709,Motivation,Night,
5109,Instagram,Image,2024-01-06,5050,4219,2410,298,351,599,98,36,Organic,0,Education,Day,
5110,Facebook,Reel,2024-05-28,5949,5924,597,103,213,592,68,109,Organic,0,Promotion,Day,
5111,Facebook,Image,2021-11-18,17023,13052,6698,258,133,2609,506,87,Organic,0,Promotion,Night,
5112,Facebook,Image,2023-04-09,1149,1040,899,256,107,169,14,103,Organic,0,Education,Day,
5113,YouTube,Reel,2023-03-24,7118,4400,879,247,230,391,9,108,Organic,0,Motivation,Day,
5114,YouTube,Reel,2021-03-26,1485,1240,387,102,52,124,19,32,Organic,0,Entertainment,Night,
5115,Instagram,Image,2021-08-04,11449,7654,2290,276,418,2097,16,133,Paid,1395,Motivation,Night,
5116,Facebook,Video,2021-10-04,1371,983,889,61,446,127,27,174,Organic,0,Education,Day,
5117,YouTube,Story,2021-05-28,8277,7017,2261,123,288,1496,99,52,Paid,707,Education,Night,
5118,YouTube,Story,2023-09-20,16860,14573,13256,44,440,772,92,44,Organic,0,Awareness,Day,
5119,Instagram,Video,2023-02-13,11404,7533,4096,215,433,88,21,101,Organic,0,Education,Night,
5120,YouTube,Story,2022-12-25,7008,5169,3253,19,486,1465,194,118,Paid,3825,Awareness,Night,
5121,YouTube,Story,2025-07-17,5625,5055,4050,282,327,1337,89,136,Organic,0,Education,Day,
5122,Facebook,Reel,2024-07-31,5319,3783,3558,218,492,689,26,170,Paid,4959,Awareness,Night,
5123,Instagram,Reel,2021-03-30,4253,4173,532,30,271,501,86,159,Paid,3837,Awareness,Day,
5124,Instagram,Image,2025-11-10,10472,6554,5337,9,202,158,20,141,Organic,0,Motivation,Day,
5125,Facebook,Image,2024-03-01,5454,5416,5263,181,94,131,2,115,Organic,0,Awareness,Night,
5126,YouTube,Reel,2023-02-06,14849,13258,6860,282,47,1620,214,148,Organic,0,Promotion,Day,
5127,Instagram,Video,2021-08-21,13823,12857,7250,115,241,3809,335,80,Organic,0,Education,Day,
5128,Instagram,Reel,2021-06-19,7421,4672,146,99,316,1076,232,35,Organic,0,Entertainment,Day,
5129,Facebook,Image,2022-11-30,1328,954,181,203,407,13,0,123,Paid,3627,Education,Day,
5130,Facebook,Story,2021-12-30,2296,1870,1008,146,262,7,2,146,Organic,0,Motivation,Night,
5131,Facebook,Reel,2025-01-06,11694,10693,1034,118,86,2554,535,29,Organic,0,Motivation,Night,
5132,Instagram,Reel,2025-12-28,16133,11550,2501,106,88,2182,120,38,Organic,0,Awareness,Day,
5133,Instagram,Story,2021-12-24,5429,5114,304,57,151,1373,347,71,Paid,4724,Motivation,Day,
5134,Instagram,Story,2025-04-28,9153,7746,1922,43,259,1211,250,156,Organic,0,Motivation,Day,
5135,Instagram,Image,2024-05-14,18596,14448,8946,26,29,2550,369,122,Organic,0,Education,Day,
5136,Instagram,Reel,2022-07-07,16582,15103,6550,210,306,1422,377,618,Organic,0,Promotion,Day,
5137,Facebook,Story,2023-01-07,18145,12870,10622,8,143,1958,358,30,Paid,3696,Promotion,Day,
5138,Instagram,Video,2023-10-07,12016,11666,223,255,382,999,276,152,Paid,3788,Awareness,Day,
5139,Facebook,Reel,2021-04-22,16229,9993,1893,227,404,2527,595,108,Organic,0,Motivation,Night,
5140,Instagram,Video,2025-04-18,5745,3836,1158,98,107,159,14,14,Paid,4932,Motivation,Night,
5141,Facebook,Image,2023-02-07,8748,5698,4756,215,135,1651,387,71,Organic,0,Promotion,Night,
5142,Instagram,Video,2022-10-02,1602,1079,185,102,471,24,1,156,Paid,3494,Awareness,Night,
5143,Instagram,Reel,2025-10-06,7841,6042,1426,196,27,380,0,9,Organic,0,Motivation,Day,
5144,Instagram,Reel,2025-03-03,19580,13444,12460,197,204,316,49,31,Organic,0,Awareness,Night,
5145,Instagram,Video,2021-07-13,8429,6003,4503,79,97,239,48,117,Organic,0,Education,Night,
5146,Facebook,Image,2021-06-25,4453,2686,495,298,151,65,15,19,Organic,0,Motivation,Night,
5147,Instagram,Video,2021-04-05,11368,10630,9891,293,185,3024,256,167,Paid,4172,Motivation,Day,
5148,YouTube,Video,2024-12-24,1945,1734,1723,170,211,75,19,109,Organic,0,Motivation,Night,
5149,Instagram,Reel,2021-11-19,15449,11175,5976,188,44,2611,366,48,Paid,2668,Promotion,Night,
5150,YouTube,Story,2023-01-11,16461,16427,3585,122,333,3540,488,30,Organic,0,Promotion,Day,
5151,Facebook,Image,2025-07-10,1921,1305,980,50,27,360,23,179,Organic,0,Motivation,Night,
5152,YouTube,Reel,2023-05-18,14004,11795,4830,297,85,1337,380,1435,Organic,0,Motivation,Day,
5153,Instagram,Video,2023-06-28,7333,5899,5441,154,296,912,225,99,Organic,0,Education,Day,
5154,Instagram,Reel,2023-10-18,2436,1837,309,65,365,482,21,88,Paid,3952,Education,Day,
5155,Instagram,Video,2021-12-01,17252,15940,5175,269,237,4040,712,144,Organic,0,Awareness,Day,
5156,Facebook,Video,2025-07-12,18125,15990,6570,283,441,4293,1218,136,Organic,0,Awareness,Night,
5157,YouTube,Video,2022-10-12,9168,5904,546,132,83,977,54,91,Organic,0,Promotion,Day,
5158,Facebook,Story,2024-12-08,9621,6247,2984,156,494,321,37,116,Organic,0,Entertainment,Day,
5159,YouTube,Image,2024-10-09,14646,12388,1218,240,458,888,38,133,Paid,2602,Education,Night,
5160,Instagram,Image,2024-10-29,9640,6162,4891,164,158,1174,0,93,Organic,0,Awareness,Day,
5161,YouTube,Reel,2025-02-25,11403,7279,2082,3,457,1441,243,70,Paid,4957,Education,Night,
5162,YouTube,Image,2023-04-06,5005,4333,236,198,53,185,31,162,Organic,0,Education,Night,
5163,Facebook,Reel,2021-08-01,7759,7318,3702,109,272,150,7,135,Organic,0,Entertainment,Day,
5164,Facebook,Video,2024-07-17,8263,5327,3727,83,15,1361,267,126,Paid,4644,Education,Night,
5165,Instagram,Story,2023-01-03,9008,6706,100,15,32,962,194,153,Organic,0,Entertainment,Day,
5166,Facebook,Story,2025-10-12,19669,12323,4763,66,399,2726,793,88,Organic,0,Entertainment,Night,
5167,Instagram,Video,2025-10-11,14068,8908,2014,215,445,1792,152,120,Organic,0,Education,Night,
5168,Facebook,Video,2022-09-13,10180,6950,6850,62,129,1110,88,120,Organic,0,Education,Night,
5169,Instagram,Image,2024-09-11,16500,12497,2367,140,465,3594,597,42,Paid,1985,Awareness,Day,
5170,YouTube,Image,2025-09-23,18307,12178,4814,64,380,519,58,147,Organic,0,Education,Day,
5171,YouTube,Reel,2023-03-31,3401,2202,2123,178,50,432,66,114,Paid,3093,Education,Night,
5172,Instagram,Image,2024-11-12,12073,8462,5219,75,33,975,142,50,Organic,0,Education,Night,
5173,YouTube,Reel,2022-10-28,17228,12684,1614,221,385,1739,263,29,Organic,0,Awareness,Day,
5174,YouTube,Story,2023-05-31,9858,8291,4718,52,49,1288,4,25,Organic,0,Entertainment,Day,
5175,Facebook,Story,2022-04-04,7985,6739,5249,217,380,2007,106,125,Organic,0,Awareness,Day,
5176,Facebook,Video,2023-10-14,8933,7950,5234,247,274,430,3,126,Paid,1997,Education,Night,
5177,Instagram,Video,2025-03-12,15032,13742,1826,285,409,2631,463,137,Organic,0,Motivation,Day,
5178,Facebook,Story,2021-08-07,18265,12822,10387,142,327,56,8,74,Organic,0,Education,Night,
5179,YouTube,Story,2022-05-08,10289,10174,3651,190,335,1255,255,117,Paid,4203,Awareness,Night,
5180,YouTube,Image,2021-03-12,16361,11852,8224,184,79,1769,489,111,Paid,2377,Awareness,Day,
5181,Facebook,Image,2025-07-15,12888,9709,5239,24,130,313,85,116,Organic,0,Promotion,Day,
5182,YouTube,Video,2023-08-29,1134,1087,236,265,167,288,27,112,Paid,3017,Motivation,Night,
5183,Facebook,Video,2022-07-05,14036,12984,12087,183,86,2344,458,51,Organic,0,Awareness,Day,
5184,Facebook,Story,2025-06-02,19502,11875,532,179,247,1341,370,95,Organic,0,Entertainment,Day,
5185,Instagram,Image,2023-12-23,19694,13070,11959,78,199,2056,69,22,Organic,0,Education,Day,
5186,Facebook,Reel,2022-02-25,14048,12567,4718,39,218,203,25,153,Organic,0,Entertainment,Day,
5187,Instagram,Video,2025-11-01,4108,2649,2606,195,90,611,88,108,Organic,0,Awareness,Day,
5188,Facebook,Reel,2023-03-18,16989,14393,1458,62,76,212,6,155,Organic,0,Awareness,Night,
5189,Facebook,Reel,2021-10-13,4858,3856,3188,82,107,680,154,44,Organic,0,Entertainment,Night,
5190,Instagram,Image,2023-03-11,8910,5679,1122,177,1,379,42,142,Paid,2585,Entertainment,Night,
5191,YouTube,Image,2023-05-29,8018,6936,1432,235,358,1409,387,93,Paid,4614,Promotion,Day,
5192,YouTube,Image,2022-07-26,4805,3417,2673,253,96,188,12,65,Paid,2968,Education,Day,
5193,YouTube,Image,2023-10-05,5717,4255,2083,92,464,646,166,9,Organic,0,Entertainment,Day,
5194,YouTube,Story,2021-11-06,4317,3974,758,17,224,633,184,126,Organic,0,Education,Day,
5195,Facebook,Image,2023-01-27,8813,7257,536,147,73,1068,57,59,Organic,0,Motivation,Day,
5196,Facebook,Story,2021-10-06,12219,7743,1853,1,442,1348,290,1657,Organic,0,Awareness,Day,
5197,Facebook,Image,2025-10-04,19831,14881,8099,114,202,2940,705,60,Organic,0,Entertainment,Day,
5198,Facebook,Story,2023-08-01,10679,7899,3717,76,113,2001,215,106,Organic,0,Motivation,Day,
5199,YouTube,Reel,2024-10-26,18058,16745,4868,43,122,815,108,97,Paid,2456,Awareness,Day,
5200,Facebook,Video,2025-12-24,11506,7752,1960,106,25,417,84,77,Organic,0,Promotion,Day,
5201,Instagram,Video,2022-01-20,4503,2761,729,133,207,486,84,63,Organic,0,Awareness,Day,
5202,YouTube,Reel,2021-12-16,19899,14223,13480,64,92,2362,106,6,Organic,0,Entertainment,Night,
5203,YouTube,Story,2023-09-19,8475,5781,5766,242,30,68,17,108,Organic,0,Motivation,Day,
5204,YouTube,Reel,2025-08-29,19858,14407,7864,6,269,1697,299,55,Organic,0,Motivation,Day,
5205,YouTube,Image,2023-11-30,12575,12147,10124,86,63,3596,900,34,Organic,0,Motivation,Day,
5206,Instagram,Video,2021-10-15,8379,5484,4225,3,316,868,95,15,Organic,0,Awareness,Day,
5207,Facebook,Reel,2021-08-07,7853,6539,610,229,431,138,23,112,Organic,0,Education,Night,
5208,Facebook,Reel,2024-01-21,18807,13754,8852,1,101,2211,612,80,Organic,0,Education,Day,
5209,Facebook,Reel,2023-06-16,15557,14560,8908,63,49,2279,665,171,Paid,2122,Awareness,Night,
5210,Facebook,Story,2021-05-06,8318,8238,4367,202,86,855,228,94,Paid,828,Entertainment,Day,
5211,Instagram,Image,2021-03-05,11033,9619,249,7,164,1282,157,127,Organic,0,Awareness,Night,
5212,Facebook,Reel,2023-11-06,8623,6631,1674,135,282,659,166,129,Organic,0,Education,Night,
5213,Facebook,Reel,2021-02-26,4313,3953,2312,118,264,254,65,126,Paid,4948,Awareness,Night,
5214,Instagram,Image,2022-07-29,11551,7404,4846,283,391,558,136,98,Organic,0,Motivation,Day,
5215,Instagram,Reel,2025-02-16,6438,5257,3805,35,190,1055,248,107,Organic,0,Entertainment,Night,
5216,YouTube,Reel,2025-12-16,14964,11392,545,228,395,410,41,166,Organic,0,Entertainment,Day,
5217,Instagram,Video,2024-10-26,1528,1306,822,109,391,210,53,35,Organic,0,Promotion,Day,
5218,YouTube,Image,2025-06-04,8632,5550,764,53,493,204,36,56,Paid,4173,Awareness,Night,
5219,YouTube,Image,2024-05-03,11891,9894,3367,58,430,902,13,93,Paid,4127,Motivation,Night,
5220,Instagram,Image,2022-04-17,7236,5388,5101,39,497,1403,29,80,Organic,0,Awareness,Day,
5221,Facebook,Reel,2024-03-17,16286,9839,450,212,49,880,248,133,Organic,0,Promotion,Night,
5222,Instagram,Story,2021-01-30,18644,15943,8476,66,23,1123,26,26,Organic,0,Promotion,Day,
5223,YouTube,Story,2023-03-13,16624,11152,7352,152,65,3303,98,44,Organic,0,Awareness,Day,
5224,YouTube,Reel,2023-09-07,10783,10004,5901,164,31,2289,276,105,Paid,1426,Awareness,Night,
5225,Facebook,Video,2024-03-24,14913,11637,5493,112,196,3418,275,115,Organic,0,Awareness,Day,
5226,Instagram,Reel,2021-02-19,15455,14387,12255,17,318,980,66,133,Organic,0,Education,Day,
5227,YouTube,Story,2021-02-16,12324,11299,5256,5,471,2247,619,69,Paid,523,Promotion,Day,
5228,Instagram,Story,2025-03-24,18600,11968,4549,164,222,2328,618,174,Paid,3038,Entertainment,Night,
5229,Facebook,Video,2025-01-13,11703,10680,7327,134,150,3047,713,153,Paid,4010,Education,Day,
5230,Facebook,Story,2021-04-24,7076,4382,695,189,472,644,66,83,Organic,0,Motivation,Day,
5231,Facebook,Reel,2021-01-20,11676,10444,794,59,373,1983,287,26,Organic,0,Entertainment,Day,
5232,Facebook,Reel,2024-05-16,13896,13628,580,12,36,2041,323,170,Organic,0,Entertainment,Night,
5233,YouTube,Story,2022-09-13,8342,6059,6043,275,26,1769,80,103,Organic,0,Entertainment,Night,
5234,YouTube,Story,2024-03-15,13700,13381,12835,139,488,1960,19,12,Paid,1527,Promotion,Night,
5235,YouTube,Video,2022-06-12,15201,12063,222,20,455,1267,265,179,Organic,0,Motivation,Night,
5236,Instagram,Story,2024-12-31,10627,6682,2939,128,319,46,4,21,Paid,4731,Education,Day,
5237,Facebook,Image,2022-08-29,16137,12836,5750,87,184,2164,216,21,Organic,0,Motivation,Day,
5238,Facebook,Reel,2024-04-04,14313,8742,4620,202,217,1155,282,94,Paid,1629,Education,Day,
5239,YouTube,Reel,2021-05-04,5408,4539,4344,20,356,908,216,145,Organic,0,Promotion,Day,
5240,YouTube,Video,2021-06-12,16417,14785,2795,54,405,2714,756,149,Paid,1161,Motivation,Day,
5241,Instagram,Video,2024-09-09,13584,11040,9123,60,188,724,174,170,Organic,0,Entertainment,Night,
5242,YouTube,Story,2022-05-08,19551,14432,352,224,444,184,19,85,Organic,0,Motivation,Day,
5243,Instagram,Story,2024-07-18,3314,3006,1970,247,438,262,9,82,Paid,3428,Promotion,Day,
5244,Facebook,Reel,2021-03-23,13690,9759,2560,126,62,415,80,177,Organic,0,Promotion,Day,
5245,Instagram,Story,2021-11-29,16026,12908,6156,51,211,1932,59,10,Organic,0,Promotion,Day,
5246,Instagram,Image,2022-07-24,17708,12704,4634,187,389,3770,599,167,Paid,4166,Education,Day,
5247,Instagram,Video,2024-10-31,17550,15502,15425,277,116,1474,128,114,Organic,0,Motivation,Night,
5248,YouTube,Reel,2025-11-11,7069,6323,3636,65,139,1832,68,18,Organic,0,Entertainment,Day,
5249,Facebook,Image,2025-05-19,10143,9228,5318,294,47,2019,160,76,Organic,0,Entertainment,Day,
5250,Instagram,Video,2024-03-24,9721,9581,81,294,338,1226,271,147,Paid,4888,Awareness,Night,
5251,Facebook,Story,2025-11-05,11142,9834,6638,120,451,1391,389,58,Organic,0,Promotion,Day,
5252,Facebook,Video,2023-10-10,6068,4824,3904,124,244,1147,257,31,Organic,0,Entertainment,Night,
5253,Instagram,Image,2025-07-03,14018,13866,3371,231,271,3910,856,17,Organic,0,Promotion,Day,
5254,YouTube,Story,2025-10-21,2483,1818,228,288,51,254,35,163,Organic,0,Entertainment,Night,
5255,Facebook,Image,2021-09-17,18629,14900,5023,226,222,1004,216,167,Organic,0,Motivation,Day,
5256,YouTube,Video,2025-03-24,15998,13141,9639,61,307,1741,409,64,Organic,0,Awareness,Night,
5257,Instagram,Reel,2025-09-14,7216,5823,2805,295,336,335,48,10,Organic,0,Promotion,Day,
5258,Facebook,Image,2025-11-06,7900,5203,126,271,406,918,222,62,Organic,0,Education,Day,
5259,Instagram,Video,2023-07-06,12633,11023,428,191,433,3080,877,53,Organic,0,Education,Night,
5260,YouTube,Story,2023-09-21,15289,15183,14020,142,401,1741,425,155,Organic,0,Entertainment,Day,
5261,YouTube,Story,2025-08-17,15592,13266,557,181,412,3956,985,166,Organic,0,Motivation,Day,
5262,Instagram,Video,2021-10-04,15754,13286,11423,43,184,3869,113,30,Organic,0,Promotion,Day,
5263,Facebook,Story,2021-03-15,13075,10155,7508,165,67,1048,144,51,Organic,0,Awareness,Day,
5264,Instagram,Story,2023-10-02,13130,11068,9004,137,182,2580,221,9,Organic,0,Motivation,Night,
5265,Instagram,Image,2024-09-02,12030,9977,6717,107,123,2906,685,24,Organic,0,Entertainment,Night,
5266,Instagram,Video,2024-12-22,12084,9474,9261,174,487,752,0,138,Paid,3013,Motivation,Day,
5267,YouTube,Image,2023-07-10,8071,8038,7606,240,66,40,10,63,Organic,0,Awareness,Day,
5268,Facebook,Story,2023-03-08,18300,16100,11014,259,450,1170,243,150,Organic,0,Motivation,Night,
5269,Instagram,Reel,2024-04-05,19229,15616,12048,218,418,493,142,136,Organic,0,Promotion,Day,
5270,Facebook,Video,2023-05-18,14208,8711,3070,237,222,961,209,21,Organic,0,Entertainment,Night,
5271,Facebook,Story,2024-08-06,11034,8784,3220,184,23,2215,176,18,Paid,1460,Awareness,Day,
5272,YouTube,Image,2025-07-01,2855,2700,1453,114,244,617,101,17,Organic,0,Entertainment,Night,
5273,YouTube,Story,2022-06-09,17244,16743,16088,54,215,3825,1076,139,Organic,0,Promotion,Day,
5274,YouTube,Image,2023-03-09,10434,6789,4767,170,11,1200,57,132,Organic,0,Awareness,Day,
5275,Instagram,Video,2021-12-27,16425,11277,1623,198,310,1405,310,48,Organic,0,Awareness,Day,
5276,YouTube,Image,2023-12-22,3423,2767,2559,260,72,437,121,123,Organic,0,Entertainment,Night,
5277,Facebook,Video,2021-02-13,7820,4911,1611,110,386,979,23,147,Organic,0,Motivation,Day,
5278,Instagram,Story,2025-04-28,11088,6802,1898,91,425,289,26,23,Paid,4717,Motivation,Night,
5279,Instagram,Story,2025-05-17,15162,13800,1600,282,1,1438,388,67,Organic,0,Education,Day,
5280,Facebook,Story,2024-03-28,3958,3800,3717,60,60,776,172,167,Organic,0,Education,Day,
5281,Instagram,Video,2023-05-12,6719,6375,2025,34,54,1734,307,85,Organic,0,Awareness,Night,
5282,YouTube,Story,2024-05-12,18773,12538,7121,182,302,2266,473,167,Organic,0,Entertainment,Day,
5283,YouTube,Reel,2021-10-25,12432,8244,3776,288,416,336,83,151,Organic,0,Awareness,Day,
5284,Facebook,Image,2023-06-05,2951,2522,2374,129,78,617,98,152,Organic,0,Entertainment,Day,
5285,Facebook,Reel,2024-02-17,8105,7213,5906,246,182,1188,96,2514,Organic,0,Promotion,Night,
5286,Instagram,Reel,2022-09-07,10404,7544,3883,245,123,2170,512,167,Organic,0,Education,Day,
5287,Facebook,Reel,2021-01-20,11043,9283,7349,243,404,219,31,164,Paid,1050,Awareness,Day,
5288,YouTube,Image,2025-07-26,5477,3610,648,183,23,929,104,126,Organic,0,Promotion,Day,
5289,Instagram,Reel,2023-05-20,11813,9974,4553,156,345,810,40,48,Paid,1175,Motivation,Day,
5290,Instagram,Image,2021-10-22,17745,12662,12489,249,301,2830,477,108,Organic,0,Education,Day,
5291,Instagram,Video,2024-03-12,8883,8334,2809,269,495,2089,539,156,Organic,0,Entertainment,Night,
5292,Instagram,Story,2023-09-26,15293,12799,8156,275,196,678,129,65,Paid,1715,Motivation,Day,
5293,Instagram,Reel,2023-06-27,3734,2346,1544,195,160,301,2,129,Organic,0,Motivation,Night,
5294,Instagram,Reel,2022-10-11,6984,5343,608,263,25,205,47,149,Paid,692,Promotion,Day,
5295,YouTube,Video,2022-06-25,5611,3440,1884,52,290,585,5,75,Paid,3236,Awareness,Night,
5296,Facebook,Reel,2022-05-26,3263,2232,1869,28,474,609,71,111,Organic,0,Awareness,Night,
5297,YouTube,Story,2023-12-20,6899,5868,5081,202,113,746,112,54,Organic,0,Promotion,Day,
5298,YouTube,Story,2024-04-07,12717,10233,3424,32,338,122,5,69,Organic,0,Motivation,Day,
5299,Instagram,Story,2023-11-13,3603,2223,1620,226,431,116,20,103,Paid,4389,Education,Night,
5300,Facebook,Video,2021-04-28,8380,5403,537,236,140,448,122,36,Paid,775,Motivation,Day,
5301,Instagram,Video,2023-01-07,19586,13312,13138,255,119,377,57,168,Organic,0,Promotion,Day,
5302,Facebook,Image,2024-12-16,1223,827,218,232,109,241,13,145,Organic,0,Motivation,Night,
5303,Facebook,Video,2025-07-20,8734,8655,1366,2,50,2439,492,62,Organic,0,Motivation,Day,
5304,Facebook,Reel,2021-06-07,10483,7696,7531,81,486,1694,80,132,Organic,0,Motivation,Day,
5305,YouTube,Image,2021-06-08,9554,5795,2741,138,433,0,0,146,Organic,0,Motivation,Night,
5306,Instagram,Video,2024-08-24,14970,12282,4437,127,174,217,21,169,Organic,0,Education,Day,
5307,Instagram,Video,2025-08-25,18776,17178,2101,285,364,339,35,116,Organic,0,Entertainment,Day,
5308,YouTube,Video,2022-11-26,2013,2012,1831,161,382,33,4,72,Organic,0,Entertainment,Day,
5309,Instagram,Image,2024-03-17,8943,5651,476,77,246,1449,57,44,Paid,2933,Awareness,Day,
5310,Facebook,Story,2025-06-25,14311,13504,13052,253,248,3196,195,148,Paid,1162,Entertainment,Night,
5311,Instagram,Story,2022-11-02,15320,12609,6160,76,162,203,54,136,Paid,3234,Entertainment,Night,
5312,YouTube,Story,2021-12-13,16472,12749,6565,133,387,33,4,177,Paid,2247,Entertainment,Day,
5313,Facebook,Image,2024-09-19,2864,2510,449,251,172,604,67,94,Organic,0,Motivation,Night,
5314,Instagram,Video,2023-10-19,9449,9272,1897,153,287,433,40,32,Organic,0,Motivation,Day,
5315,Instagram,Video,2021-04-24,19287,18349,2478,290,255,795,97,100,Organic,0,Education,Night,
5316,YouTube,Image,2024-02-15,11823,9993,8059,280,195,2007,43,35,Paid,3551,Motivation,Day,
5317,Instagram,Video,2025-02-12,11685,7393,7391,153,463,1075,138,7,Paid,1267,Motivation,Day,
5318,YouTube,Image,2022-06-18,10142,9143,8088,9,271,562,159,140,Paid,1081,Entertainment,Day,
5319,YouTube,Video,2025-10-03,18655,11689,5380,63,116,2867,354,28,Paid,3839,Education,Day,
5320,YouTube,Image,2025-04-28,15360,14697,8353,129,449,4192,850,19,Organic,0,Education,Day,
5321,YouTube,Image,2022-06-06,15557,9686,9231,258,59,1201,73,175,Organic,0,Entertainment,Day,
5322,Facebook,Video,2023-02-22,10660,7623,3597,5,22,22,3,163,Organic,0,Entertainment,Night,
5323,Instagram,Story,2022-03-27,15063,13418,9449,241,78,318,33,49,Organic,0,Education,Night,
5324,Facebook,Video,2023-04-22,8393,7476,5596,24,160,1914,400,12,Organic,0,Promotion,Night,
5325,YouTube,Story,2025-05-24,9243,6042,309,14,407,1772,470,75,Organic,0,Entertainment,Day,
5326,Instagram,Story,2024-11-09,17197,13860,12415,56,363,113,5,112,Organic,0,Entertainment,Day,
5327,Instagram,Story,2023-07-09,18592,18368,5866,259,145,48,0,119,Organic,0,Education,Day,
5328,Facebook,Image,2021-07-30,13049,10799,7916,246,409,1870,447,107,Organic,0,Promotion,Day,
5329,Facebook,Video,2021-09-26,2498,1941,1237,81,408,438,124,129,Organic,0,Promotion,Day,
5330,Facebook,Video,2022-09-06,6795,6343,2121,105,5,1555,119,61,Organic,0,Awareness,Day,
5331,YouTube,Story,2023-07-16,5949,4022,2548,248,273,742,40,34,Organic,0,Promotion,Day,
5332,Facebook,Video,2022-07-29,8276,5768,4291,295,52,865,237,150,Organic,0,Entertainment,Night,
5333,Instagram,Story,2024-04-11,6589,4137,3811,200,302,707,151,118,Paid,4604,Motivation,Night,
5334,YouTube,Reel,2021-07-05,18478,18135,11214,207,408,4419,59,121,Organic,0,Education,Day,
5335,YouTube,Video,2023-04-30,5228,3385,2291,276,19,544,55,171,Organic,0,Entertainment,Night,
5336,YouTube,Image,2025-06-11,5873,4988,1379,24,376,1005,19,64,Paid,3926,Education,Day,
5337,Instagram,Story,2022-04-09,14048,10401,10142,180,453,1874,63,102,Paid,878,Promotion,Day,
5338,Instagram,Video,2023-06-17,4460,3327,1784,211,77,126,25,175,Paid,1483,Education,Day,
5339,Instagram,Reel,2025-10-27,19761,15180,6320,27,67,2844,554,130,Organic,0,Entertainment,Night,
5340,YouTube,Reel,2023-09-27,12788,9666,993,75,91,1538,262,177,Organic,0,Motivation,Day,
5341,Facebook,Video,2025-07-07,11689,9273,6344,137,9,1472,23,155,Organic,0,Entertainment,Day,
5342,Facebook,Image,2025-08-12,15391,13814,1587,274,468,3793,418,98,Organic,0,Awareness,Day,
5343,YouTube,Video,2025-03-26,7556,7138,5240,2,223,1177,60,138,Paid,1316,Education,Day,
5344,Instagram,Reel,2023-11-22,13763,10899,9233,118,488,2211,299,126,Organic,0,Entertainment,Day,
5345,YouTube,Story,2021-05-07,1895,1142,848,0,362,141,27,112,Organic,0,Promotion,Night,
5346,Instagram,Reel,2023-02-26,18487,16082,7705,190,319,4067,78,8,Organic,0,Promotion,Day,
5347,Facebook,Video,2025-12-15,1174,849,650,161,382,72,14,97,Organic,0,Entertainment,Night,
5348,Instagram,Video,2022-06-23,19168,18229,4144,250,335,1987,59,155,Organic,0,Awareness,Day,
5349,Instagram,Image,2025-10-05,18359,15741,4307,188,58,193,10,10,Paid,987,Education,Day,
5350,YouTube,Video,2024-07-15,7162,4314,2685,251,168,97,10,36,Paid,4694,Awareness,Night,
5351,Instagram,Reel,2024-01-15,10790,10424,7941,157,12,859,0,110,Paid,2844,Motivation,Day,
5352,Instagram,Video,2023-10-24,13543,9435,7281,83,176,2091,168,150,Organic,0,Entertainment,Day,
5353,Facebook,Reel,2023-01-29,11313,8619,5910,37,163,752,3,19,Organic,0,Awareness,Day,
5354,YouTube,Story,2022-11-06,13117,8329,7669,41,47,479,48,172,Organic,0,Motivation,Night,
5355,Facebook,Story,2021-01-28,15343,13734,2000,106,443,3882,707,126,Organic,0,Awareness,Night,
5356,YouTube,Video,2022-07-02,4944,4762,2939,47,420,1086,325,100,Paid,2691,Motivation,Day,
5357,YouTube,Image,2024-12-31,10486,7125,2115,21,500,520,5,10,Organic,0,Promotion,Day,
5358,Instagram,Reel,2022-11-10,10006,9013,3543,78,242,1530,34,116,Paid,3568,Promotion,Night,
5359,Facebook,Story,2024-02-25,14342,14340,7341,115,261,1191,195,124,Organic,0,Entertainment,Day,
5360,YouTube,Story,2024-03-07,16252,14762,2919,104,308,1663,21,127,Organic,0,Awareness,Day,
5361,YouTube,Image,2023-04-26,2587,2320,185,224,41,52,11,71,Organic,0,Promotion,Night,
5362,YouTube,Story,2023-09-05,5872,4758,709,70,330,252,26,110,Organic,0,Education,Night,
5363,YouTube,Image,2024-03-08,11254,11136,6379,296,147,3334,71,143,Paid,4543,Promotion,Day,
5364,Instagram,Reel,2023-05-26,7215,6093,688,156,461,609,53,47,Organic,0,Promotion,Night,
5365,YouTube,Story,2024-02-05,11325,9088,519,278,298,1527,215,149,Paid,1113,Awareness,Day,
5366,YouTube,Video,2024-12-07,11473,7774,4375,229,316,1202,195,100,Paid,1619,Motivation,Night,
5367,YouTube,Reel,2025-05-19,19041,16166,15986,23,65,3923,841,136,Organic,0,Education,Day,
5368,YouTube,Reel,2025-07-18,7503,4533,1818,265,268,575,39,85,Paid,555,Education,Day,
5369,YouTube,Reel,2023-03-03,8841,5728,2657,13,312,1354,291,45,Organic,0,Motivation,Day,
5370,YouTube,Story,2021-01-12,6031,5648,2008,279,469,33,4,137,Organic,0,Awareness,Day,
5371,YouTube,Image,2023-08-16,15271,12271,10687,78,199,1756,310,164,Paid,2110,Promotion,Day,
5372,Instagram,Image,2022-10-07,2403,2196,1747,103,211,164,29,39,Paid,2476,Motivation,Night,
5373,YouTube,Video,2023-09-22,17497,10735,9089,269,499,1461,105,26,Organic,0,Education,Day,
5374,YouTube,Image,2025-10-16,5824,4318,242,47,311,388,113,154,Organic,0,Education,Night,
5375,YouTube,Image,2023-10-21,18760,12646,5929,50,268,1206,237,116,Organic,0,Promotion,Day,
5376,Facebook,Image,2024-02-28,13981,9523,3082,206,235,427,0,15,Organic,0,Promotion,Night,
5377,Facebook,Video,2024-08-21,18281,16584,13881,278,485,1424,258,7,Organic,0,Entertainment,Day,
5378,Instagram,Video,2023-02-14,19808,15056,14339,81,249,92,0,141,Paid,3824,Motivation,Day,
5379,Facebook,Story,2021-12-18,2538,1841,772,165,257,167,23,64,Organic,0,Promotion,Day,
5380,Instagram,Reel,2024-10-19,1761,1488,321,146,51,279,9,80,Organic,0,Entertainment,Day,
5381,YouTube,Video,2022-03-21,15953,14523,9135,31,271,3627,17,91,Organic,0,Awareness,Day,
5382,Facebook,Story,2024-06-19,7951,5852,2117,131,465,1144,2,18,Organic,0,Education,Day,
5383,Instagram,Reel,2025-06-23,18390,14769,3152,130,213,364,104,22,Organic,0,Motivation,Night,
5384,Facebook,Reel,2023-07-27,11430,11275,6338,30,93,1544,354,117,Organic,0,Awareness,Night,
5385,Facebook,Video,2023-10-30,4275,3008,1729,216,382,71,21,77,Paid,2279,Motivation,Night,
5386,Facebook,Image,2024-08-03,14599,11197,10410,155,113,229,40,27,Organic,0,Motivation,Day,
5387,Facebook,Reel,2021-01-18,1796,1620,911,268,88,255,71,87,Organic,0,Promotion,Night,
5388,Instagram,Image,2021-09-17,11958,9149,378,147,458,1797,109,129,Paid,4401,Entertainment,Day,
5389,Facebook,Video,2023-09-24,3631,2861,962,225,102,805,81,179,Organic,0,Motivation,Day,
5390,Instagram,Story,2025-09-18,3550,2711,1588,70,138,171,7,73,Organic,0,Awareness,Day,
5391,YouTube,Video,2022-05-20,16744,14913,8139,278,81,2257,258,51,Organic,0,Motivation,Day,
5392,Instagram,Image,2021-03-21,15731,11289,6692,222,69,2958,826,120,Organic,0,Entertainment,Day,
5393,Facebook,Story,2023-06-22,2049,1769,1464,205,129,316,1,34,Organic,0,Education,Day,
5394,Instagram,Image,2023-07-09,1444,983,395,71,59,170,28,29,Organic,0,Motivation,Day,
5395,Facebook,Reel,2022-12-04,16918,14336,5178,175,339,2593,437,160,Paid,3587,Awareness,Night,
5396,Instagram,Image,2024-02-26,10853,7737,3722,89,312,1077,171,116,Paid,4438,Education,Night,
5397,YouTube,Reel,2023-08-07,6854,6457,5886,215,241,1243,28,29,Organic,0,Education,Day,
5398,Instagram,Story,2021-07-22,9890,6112,853,116,264,887,12,78,Organic,0,Promotion,Day,
5399,Instagram,Reel,2024-02-15,6362,5612,1938,69,411,1468,119,62,Organic,0,Promotion,Night,
5400,Facebook,Image,2024-05-25,7648,6785,1129,79,183,1364,384,98,Organic,0,Motivation,Day,
5401,Facebook,Image,2022-01-18,9286,7304,3528,44,30,2052,431,123,Organic,0,Awareness,Night,
5402,Instagram,Video,2023-10-16,8427,6532,4583,159,102,822,95,131,Organic,0,Promotion,Night,
5403,Facebook,Reel,2022-09-18,17076,15584,6724,74,246,648,180,173,Organic,0,Entertainment,Day,
5404,Instagram,Video,2024-08-19,8596,7724,428,39,76,1497,2,29,Paid,2060,Entertainment,Day,
5405,Instagram,Video,2025-10-18,15023,12392,9592,222,38,3529,584,82,Organic,0,Education,Night,
5406,YouTube,Video,2021-01-14,10330,6495,3520,200,182,1160,42,103,Paid,4214,Education,Night,
5407,YouTube,Video,2025-01-15,11586,9481,895,49,242,1391,159,120,Paid,4452,Education,Day,
5408,Facebook,Image,2021-09-24,18004,17923,9768,80,411,2201,409,52,Organic,0,Entertainment,Day,
5409,Facebook,Reel,2025-08-10,1139,1014,348,281,292,161,11,14,Paid,2091,Promotion,Night,
5410,YouTube,Reel,2023-10-20,17595,14306,1785,210,203,1617,28,103,Paid,2907,Promotion,Day,
5411,Facebook,Image,2021-04-04,13239,11218,968,272,347,2332,108,15,Organic,0,Motivation,Night,
5412,YouTube,Story,2021-07-10,14238,9080,15,75,183,483,126,89,Organic,0,Awareness,Night,
5413,YouTube,Image,2021-12-27,2098,1280,861,131,125,208,17,153,Organic,0,Entertainment,Night,
5414,YouTube,Image,2022-11-25,11161,9207,5834,31,433,2750,423,177,Paid,4527,Education,Day,
5415,Instagram,Story,2025-12-26,11481,8464,1303,41,210,1165,255,139,Organic,0,Awareness,Night,
5416,Facebook,Story,2024-12-06,1487,1052,393,281,275,260,47,130,Organic,0,Education,Day,
5417,Facebook,Image,2024-08-02,17335,13213,5184,288,477,1471,306,68,Organic,0,Awareness,Day,
5418,Instagram,Story,2024-10-10,7137,4525,1340,271,377,533,17,6,Organic,0,Awareness,Day,
5419,YouTube,Image,2025-11-01,6396,4772,2242,118,10,101,25,80,Organic,0,Promotion,Day,
5420,Instagram,Story,2023-10-11,9064,8006,2415,147,116,548,154,125,Paid,504,Motivation,Night,
5421,Instagram,Story,2024-12-09,8467,8257,7480,268,219,595,151,46,Organic,0,Motivation,Night,
5422,Instagram,Image,2022-08-28,17347,16086,2121,134,325,2313,55,58,Paid,4141,Education,Day,
5423,Facebook,Reel,2021-11-04,13889,10577,4846,52,288,2540,492,79,Paid,599,Entertainment,Day,
5424,YouTube,Image,2021-02-14,1333,1218,1144,149,149,230,9,20,Organic,0,Motivation,Day,
5425,Facebook,Reel,2024-03-31,6693,6528,540,194,325,1040,84,22,Organic,0,Entertainment,Day,
5426,YouTube,Image,2023-10-27,9508,6241,2912,259,178,248,16,94,Paid,2005,Education,Night,
5427,YouTube,Story,2025-11-10,16395,16184,8449,36,0,412,123,148,Paid,2296,Entertainment,Day,
5428,Facebook,Story,2023-01-11,12219,10310,3745,135,347,1923,90,10,Organic,0,Awareness,Night,
5429,YouTube,Reel,2024-08-25,12493,10598,4699,104,470,1434,59,112,Organic,0,Awareness,Night,
5430,YouTube,Video,2024-11-17,9691,6941,3394,110,36,228,59,179,Organic,0,Education,Day,
5431,Instagram,Reel,2024-08-21,8842,7725,2643,230,276,1346,312,52,Paid,430,Entertainment,Day,
5432,Facebook,Image,2021-02-12,9830,9407,3428,63,79,1335,317,46,Paid,3982,Entertainment,Day,
5433,YouTube,Reel,2021-07-26,18139,12222,6446,157,326,300,81,80,Organic,0,Education,Day,
5434,Instagram,Story,2022-10-17,5986,3978,3146,253,499,1046,40,81,Paid,1082,Motivation,Day,
5435,Instagram,Video,2024-07-25,19141,15622,7988,29,189,1781,475,136,Organic,0,Promotion,Day,
5436,Facebook,Video,2024-08-14,1926,1609,1307,205,477,12,2,134,Paid,2531,Motivation,Night,
5437,Instagram,Image,2022-01-15,5264,4734,1468,130,365,1369,111,63,Organic,0,Promotion,Day,
5438,YouTube,Video,2023-07-17,7624,5106,4063,268,26,875,171,159,Organic,0,Entertainment,Night,
5439,Facebook,Reel,2023-09-13,9366,8644,7224,264,255,2011,41,31,Organic,0,Promotion,Day,
5440,Facebook,Reel,2024-12-05,17208,15759,10163,222,427,2693,166,83,Organic,0,Promotion,Day,
5441,Facebook,Story,2025-07-19,7395,6029,2965,141,137,1158,55,76,Organic,0,Entertainment,Day,
5442,YouTube,Story,2024-10-11,4526,4489,3705,291,78,1200,279,11,Organic,0,Awareness,Day,
5443,Facebook,Video,2021-10-28,18278,12322,1648,214,411,1637,413,115,Organic,0,Promotion,Day,
5444,Facebook,Story,2025-01-21,12531,8375,2718,246,475,1293,308,123,Organic,0,Education,Night,
5445,Instagram,Story,2021-07-22,10308,9840,3668,98,492,2225,505,178,Organic,0,Motivation,Day,
5446,YouTube,Video,2024-03-21,7710,4915,1746,152,418,1326,228,67,Paid,2705,Entertainment,Night,
5447,YouTube,Image,2025-12-07,17223,13032,12278,48,439,3673,784,128,Paid,517,Entertainment,Night,
5448,YouTube,Video,2021-04-14,16230,12846,334,10,402,1477,322,16,Organic,0,Promotion,Night,
5449,Instagram,Story,2023-05-19,2420,1627,1068,237,28,255,67,145,Organic,0,Awareness,Night,
5450,YouTube,Video,2022-10-29,1163,876,665,215,98,61,4,47,Organic,0,Awareness,Day,
5451,Instagram,Image,2022-03-18,4131,3735,2449,106,87,5,1,21,Paid,2515,Motivation,Night,
5452,Instagram,Story,2025-11-19,19228,15367,11067,197,396,1374,362,67,Paid,4074,Motivation,Night,
5453,Facebook,Image,2023-11-22,7137,5015,2598,99,45,809,233,124,Organic,0,Awareness,Night,
5454,YouTube,Image,2022-06-17,3513,2819,548,13,227,167,42,40,Paid,1203,Awareness,Day,
5455,YouTube,Story,2025-02-09,11655,10647,4911,128,334,2468,197,12,Paid,4450,Awareness,Day,
5456,Instagram,Story,2024-09-13,9770,9176,6297,90,324,471,96,73,Paid,4396,Promotion,Night,
5457,YouTube,Reel,2022-07-24,9608,8504,8079,228,481,829,141,94,Organic,0,Education,Night,
5458,Facebook,Image,2024-09-25,3439,2789,2162,169,2,461,58,40,Organic,0,Motivation,Night,
5459,Facebook,Reel,2021-08-13,15571,9823,5727,45,330,1312,345,32,Organic,0,Entertainment,Night,
5460,Facebook,Image,2021-07-03,4885,4549,3710,66,9,62,6,122,Organic,0,Awareness,Day,
5461,Instagram,Story,2022-07-15,16625,12884,6787,219,487,2371,107,97,Organic,0,Awareness,Day,
5462,Facebook,Image,2023-04-05,3528,3384,2811,192,407,417,103,179,Organic,0,Education,Night,
5463,Instagram,Reel,2025-01-07,1313,881,278,0,393,170,3,80,Organic,0,Awareness,Day,
5464,Instagram,Story,2024-09-01,3659,2197,1857,193,355,189,25,105,Organic,0,Motivation,Night,
5465,Facebook,Image,2025-09-25,10964,10358,5943,234,451,1516,214,162,Organic,0,Awareness,Night,
5466,Instagram,Story,2023-09-04,7310,4956,684,30,172,1204,329,155,Organic,0,Education,Day,
5467,Facebook,Reel,2021-02-13,1088,873,247,124,27,166,39,148,Paid,4915,Promotion,Day,
5468,Instagram,Image,2021-08-29,10730,9929,383,214,428,2878,190,18,Paid,1665,Motivation,Night,
5469,Instagram,Reel,2022-03-28,4200,3288,3237,6,164,973,171,75,Organic,0,Promotion,Day,
5470,YouTube,Image,2024-05-06,7679,5820,5810,270,35,337,69,128,Organic,0,Entertainment,Day,
5471,Facebook,Image,2021-05-08,14692,10035,1825,180,444,2370,207,129,Organic,0,Education,Night,
5472,Instagram,Video,2023-06-04,2840,2684,1627,27,112,114,3,41,Organic,0,Entertainment,Night,
5473,YouTube,Story,2024-03-26,15203,12886,1940,61,235,236,42,33,Paid,742,Entertainment,Night,
5474,Instagram,Reel,2024-05-31,19812,17128,3404,294,145,3844,907,147,Organic,0,Entertainment,Day,
5475,Instagram,Video,2024-06-27,14513,12337,9003,236,138,132,36,179,Organic,0,Entertainment,Day,
5476,Facebook,Reel,2024-05-24,14768,9427,301,262,342,609,38,178,Paid,4748,Education,Night,
5477,Instagram,Image,2024-12-29,17059,14667,13918,288,276,4235,636,23,Organic,0,Promotion,Day,
5478,YouTube,Image,2025-05-12,17660,14730,5705,206,271,1254,131,110,Organic,0,Awareness,Day,
5479,Instagram,Story,2021-12-29,13835,12707,8228,95,480,2812,441,25,Organic,0,Entertainment,Day,
5480,Instagram,Video,2024-12-31,8678,5256,2657,131,249,73,18,68,Organic,0,Awareness,Day,
5481,YouTube,Reel,2025-07-22,11910,10053,6302,231,439,65,3,169,Organic,0,Awareness,Day,
5482,Instagram,Video,2023-02-22,5960,3935,1134,9,274,134,20,31,Organic,0,Entertainment,Day,
5483,Instagram,Story,2025-03-21,6222,5923,4989,60,328,373,37,59,Organic,0,Motivation,Day,
5484,Instagram,Video,2025-06-11,8863,7157,4652,142,343,326,53,33,Paid,3372,Awareness,Night,
5485,Facebook,Image,2023-02-05,6494,4783,1931,240,275,1353,54,152,Organic,0,Motivation,Day,
5486,YouTube,Video,2023-01-17,3811,2742,988,195,413,120,4,29,Paid,3627,Promotion,Day,
5487,YouTube,Story,2024-05-01,1767,1086,885,156,144,141,28,74,Organic,0,Awareness,Day,
5488,Facebook,Video,2024-10-29,9576,5990,2691,50,309,1576,177,67,Organic,0,Education,Day,
5489,Facebook,Video,2023-10-10,8298,7502,7089,37,318,1044,79,168,Organic,0,Promotion,Night,
5490,Facebook,Video,2024-01-01,6260,5533,172,256,432,1617,431,134,Organic,0,Promotion,Night,
5491,Facebook,Video,2023-05-16,14957,14529,13641,149,157,409,81,154,Organic,0,Motivation,Night,
5492,Facebook,Image,2025-11-19,3645,3065,393,52,244,917,218,20,Organic,0,Entertainment,Night,
5493,YouTube,Video,2022-07-24,16289,15383,6704,240,25,1246,311,150,Paid,3127,Education,Night,
5494,Facebook,Story,2023-11-29,19255,11797,9082,78,143,1402,379,104,Organic,0,Education,Day,
5495,Instagram,Story,2023-09-10,1381,1089,991,90,145,319,82,34,Organic,0,Motivation,Day,
5496,YouTube,Story,2022-02-09,1221,749,66,266,442,59,1,49,Paid,4658,Motivation,Day,
5497,Facebook,Image,2024-04-22,14553,9487,2917,77,351,1832,355,23,Organic,0,Promotion,Day,
5498,Instagram,Video,2023-05-09,11161,9184,4431,177,442,2595,479,38,Organic,0,Motivation,Night,
5499,Facebook,Video,2021-06-04,17582,12284,1355,5,69,741,92,145,Paid,1358,Entertainment,Day,
5500,YouTube,Reel,2024-06-29,14222,10436,7259,248,357,869,134,175,Organic,0,Promotion,Night,
5501,Instagram,Reel,2024-03-28,16514,10357,6924,259,88,2177,335,66,Organic,0,Promotion,Day,
5502,Instagram,Reel,2023-01-30,8693,7742,5686,142,131,1476,379,122,Organic,0,Promotion,Day,
5503,Facebook,Video,2022-05-09,18636,17634,3840,61,160,1489,46,104,Organic,0,Education,Day,
5504,YouTube,Story,2022-07-21,12104,11171,1681,107,318,1660,308,26,Organic,0,Education,Night,
5505,YouTube,Reel,2025-07-09,18880,17576,6710,240,185,2969,377,115,Organic,0,Promotion,Night,
5506,Instagram,Reel,2024-06-02,1456,1389,240,236,163,388,27,168,Paid,2506,Entertainment,Night,
5507,YouTube,Reel,2025-01-09,6466,5188,2283,120,128,306,87,77,Paid,1371,Awareness,Night,
5508,Facebook,Image,2022-12-17,5743,3838,3242,294,453,418,72,151,Organic,0,Promotion,Day,
5509,YouTube,Image,2024-02-04,15170,11771,3232,114,191,1790,169,42,Organic,0,Motivation,Day,
5510,Facebook,Story,2025-10-21,1622,985,789,166,368,215,33,74,Paid,3827,Awareness,Night,
5511,Facebook,Story,2021-12-16,18144,11248,682,243,439,1248,265,120,Organic,0,Education,Night,
5512,Instagram,Story,2022-01-19,18729,12541,8545,225,383,2127,388,83,Organic,0,Education,Day,
5513,Facebook,Image,2025-02-09,6888,6493,190,219,448,387,111,152,Organic,0,Awareness,Day,
5514,YouTube,Image,2025-01-22,6152,5170,159,268,30,1037,237,13,Paid,770,Motivation,Day,
5515,Facebook,Reel,2025-08-20,13032,10703,6849,73,386,2205,136,36,Organic,0,Education,Day,
5516,Instagram,Video,2023-08-01,7647,7482,520,43,189,338,52,136,Paid,4184,Education,Night,
5517,YouTube,Reel,2025-03-11,7486,5046,2463,48,424,1302,230,54,Organic,0,Promotion,Night,
5518,Instagram,Image,2025-03-31,10358,9849,3465,249,45,1952,345,86,Organic,0,Entertainment,Day,
5519,YouTube,Story,2023-12-12,8745,7047,2033,259,94,1935,8,9,Organic,0,Motivation,Day,
5520,YouTube,Reel,2025-06-23,18682,15987,10726,114,337,4511,154,152,Organic,0,Promotion,Night,
5521,YouTube,Image,2025-09-27,13790,10978,6372,138,412,1855,372,91,Paid,836,Entertainment,Night,
5522,Instagram,Image,2024-07-06,10442,8986,2534,86,78,466,40,130,Paid,3173,Education,Day,
5523,Instagram,Image,2025-05-27,1394,1390,525,137,409,336,26,79,Organic,0,Entertainment,Night,
5524,YouTube,Image,2023-11-27,5309,4768,615,286,347,249,26,169,Paid,318,Education,Night,
5525,Facebook,Story,2024-05-24,13323,8356,5568,38,18,1771,207,26,Paid,4361,Promotion,Day,
5526,Facebook,Reel,2023-11-29,13593,13545,10098,72,36,3477,408,72,Organic,0,Education,Night,
5527,Instagram,Video,2025-02-05,13488,9285,5015,94,248,2384,528,48,Organic,0,Entertainment,Day,
5528,YouTube,Video,2025-06-17,17608,13621,4021,215,333,2871,507,38,Organic,0,Promotion,Day,
5529,Facebook,Story,2023-02-11,7247,6944,5335,212,467,51,11,81,Organic,0,Entertainment,Day,
5530,Facebook,Image,2024-11-07,6773,5357,5025,153,37,1283,17,46,Organic,0,Entertainment,Day,
5531,Facebook,Video,2024-01-26,5593,4232,4214,265,479,653,43,141,Organic,0,Awareness,Day,
5532,YouTube,Image,2021-07-07,13569,8395,1629,144,305,2151,70,110,Organic,0,Education,Night,
5533,YouTube,Image,2021-02-22,6715,4865,4188,15,259,1441,204,1196,Paid,115634,Education,Day,
5534,Instagram,Story,2022-08-10,11934,11734,3431,249,68,2712,517,139,Paid,3632,Entertainment,Night,
5535,Facebook,Image,2023-06-03,4700,4541,4061,213,108,406,22,72,Organic,0,Education,Night,
5536,Facebook,Video,2025-01-04,19319,17991,16524,28,410,1832,74,151,Organic,0,Motivation,Day,
5537,YouTube,Video,2024-12-01,10975,8493,7683,291,495,2099,304,1002,Organic,0,Education,Day,
5538,Facebook,Story,2023-11-16,16997,12896,2893,60,284,3159,384,132,Organic,0,Promotion,Day,
5539,Facebook,Image,2025-07-19,4982,4127,2287,236,85,67,2,167,Organic,0,Education,Day,
5540,YouTube,Image,2021-09-09,3998,3859,1461,225,158,467,26,89,Organic,0,Motivation,Day,
5541,Facebook,Reel,2021-09-26,13702,8281,1751,68,36,889,29,163,Organic,0,Entertainment,Day,
5542,YouTube,Story,2025-05-30,17034,14543,2911,125,444,928,229,87,Organic,0,Education,Day,
5543,Facebook,Video,2024-01-21,5605,5386,650,272,162,644,134,99,Organic,0,Promotion,Day,
5544,Instagram,Video,2021-02-19,6464,3977,1560,176,66,848,55,36,Organic,0,Motivation,Day,
5545,Facebook,Video,2024-02-08,15861,10887,158,294,176,1623,45,70,Paid,661,Awareness,Night,
5546,YouTube,Image,2025-08-18,8380,5424,4931,92,387,87,0,120,Paid,3752,Entertainment,Day,
5547,Facebook,Reel,2025-11-12,11612,7494,1278,99,278,923,203,142,Organic,0,Entertainment,Day,
5548,YouTube,Video,2021-03-07,1589,1029,186,159,2,110,28,134,Organic,0,Entertainment,Day,
5549,YouTube,Reel,2023-03-05,3449,2636,1650,18,479,397,78,64,Organic,0,Motivation,Day,
5550,YouTube,Story,2021-11-17,16251,13807,5971,24,356,1170,251,21,Organic,0,Education,Night,
5551,Facebook,Reel,2023-06-08,19723,19663,11496,117,123,4517,14,100,Organic,0,Education,Day,
5552,Facebook,Reel,2023-04-04,7776,6149,3450,67,166,55,3,1028,Organic,0,Education,Day,
5553,Instagram,Video,2022-07-12,3235,2014,993,125,18,319,73,20,Paid,3183,Education,Day,
5554,YouTube,Reel,2022-02-28,12900,8351,480,202,226,1384,51,50,Organic,0,Entertainment,Day,
5555,YouTube,Image,2022-08-24,7652,4816,2534,47,326,1201,76,171,Paid,3150,Awareness,Day,
5556,Instagram,Image,2024-10-25,7603,5945,2764,122,121,1161,323,163,Organic,0,Entertainment,Day,
5557,Facebook,Story,2022-04-07,19463,12085,7872,142,102,910,196,111,Organic,0,Awareness,Day,
5558,Facebook,Video,2022-10-18,8251,7428,5755,5,14,414,75,92,Organic,0,Awareness,Day,
5559,Facebook,Image,2021-10-18,19108,13908,7997,184,22,835,100,133,Organic,0,Education,Night,
5560,YouTube,Video,2023-11-30,4031,3878,1097,200,185,635,110,143,Organic,0,Promotion,Day,
5561,Instagram,Story,2024-03-28,1178,1131,738,261,366,9,0,123,Organic,0,Motivation,Day,
5562,YouTube,Video,2021-11-27,10517,9492,8224,54,390,1177,329,89,Organic,0,Promotion,Night,
5563,YouTube,Image,2021-01-05,1696,1160,712,53,307,109,10,8,Organic,0,Awareness,Night,
5564,YouTube,Video,2025-03-04,18114,15353,13953,249,392,57,12,75,Organic,0,Promotion,Night,
5565,Facebook,Reel,2021-09-03,12437,7726,3193,236,242,1869,351,158,Paid,4420,Awareness,Night,
5566,Instagram,Reel,2021-07-12,12610,7737,5422,74,344,1149,205,115,Organic,0,Entertainment,Day,
5567,Facebook,Image,2025-02-10,17882,15867,5665,217,275,2324,200,54,Organic,0,Entertainment,Day,
5568,YouTube,Video,2025-05-26,19287,18384,4659,1,131,5234,1022,144,Organic,0,Education,Night,
5569,YouTube,Image,2025-08-24,19209,15507,12828,173,116,658,7,99,Paid,4885,Motivation,Night,
5570,YouTube,Story,2022-08-28,10316,10185,4775,73,369,1542,385,96,Organic,0,Entertainment,Day,
5571,Instagram,Story,2023-06-16,16368,10762,3569,32,442,2810,596,69,Organic,0,Motivation,Day,
5572,YouTube,Video,2022-12-29,10718,9406,814,74,321,2377,377,51,Organic,0,Education,Night,
5573,Instagram,Image,2022-12-18,1605,1399,400,161,217,368,74,110,Organic,0,Motivation,Day,
5574,YouTube,Story,2024-11-09,9332,6152,1664,211,322,1661,229,134,Organic,0,Entertainment,Night,
5575,Facebook,Reel,2024-03-04,4042,2502,1069,165,29,624,6,110,Paid,1041,Entertainment,Day,
5576,Instagram,Image,2024-09-23,18089,11806,675,77,428,1081,220,28,Paid,4787,Promotion,Night,
5577,YouTube,Image,2022-08-29,7491,6207,485,219,6,12,3,8,Organic,0,Promotion,Day,
5578,Instagram,Reel,2022-11-19,6485,4601,657,96,130,743,43,112,Organic,0,Promotion,Day,
5579,Facebook,Video,2022-01-18,4057,3355,2359,177,153,431,47,23,Organic,0,Motivation,Day,
5580,YouTube,Video,2024-10-22,3269,2968,1590,126,500,378,34,158,Organic,0,Entertainment,Day,
5581,Facebook,Story,2025-04-29,15717,14460,9084,84,283,296,44,44,Paid,2132,Education,Day,
5582,YouTube,Image,2022-02-23,4722,3745,2533,52,13,384,78,54,Organic,0,Awareness,Night,
5583,Facebook,Story,2023-05-17,18798,12618,7111,55,69,3282,599,175,Organic,0,Entertainment,Day,
5584,Facebook,Image,2022-07-23,2995,2580,1964,192,132,291,49,79,Organic,0,Promotion,Day,
5585,Instagram,Video,2021-12-14,16189,14259,9094,133,471,2913,391,16,Paid,1271,Promotion,Day,
5586,Instagram,Reel,2025-11-11,12566,8013,6506,293,297,318,83,31,Organic,0,Motivation,Night,
5587,YouTube,Reel,2025-12-13,19506,12974,8431,221,61,1458,239,117,Organic,0,Promotion,Day,
5588,Instagram,Video,2024-07-11,1271,835,256,122,270,133,22,53,Organic,0,Motivation,Night,
5589,YouTube,Reel,2021-10-16,6017,4930,1520,277,389,1399,170,148,Organic,0,Education,Night,
5590,YouTube,Video,2024-01-05,14415,11412,5716,95,271,3411,241,134,Paid,3770,Promotion,Night,
5591,YouTube,Image,2022-02-03,7722,7109,4005,112,455,174,21,64,Organic,0,Motivation,Day,
5592,Facebook,Story,2022-04-10,1490,1448,38,53,377,115,3,34,Organic,0,Promotion,Night,
5593,Instagram,Reel,2025-06-10,15115,14290,11404,33,297,3889,950,88,Organic,0,Motivation,Day,
5594,Instagram,Video,2021-01-27,5031,4522,3753,17,308,35,5,170,Paid,2404,Entertainment,Day,
5595,Facebook,Story,2022-12-15,12599,11532,401,223,302,1201,156,32,Organic,0,Motivation,Day,
5596,Instagram,Image,2023-11-11,4812,4708,3856,106,282,633,63,29,Organic,0,Awareness,Day,
5597,Instagram,Image,2025-03-06,11000,8612,8115,217,311,476,81,923,Organic,0,Education,Day,
5598,Instagram,Reel,2024-02-28,11304,10565,6700,116,84,2559,167,129,Organic,0,Entertainment,Day,
5599,Instagram,Video,2022-04-13,16593,11744,3123,40,292,685,67,14,Paid,1381,Education,Day,
5600,Instagram,Video,2025-04-16,2320,1726,543,32,350,418,51,46,Paid,3456,Entertainment,Day,
5601,Instagram,Reel,2023-07-08,8653,6453,1231,295,399,391,2,44,Organic,0,Promotion,Night,
5602,Facebook,Video,2024-11-24,17613,14203,10501,220,17,3151,830,81,Organic,0,Motivation,Night,
5603,YouTube,Reel,2023-08-23,12607,8274,4391,95,443,2388,105,109,Paid,3199,Promotion,Night,
5604,Facebook,Reel,2022-05-28,8790,7026,3788,127,273,984,226,122,Organic,0,Education,Day,
5605,Instagram,Reel,2023-12-13,2483,1557,588,38,96,111,4,46,Organic,0,Education,Day,
5606,Instagram,Reel,2025-07-07,12287,11316,6783,63,33,2931,122,51,Organic,0,Entertainment,Day,
5607,YouTube,Video,2023-02-21,4560,4252,3647,104,130,587,118,169,Organic,0,Education,Day,
5608,Instagram,Story,2025-02-10,16114,14080,1983,143,422,3944,468,26,Organic,0,Motivation,Night,
5609,YouTube,Video,2023-07-15,11604,9820,1600,202,262,1710,312,111,Paid,3475,Education,Day,
5610,YouTube,Image,2023-04-05,18491,13771,10438,9,7,1442,207,31,Paid,207,Promotion,Night,
5611,Facebook,Story,2025-12-24,18872,18435,7326,280,99,5301,1070,45,Organic,0,Motivation,Night,
5612,Instagram,Image,2024-09-29,2485,1618,1038,53,207,152,35,84,Organic,0,Education,Night,
5613,YouTube,Story,2023-12-21,13239,11494,1122,260,350,40,8,166,Organic,0,Awareness,Night,
5614,Instagram,Reel,2022-08-06,2236,2110,698,221,33,132,18,164,Organic,0,Awareness,Day,
5615,Facebook,Image,2021-03-11,16312,11468,3564,222,427,1074,193,93,Organic,0,Promotion,Day,
5616,Facebook,Video,2022-02-04,7606,4883,4229,43,97,536,144,70,Organic,0,Entertainment,Night,
5617,Facebook,Reel,2024-04-22,15792,10570,8521,3,156,3125,155,16,Paid,813,Entertainment,Day,
5618,Facebook,Reel,2025-05-09,12120,7327,2270,290,57,938,1,172,Paid,888,Education,Day,
5619,Instagram,Reel,2023-04-25,3651,3012,2971,244,101,293,62,77,Organic,0,Motivation,Day,
5620,YouTube,Reel,2025-07-17,19378,17282,7663,243,332,3335,568,80,Organic,0,Entertainment,Night,
5621,Facebook,Video,2021-07-31,5308,3844,1490,176,459,998,285,94,Organic,0,Awareness,Day,
5622,Facebook,Reel,2024-11-10,7800,7379,279,89,45,759,93,14,Paid,3118,Entertainment,Night,
5623,YouTube,Reel,2023-04-16,7556,6161,2001,257,159,996,32,100,Organic,0,Awareness,Day,
5624,Instagram,Video,2023-07-21,3381,2997,632,261,252,777,133,24,Organic,0,Entertainment,Night,
5625,Facebook,Story,2023-04-28,11150,6807,4347,260,36,966,81,43,Organic,0,Promotion,Night,
5626,Facebook,Video,2022-05-24,1124,847,427,246,274,177,1,64,Paid,4944,Motivation,Day,
5627,YouTube,Image,2024-10-02,3442,2420,906,276,168,543,130,70,Paid,2203,Education,Day,
5628,Facebook,Reel,2025-05-11,19590,13583,12988,94,403,3857,118,69,Organic,0,Awareness,Night,
5629,Instagram,Story,2022-07-15,15681,14702,4094,162,125,4234,197,128,Paid,2113,Entertainment,Night,
5630,YouTube,Video,2025-05-09,14819,13724,7187,85,323,1217,124,168,Organic,0,Education,Night,
5631,Facebook,Video,2025-10-27,10847,10699,5581,221,409,1697,50,156,Organic,0,Awareness,Day,
5632,Facebook,Video,2023-10-18,6219,4677,528,294,143,106,24,159,Paid,3546,Awareness,Day,
5633,Facebook,Video,2022-07-22,13639,12207,2464,287,454,153,5,134,Paid,3063,Promotion,Day,
5634,YouTube,Video,2021-08-04,1028,746,575,103,387,75,14,163,Organic,0,Entertainment,Day,
5635,Instagram,Story,2023-07-04,14756,9902,6597,95,109,1167,280,61,Organic,0,Education,Night,
5636,YouTube,Reel,2023-09-10,15702,13881,13070,231,235,3487,143,82,Paid,4450,Entertainment,Day,
5637,YouTube,Story,2025-04-02,14344,8813,1085,122,208,1703,498,33,Paid,2206,Entertainment,Night,
5638,Instagram,Image,2023-05-24,19262,16218,4780,38,357,4768,100,19,Paid,4406,Motivation,Day,
5639,YouTube,Image,2024-08-12,14529,13580,6630,124,345,2247,257,16,Organic,0,Awareness,Day,
5640,YouTube,Story,2025-05-19,9080,7396,2896,113,175,1521,213,105,Paid,4164,Awareness,Night,
5641,Facebook,Story,2025-12-27,16789,13783,9221,70,352,3945,1015,160,Paid,1874,Motivation,Night,
5642,Instagram,Video,2022-04-24,10062,9987,8777,262,466,1389,258,88,Organic,0,Motivation,Night,
5643,Facebook,Reel,2024-01-14,7286,6172,1557,193,19,597,79,129,Paid,2592,Entertainment,Night,
5644,YouTube,Reel,2022-10-27,10242,7214,2878,199,254,1100,136,107,Organic,0,Awareness,Night,
5645,Facebook,Reel,2025-07-22,3039,2141,1363,300,284,123,30,28,Organic,0,Education,Night,
5646,YouTube,Video,2025-04-04,18909,18824,7672,224,369,586,101,153,Organic,0,Promotion,Night,
5647,YouTube,Reel,2022-08-21,14468,10386,8321,15,155,662,150,142,Organic,0,Motivation,Night,
5648,YouTube,Image,2024-07-04,8008,6814,5004,281,480,523,23,114,Organic,0,Education,Day,
5649,Instagram,Video,2022-10-15,1314,1312,31,268,211,374,48,82,Paid,2699,Education,Night,
5650,Instagram,Reel,2025-11-10,4331,3856,2558,105,347,947,1,105,Organic,0,Entertainment,Day,
5651,YouTube,Reel,2022-09-15,3623,2654,1929,187,301,130,39,150,Organic,0,Motivation,Day,
5652,Instagram,Story,2021-05-16,10533,7806,3672,186,186,1470,21,146,Paid,284,Education,Day,
5653,YouTube,Reel,2023-02-14,11464,10767,9097,36,497,1234,266,166,Organic,0,Promotion,Night,
5654,YouTube,Story,2025-03-26,1352,1318,807,30,446,342,95,132,Organic,0,Education,Day,
5655,Facebook,Story,2023-12-08,12055,9809,1897,26,292,1961,215,62,Organic,0,Promotion,Night,
5656,YouTube,Image,2023-02-17,14262,8611,1095,175,99,117,27,80,Organic,0,Promotion,Day,
5657,Facebook,Reel,2021-02-12,3598,3060,1201,149,355,387,51,154,Organic,0,Promotion,Day,
5658,Facebook,Video,2024-12-09,13272,11048,8360,43,150,2460,474,40,Paid,1507,Motivation,Day,
5659,Instagram,Image,2025-12-05,7977,5728,2688,234,170,1554,353,177,Organic,0,Promotion,Day,
5660,Instagram,Reel,2021-02-04,12860,9869,4396,92,213,1610,402,168,Paid,4430,Motivation,Night,
5661,Facebook,Reel,2025-11-19,1701,1401,1289,158,311,99,7,26,Organic,0,Education,Night,
5662,YouTube,Video,2025-01-26,15261,13976,8419,238,387,3278,386,131,Organic,0,Promotion,Day,
5663,YouTube,Story,2022-08-14,11493,11134,10476,10,98,2277,37,84,Organic,0,Awareness,Day,
5664,Instagram,Story,2023-07-01,14730,10665,1725,70,410,1252,269,104,Paid,2067,Education,Day,
5665,Instagram,Video,2025-11-10,13790,9264,2698,80,335,2309,246,100,Organic,0,Awareness,Night,
5666,Instagram,Story,2024-11-09,7825,4785,1764,35,351,1230,331,165,Organic,0,Awareness,Day,
5667,Facebook,Story,2025-10-07,6351,4157,2706,225,310,404,35,177,Organic,0,Entertainment,Day,
5668,Instagram,Image,2022-12-03,2001,1241,1140,248,67,243,23,168,Organic,0,Motivation,Day,
5669,Instagram,Story,2022-03-06,9176,5740,3659,269,499,781,164,152,Organic,0,Entertainment,Night,
5670,Facebook,Story,2024-08-18,7490,6304,894,26,145,1429,37,22,Organic,0,Motivation,Day,
5671,Instagram,Image,2023-07-22,4245,3030,1993,184,411,408,62,42,Organic,0,Entertainment,Day,
5672,Facebook,Image,2022-07-10,7610,7610,3927,111,239,526,33,155,Paid,817,Education,Night,
5673,Instagram,Image,2022-10-05,3607,3370,2386,60,414,431,120,113,Organic,0,Awareness,Night,
5674,Instagram,Video,2022-11-17,5331,3321,668,275,360,857,156,127,Organic,0,Education,Night,
5675,Facebook,Reel,2024-02-21,10103,9756,6177,228,206,1221,104,148,Organic,0,Motivation,Day,
5676,Instagram,Image,2024-10-14,19724,14118,7977,138,392,991,120,153,Organic,0,Awareness,Day,
5677,Facebook,Image,2024-05-22,18888,15599,9871,4,265,3493,1036,108,Paid,4167,Awareness,Night,
5678,YouTube,Story,2024-03-02,16693,14260,2002,276,354,3472,475,144,Organic,0,Motivation,Day,
5679,Facebook,Story,2025-03-08,8843,6630,4996,27,351,1196,19,148,Organic,0,Education,Day,
5680,Instagram,Reel,2023-08-14,10222,9368,7504,27,231,1192,133,85,Paid,2269,Awareness,Day,
5681,Facebook,Reel,2022-12-05,5512,4790,3935,287,210,614,69,91,Organic,0,Education,Night,
5682,Facebook,Reel,2023-08-01,3088,1976,1125,243,141,342,32,146,Organic,0,Education,Night,
5683,Facebook,Reel,2025-11-22,2796,2611,2502,63,476,325,11,65,Organic,0,Education,Night,
5684,Facebook,Reel,2023-07-09,9275,7128,4578,15,116,29,3,50,Paid,3799,Awareness,Day,
5685,Facebook,Video,2024-06-01,11293,10165,304,286,333,2143,612,36,Paid,3476,Promotion,Day,
5686,YouTube,Image,2023-07-30,13192,12297,5869,15,54,2026,491,19,Paid,2919,Entertainment,Day,
5687,YouTube,Reel,2024-07-02,7271,6720,2640,201,495,1339,344,48,Organic,0,Motivation,Day,
5688,Facebook,Image,2025-05-03,15806,14496,13344,125,47,3916,623,149,Paid,1223,Education,Night,
5689,Instagram,Reel,2023-11-29,16702,16391,13314,208,374,3951,137,173,Organic,0,Awareness,Day,
5690,Instagram,Reel,2021-05-24,15406,15262,13033,115,391,4321,842,58,Organic,0,Motivation,Day,
5691,YouTube,Reel,2023-12-30,19406,14856,169,101,72,1700,405,48,Paid,914,Promotion,Night,
5692,Facebook,Image,2025-08-05,14437,9725,4966,13,312,1241,350,102,Organic,0,Promotion,Day,
5693,Instagram,Image,2025-07-16,9285,7219,3706,15,398,1624,187,9,Organic,0,Awareness,Night,
5694,YouTube,Story,2022-07-05,11249,8592,5512,147,52,1614,152,113,Organic,0,Education,Night,
5695,YouTube,Video,2021-12-15,5323,3639,3472,39,358,952,194,31,Organic,0,Promotion,Night,
5696,Facebook,Reel,2022-06-06,6787,6247,4363,4,469,1261,127,120,Paid,4682,Promotion,Night,
5697,YouTube,Image,2022-12-29,1772,1753,658,13,147,166,1,91,Organic,0,Promotion,Night,
5698,Instagram,Video,2024-06-21,12629,10848,628,40,307,2148,436,108,Organic,0,Awareness,Day,
5699,Instagram,Reel,2025-05-28,6551,4824,2461,7,486,385,11,127,Organic,0,Motivation,Day,
5700,Instagram,Story,2024-07-29,9925,9610,8421,136,355,503,80,83,Paid,4768,Entertainment,Night,
5701,YouTube,Reel,2025-09-28,5764,5351,3935,229,416,866,213,47,Paid,3429,Awareness,Day,
5702,YouTube,Reel,2022-05-10,19698,17902,10771,223,480,1616,411,101,Organic,0,Education,Night,
5703,Instagram,Story,2024-02-04,11181,7975,6525,164,229,81,2,35,Paid,4928,Awareness,Day,
5704,Facebook,Reel,2025-11-15,13902,11439,9425,186,27,343,53,103,Paid,3498,Awareness,Day,
5705,YouTube,Story,2022-03-14,14579,11051,1032,249,454,267,1,21,Organic,0,Entertainment,Day,
5706,Instagram,Reel,2023-04-16,9051,8167,1736,130,324,739,163,87,Organic,0,Entertainment,Day,
5707,Instagram,Video,2022-07-31,15025,12041,2088,31,112,2871,370,114,Organic,0,Entertainment,Night,
5708,Facebook,Reel,2023-07-21,18748,13545,7136,133,154,3020,421,36,Paid,737,Motivation,Night,
5709,Facebook,Video,2024-12-15,2697,1773,614,107,423,525,44,172,Organic,0,Awareness,Day,
5710,Instagram,Reel,2024-08-04,11942,8901,5617,220,64,1391,417,145,Organic,0,Education,Night,
5711,Facebook,Video,2023-10-14,18463,16552,8128,259,145,3463,4,39,Organic,0,Entertainment,Day,
5712,Facebook,Story,2022-05-17,15896,12265,710,237,344,3468,149,137,Paid,739,Entertainment,Night,
5713,Facebook,Story,2025-11-16,9952,8504,302,191,357,361,64,33,Organic,0,Awareness,Night,
5714,Instagram,Story,2021-04-17,18553,18378,8828,213,364,1135,133,74,Paid,4253,Education,Day,
5715,Facebook,Video,2023-04-03,12512,8146,5422,220,55,537,15,157,Paid,3399,Entertainment,Day,
5716,Instagram,Reel,2024-04-27,4136,3759,2618,225,79,714,197,99,Organic,0,Awareness,Night,
5717,Instagram,Story,2021-09-01,11754,9004,6202,158,116,4,0,26,Organic,0,Promotion,Night,
5718,YouTube,Story,2024-01-26,9200,6631,2082,8,31,1826,130,177,Organic,0,Motivation,Night,
5719,Instagram,Image,2021-04-08,6403,4704,1990,7,450,220,45,73,Paid,251,Awareness,Night,
5720,YouTube,Reel,2025-10-06,12215,8876,4449,107,484,2383,27,93,Organic,0,Entertainment,Night,
5721,YouTube,Story,2021-10-19,7100,6810,5581,186,393,325,49,76,Organic,0,Education,Day,
5722,YouTube,Story,2025-08-05,13048,10664,9945,254,190,2968,391,133,Organic,0,Promotion,Night,
5723,Facebook,Reel,2024-01-24,13601,10987,3759,124,308,3003,453,176,Organic,0,Education,Day,
5724,Facebook,Story,2024-03-30,10479,7987,650,276,258,293,3,91,Paid,624,Education,Day,
5725,Instagram,Reel,2024-01-26,17661,13491,12864,271,481,3120,455,100,Organic,0,Education,Night,
5726,Facebook,Reel,2022-01-04,1495,1476,1236,228,265,174,30,79,Paid,894,Awareness,Day,
5727,Facebook,Image,2024-05-18,7506,4552,2960,267,149,145,35,171,Organic,0,Awareness,Day,
5728,Instagram,Story,2025-03-24,14245,13749,6873,80,342,145,28,58,Organic,0,Motivation,Night,
5729,YouTube,Reel,2021-01-08,11465,9968,7331,50,480,2622,478,92,Paid,1889,Promotion,Day,
5730,Instagram,Image,2023-07-05,18507,17716,10754,27,406,5233,1039,161,Organic,0,Education,Night,
5731,Instagram,Story,2021-03-12,19997,16521,4157,23,129,261,16,58,Paid,916,Entertainment,Night,
5732,Instagram,Story,2025-12-21,14119,13266,3410,297,10,3732,96,20,Organic,0,Education,Day,
5733,Instagram,Reel,2023-09-11,14071,10569,10057,85,21,2183,257,103,Organic,0,Promotion,Day,
5734,Instagram,Video,2025-08-16,5883,4749,3913,120,325,1288,130,24,Organic,0,Education,Night,
5735,Facebook,Video,2024-01-14,4317,3765,494,34,92,990,41,50,Paid,4320,Awareness,Day,
5736,Facebook,Video,2022-01-04,2898,2139,1617,129,475,407,62,131,Paid,2678,Awareness,Day,
5737,Instagram,Image,2024-07-31,5106,4892,3443,140,247,887,42,62,Organic,0,Promotion,Night,
5738,Instagram,Reel,2022-03-27,3171,1961,907,174,215,500,146,115,Organic,0,Motivation,Night,
5739,YouTube,Reel,2022-05-23,13015,8916,187,2,38,102,17,133,Organic,0,Education,Day,
5740,YouTube,Video,2022-03-30,13656,8848,5415,81,291,2603,537,85,Organic,0,Promotion,Night,
5741,YouTube,Image,2022-08-28,2531,1578,773,137,107,429,126,161,Paid,4148,Entertainment,Night,
5742,Instagram,Reel,2025-07-03,2234,1903,1139,120,49,386,3,88,Organic,0,Entertainment,Day,
5743,Instagram,Image,2021-09-25,14035,12441,12115,129,143,574,54,74,Paid,4639,Motivation,Night,
5744,Instagram,Video,2021-04-09,16538,10869,7046,232,491,156,24,12,Organic,0,Awareness,Day,
5745,Facebook,Reel,2023-12-25,8762,7269,593,130,62,1856,541,33,Paid,911,Promotion,Day,
5746,YouTube,Video,2023-07-30,18805,12248,8253,131,241,161,3,116,Organic,0,Education,Night,
5747,Facebook,Video,2021-08-03,18467,16978,14945,31,376,380,92,165,Organic,0,Promotion,Night,
5748,Facebook,Image,2024-07-30,12299,10579,5423,276,322,1111,238,135,Paid,3733,Motivation,Day,
5749,Facebook,Video,2023-07-11,13136,11604,3690,115,204,3097,373,167,Organic,0,Promotion,Night,
5750,Facebook,Story,2024-04-21,16111,15631,12586,250,477,2623,648,112,Paid,3541,Motivation,Day,
5751,Facebook,Reel,2025-01-06,3723,2275,1978,270,144,597,158,113,Paid,3292,Motivation,Day,
5752,YouTube,Video,2021-11-29,18692,17082,146,147,161,3294,322,24,Organic,0,Motivation,Day,
5753,Instagram,Reel,2021-02-20,8012,5599,213,237,434,541,54,77,Organic,0,Promotion,Day,
5754,Instagram,Story,2023-03-16,2057,1236,691,134,228,12,1,171,Organic,0,Entertainment,Day,
5755,Instagram,Video,2025-07-07,12377,9083,6953,107,270,2523,444,8,Organic,0,Education,Night,
5756,YouTube,Reel,2023-08-23,5571,4740,431,98,431,165,6,23,Organic,0,Motivation,Day,
5757,YouTube,Image,2023-08-31,12434,11612,3688,127,443,671,22,106,Organic,0,Awareness,Day,
5758,Facebook,Video,2024-02-08,1956,1730,1096,263,365,54,8,177,Organic,0,Motivation,Night,
5759,Instagram,Video,2021-12-07,15065,14729,4957,155,359,647,27,175,Organic,0,Promotion,Day,
5760,Instagram,Image,2024-10-27,8591,5400,1039,47,51,814,81,145,Organic,0,Motivation,Night,
5761,YouTube,Video,2023-11-24,5375,5048,4625,271,460,219,51,145,Organic,0,Awareness,Day,
5762,YouTube,Story,2023-05-29,4104,3812,527,43,170,929,212,90,Organic,0,Entertainment,Day,
5763,Facebook,Image,2025-08-23,5988,5305,938,37,6,991,103,56,Organic,0,Promotion,Night,
5764,Instagram,Image,2023-12-30,15811,15751,4490,214,377,53,12,115,Organic,0,Promotion,Day,
5765,YouTube,Story,2025-12-21,11064,7464,7166,159,218,1191,242,113,Organic,0,Promotion,Day,
5766,Instagram,Story,2024-07-26,18998,16061,16007,95,175,2749,196,90,Organic,0,Awareness,Day,
5767,Facebook,Image,2023-02-17,6649,5289,3951,113,348,940,227,47,Organic,0,Promotion,Day,
5768,Instagram,Video,2024-07-07,19761,14919,3679,82,498,724,99,46,Paid,2343,Entertainment,Night,
5769,Instagram,Video,2021-07-24,9164,8187,7224,180,364,1967,30,94,Organic,0,Education,Day,
5770,Facebook,Video,2022-12-21,3024,2714,2543,194,372,661,19,119,Organic,0,Education,Day,
5771,Instagram,Image,2024-08-25,8290,5550,4024,77,172,457,14,30,Paid,1916,Motivation,Day,
5772,Facebook,Story,2024-07-31,14715,9445,3767,117,411,374,46,155,Paid,3175,Education,Day,
5773,YouTube,Video,2023-03-17,17551,16867,14234,94,280,2385,93,47,Organic,0,Awareness,Night,
5774,Facebook,Image,2024-11-25,17674,11317,6514,27,338,1314,368,81,Organic,0,Education,Night,
5775,Instagram,Video,2021-04-29,7324,4503,4276,110,134,1179,273,160,Organic,0,Awareness,Day,
5776,Instagram,Reel,2022-02-24,7554,5654,2635,222,270,1670,290,141,Organic,0,Awareness,Day,
5777,Facebook,Reel,2024-06-14,3006,2872,1164,249,74,510,113,24,Paid,1796,Motivation,Day,
5778,Instagram,Image,2023-05-20,10659,8529,2363,48,409,385,90,43,Organic,0,Education,Day,
5779,Facebook,Image,2021-02-12,18589,15173,4686,255,154,2377,247,16,Paid,4997,Motivation,Day,
5780,YouTube,Story,2023-12-18,5275,3988,2140,247,12,286,50,15,Organic,0,Promotion,Day,
5781,Instagram,Reel,2021-08-02,6644,6376,4588,20,284,1737,343,158,Paid,1779,Entertainment,Night,
5782,YouTube,Image,2025-06-06,11229,9591,2291,224,244,1084,269,46,Organic,0,Education,Day,
5783,Instagram,Video,2022-01-19,7741,5558,1070,286,466,209,55,159,Organic,0,Promotion,Night,
5784,YouTube,Story,2022-06-29,16235,12963,1708,226,499,1648,114,15,Organic,0,Promotion,Day,
5785,Instagram,Reel,2023-05-22,9267,6630,6300,66,155,1884,478,42,Organic,0,Motivation,Night,
5786,Instagram,Video,2025-06-23,14137,13486,6753,91,34,1642,264,102,Organic,0,Motivation,Night,
5787,YouTube,Story,2021-08-02,16619,13007,11266,73,322,295,59,175,Paid,1280,Entertainment,Day,
5788,Instagram,Video,2024-08-08,19132,13912,11660,167,3,2684,266,23,Organic,0,Entertainment,Night,
5789,Instagram,Story,2023-06-20,1753,1413,1078,22,248,412,113,138,Paid,3704,Entertainment,Day,
5790,Facebook,Story,2023-07-31,14631,12214,1884,115,279,1279,273,178,Organic,0,Entertainment,Night,
5791,YouTube,Image,2023-06-12,9182,5996,4389,120,100,366,58,120,Organic,0,Motivation,Night,
5792,Facebook,Reel,2021-12-28,12473,12452,4196,185,64,1172,276,117,Paid,1828,Awareness,Day,
5793,Facebook,Reel,2021-02-01,10402,7213,7208,186,413,1584,446,174,Organic,0,Motivation,Night,
5794,Facebook,Story,2023-05-19,9136,6747,2551,208,54,220,62,69,Organic,0,Awareness,Day,
5795,Facebook,Video,2021-03-08,9586,6155,2399,236,442,211,13,103,Organic,0,Motivation,Day,
5796,Facebook,Reel,2021-12-13,8287,7299,6594,160,266,325,80,76,Organic,0,Motivation,Day,
5797,YouTube,Reel,2024-10-12,9205,6676,3757,243,37,1146,4,56,Paid,2976,Entertainment,Day,
5798,Instagram,Story,2022-10-21,5438,5074,1594,2,426,1003,53,122,Organic,0,Awareness,Night,
5799,Instagram,Story,2022-07-10,4149,3883,57,269,1,923,144,179,Organic,0,Promotion,Day,
5800,YouTube,Reel,2025-02-11,7301,4497,366,206,133,1101,304,124,Paid,1352,Promotion,Night,
5801,Facebook,Story,2024-02-13,4174,3743,134,79,355,796,83,11,Organic,0,Promotion,Day,
5802,Instagram,Reel,2022-05-31,19515,13716,13458,212,327,3805,861,15,Organic,0,Entertainment,Night,
5803,YouTube,Reel,2023-12-11,11452,11418,3899,281,449,1854,132,107,Paid,467,Promotion,Day,
5804,YouTube,Video,2023-04-28,13610,10789,9083,4,186,1719,182,65,Organic,0,Motivation,Day,
5805,Facebook,Video,2025-11-03,19992,16449,226,126,0,210,15,72,Paid,3012,Entertainment,Night,
5806,YouTube,Image,2024-01-07,1015,779,536,245,322,49,7,157,Organic,0,Promotion,Night,
5807,Instagram,Video,2021-01-21,6251,4383,503,277,32,104,12,144,Paid,4285,Entertainment,Night,
5808,YouTube,Image,2021-12-07,14896,13615,6200,200,85,3022,174,158,Paid,583,Motivation,Day,
5809,Facebook,Video,2022-12-15,4697,3568,2369,287,30,551,17,106,Organic,0,Entertainment,Day,
5810,Facebook,Reel,2023-07-20,15592,9376,2730,157,434,2781,129,114,Organic,0,Promotion,Day,
5811,Facebook,Reel,2022-11-12,6068,5928,2509,298,85,837,55,144,Organic,0,Entertainment,Day,
5812,Facebook,Image,2025-04-29,13794,9916,4412,165,179,2291,596,175,Paid,3611,Education,Day,
5813,Facebook,Reel,2025-04-29,3898,2446,982,184,185,624,36,55,Organic,0,Promotion,Day,
5814,YouTube,Reel,2025-09-28,18185,15041,4301,204,335,2854,466,121,Organic,0,Motivation,Day,
5815,Instagram,Video,2021-07-19,8063,7489,5428,13,179,2112,623,169,Organic,0,Awareness,Night,
5816,YouTube,Reel,2022-03-02,11524,11461,9617,209,44,1999,374,50,Paid,4667,Entertainment,Night,
5817,YouTube,Story,2024-10-02,9908,8891,1056,219,239,2396,615,57,Organic,0,Entertainment,Day,
5818,YouTube,Image,2021-03-28,19556,14417,9761,260,314,1284,333,92,Organic,0,Promotion,Day,
5819,YouTube,Video,2024-01-14,4141,3046,2303,61,242,336,33,125,Organic,0,Promotion,Day,
5820,Facebook,Story,2025-05-23,6299,5881,4391,247,138,572,86,17,Organic,0,Education,Day,
5821,YouTube,Image,2024-03-26,9436,5836,1506,282,466,1723,45,93,Organic,0,Motivation,Night,
5822,YouTube,Image,2024-01-12,17933,14018,10760,94,10,2839,752,129,Organic,0,Entertainment,Night,
5823,YouTube,Video,2025-07-01,2828,1742,1167,254,146,364,58,122,Paid,3221,Entertainment,Night,
5824,Facebook,Reel,2022-10-21,7891,7857,5387,65,169,1318,228,58,Paid,1901,Awareness,Day,
5825,YouTube,Story,2023-10-22,12267,10420,6952,6,0,2606,431,120,Organic,0,Entertainment,Night,
5826,YouTube,Reel,2024-02-26,4405,3338,3196,108,194,711,167,122,Organic,0,Entertainment,Day,
5827,Facebook,Story,2024-06-25,5992,4714,3960,19,2,383,37,8,Organic,0,Education,Night,
5828,Facebook,Image,2023-03-17,5437,4674,1138,157,355,237,5,79,Organic,0,Awareness,Day,
5829,Instagram,Image,2024-06-26,9824,9093,7939,81,428,1740,51,53,Organic,0,Entertainment,Day,
5830,Instagram,Reel,2023-07-28,10413,10172,890,272,108,1984,295,11,Organic,0,Entertainment,Day,
5831,YouTube,Video,2024-05-20,11921,10752,930,18,366,540,137,114,Organic,0,Motivation,Day,
5832,Facebook,Video,2022-09-22,14682,10855,8272,7,419,1093,235,126,Paid,3916,Entertainment,Day,
5833,YouTube,Reel,2024-10-20,9655,9435,3190,7,161,551,11,15,Paid,4484,Education,Night,
5834,YouTube,Image,2022-05-26,19470,15587,9097,95,476,2820,467,96,Organic,0,Entertainment,Day,
5835,Instagram,Story,2022-12-06,17424,17408,11705,177,71,3933,774,177,Organic,0,Entertainment,Night,
5836,Instagram,Story,2022-10-26,11874,11293,400,218,390,1694,285,27,Paid,3004,Promotion,Night,
5837,YouTube,Image,2023-12-12,13599,10349,5077,261,242,2051,488,32,Paid,2420,Entertainment,Night,
5838,YouTube,Story,2021-04-21,4655,3252,1443,133,207,46,0,115,Organic,0,Awareness,Day,
5839,Instagram,Story,2022-08-09,9684,7204,1116,299,135,1021,122,61,Organic,0,Promotion,Night,
5840,Instagram,Video,2021-01-13,17669,12945,11295,159,190,1178,233,30,Organic,0,Awareness,Day,
5841,YouTube,Reel,2023-03-01,2154,1628,987,20,218,341,95,157,Organic,0,Awareness,Day,
5842,Facebook,Image,2021-08-02,11972,8050,5311,61,101,268,66,58,Organic,0,Education,Night,
5843,Facebook,Story,2024-09-03,18524,16397,10672,288,143,3611,745,33,Organic,0,Entertainment,Day,
5844,Facebook,Reel,2021-07-31,6358,4543,2016,77,147,1177,268,101,Organic,0,Awareness,Night,
5845,Instagram,Video,2023-08-01,3508,3365,331,266,2,683,157,168,Organic,0,Entertainment,Day,
5846,Instagram,Story,2024-11-28,4537,4183,1586,194,26,772,113,18,Organic,0,Entertainment,Day,
5847,YouTube,Image,2024-05-21,9651,8024,813,132,114,10,2,82,Paid,2430,Education,Day,
5848,Instagram,Reel,2023-08-22,14619,13468,10418,156,397,3152,277,39,Organic,0,Education,Night,
5849,Facebook,Reel,2023-12-29,16727,13234,11719,258,213,2855,529,34,Organic,0,Awareness,Night,
5850,Facebook,Image,2021-07-05,3670,3002,1881,196,157,647,188,96,Organic,0,Awareness,Day,
5851,Instagram,Reel,2024-01-11,11367,11108,1331,212,324,2760,57,21,Organic,0,Promotion,Day,
5852,Facebook,Video,2025-09-11,11422,8184,5244,14,440,275,57,162,Organic,0,Entertainment,Day,
5853,YouTube,Story,2023-05-10,11527,8502,5219,250,153,265,17,97,Organic,0,Entertainment,Day,
5854,Facebook,Story,2022-11-20,3035,2107,1809,216,293,544,77,177,Organic,0,Education,Night,
5855,YouTube,Image,2024-08-04,11518,9976,8451,46,116,2315,96,83,Organic,0,Education,Night,
5856,YouTube,Video,2023-07-13,2138,1789,1600,266,355,530,61,114,Organic,0,Awareness,Night,
5857,YouTube,Reel,2021-08-12,8922,6780,6266,133,167,1190,157,106,Paid,2139,Promotion,Day,
5858,Facebook,Video,2023-01-28,6650,4816,1483,147,177,361,103,110,Organic,0,Promotion,Day,
5859,Instagram,Reel,2025-04-18,11461,10971,7622,138,394,317,13,51,Organic,0,Education,Day,
5860,YouTube,Image,2024-05-07,7804,6045,1647,68,253,210,36,68,Organic,0,Education,Day,
5861,Instagram,Video,2023-08-10,2792,1990,265,268,380,210,12,170,Organic,0,Promotion,Day,
5862,Facebook,Image,2025-05-19,3433,2150,1588,118,425,389,0,68,Organic,0,Promotion,Night,
5863,Facebook,Image,2022-07-28,10723,8675,33,92,332,851,106,91,Organic,0,Awareness,Day,
5864,Instagram,Video,2023-03-27,13299,9683,6610,91,303,1006,187,11,Paid,4204,Promotion,Day,
5865,YouTube,Story,2025-07-21,18933,16798,4939,48,184,4057,77,26,Paid,290,Entertainment,Day,
5866,YouTube,Story,2025-01-29,3888,2882,390,243,66,694,163,85,Organic,0,Promotion,Night,
5867,YouTube,Story,2023-01-20,7487,7230,5981,159,274,1561,259,173,Paid,2246,Motivation,Night,
5868,YouTube,Reel,2024-07-21,12916,9137,5469,147,335,1591,26,78,Organic,0,Promotion,Day,
5869,Instagram,Story,2021-03-14,16420,11111,3885,23,391,690,65,142,Paid,4225,Education,Night,
5870,YouTube,Video,2024-06-09,14290,9203,4363,187,335,474,57,139,Organic,0,Education,Day,
5871,Facebook,Reel,2023-01-16,18394,15986,3216,137,26,1107,242,129,Organic,0,Motivation,Day,
5872,Facebook,Reel,2023-05-08,17599,14587,3587,171,187,292,47,54,Organic,0,Entertainment,Day,
5873,Facebook,Video,2023-01-30,12721,10923,8614,78,284,982,260,56,Organic,0,Promotion,Day,
5874,Facebook,Image,2022-09-01,9540,9340,9183,21,22,859,224,165,Paid,2839,Promotion,Day,
5875,YouTube,Video,2025-08-18,12312,10332,7550,64,207,2000,213,5,Paid,276,Motivation,Night,
5876,YouTube,Story,2022-08-15,13724,8241,4126,233,452,2367,689,166,Organic,0,Awareness,Day,
5877,Instagram,Video,2025-07-12,13133,8093,2729,211,347,420,58,8,Paid,3704,Awareness,Day,
5878,Facebook,Video,2023-11-23,13834,11142,10576,203,165,3202,330,149,Paid,2624,Entertainment,Day,
5879,YouTube,Reel,2021-12-02,18527,14367,4742,93,21,4070,272,136,Organic,0,Promotion,Night,
5880,YouTube,Video,2023-03-29,9259,6538,4703,53,444,37,0,175,Organic,0,Promotion,Night,
5881,YouTube,Reel,2025-09-13,2218,2176,1563,123,174,439,120,8,Organic,0,Promotion,Day,
5882,Facebook,Reel,2022-09-09,3573,3518,3413,25,499,186,54,5,Organic,0,Education,Day,
5883,YouTube,Reel,2021-10-01,6045,5869,1292,283,210,814,27,75,Organic,0,Awareness,Day,
5884,Instagram,Story,2024-07-26,4952,3523,1220,69,74,4,0,39,Organic,0,Motivation,Day,
5885,Instagram,Reel,2021-12-16,9560,8759,366,76,118,2435,159,12,Organic,0,Education,Day,
5886,YouTube,Reel,2021-07-17,5309,3413,1833,269,480,30,0,156,Organic,0,Education,Day,
5887,Instagram,Reel,2021-11-26,6613,6197,2727,31,328,1350,344,40,Paid,4126,Awareness,Night,
5888,Instagram,Reel,2022-04-23,17000,14846,12434,82,309,785,182,127,Organic,0,Promotion,Day,
5889,YouTube,Story,2023-04-22,11574,10062,8510,140,208,477,124,47,Organic,0,Entertainment,Night,
5890,Facebook,Image,2021-04-25,16997,16750,15019,296,478,3078,292,31,Organic,0,Motivation,Night,
5891,YouTube,Reel,2022-07-18,12891,9499,4,238,20,1539,35,36,Organic,0,Awareness,Day,
5892,YouTube,Reel,2023-02-11,2761,2459,1987,96,465,251,30,82,Organic,0,Entertainment,Night,
5893,Facebook,Reel,2023-08-21,4997,4475,3452,35,250,684,108,125,Organic,0,Awareness,Day,
5894,Instagram,Story,2021-10-26,7481,6246,4900,279,292,383,75,150,Organic,0,Awareness,Night,
5895,Facebook,Reel,2022-02-05,16423,15650,11324,153,99,3690,931,160,Organic,0,Awareness,Day,
5896,YouTube,Reel,2023-06-05,17464,11757,2715,95,82,262,35,161,Organic,0,Awareness,Day,
5897,Facebook,Video,2023-12-06,18369,18018,6450,256,480,1827,201,20,Organic,0,Promotion,Day,
5898,Facebook,Video,2022-11-23,11663,8443,6304,74,248,669,55,103,Organic,0,Education,Day,
5899,Facebook,Video,2025-12-03,1898,1732,569,153,38,298,5,51,Organic,0,Awareness,Day,
5900,Facebook,Reel,2022-01-15,6628,5251,2061,189,198,693,41,35,Organic,0,Entertainment,Day,
5901,Facebook,Reel,2024-03-24,15508,14836,14828,178,17,215,28,8,Organic,0,Entertainment,Day,
5902,Facebook,Reel,2024-06-10,10160,7795,1610,235,142,640,177,169,Paid,2196,Entertainment,Night,
5903,Facebook,Reel,2022-12-02,4700,3541,848,267,228,402,109,21,Organic,0,Education,Day,
5904,YouTube,Video,2024-07-02,17661,15871,5576,124,390,2991,806,43,Paid,246,Education,Day,
5905,Instagram,Story,2024-02-24,2057,1827,1168,176,30,274,43,52,Paid,1019,Entertainment,Day,
5906,Instagram,Reel,2025-07-15,17671,16330,3686,93,379,1516,176,178,Organic,0,Promotion,Day,
5907,Facebook,Image,2021-01-10,7261,4413,573,285,223,11,3,43,Organic,0,Education,Night,
5908,Instagram,Story,2024-10-27,10945,10687,7641,179,86,1220,201,136,Organic,0,Education,Day,
5909,Instagram,Image,2025-02-24,4210,3076,1487,21,284,560,63,34,Organic,0,Promotion,Night,
5910,Facebook,Video,2023-07-28,13484,12770,12227,88,170,558,35,162,Organic,0,Awareness,Day,
5911,Instagram,Video,2024-12-18,5265,4670,905,31,456,1300,342,26,Organic,0,Education,Day,
5912,Facebook,Story,2021-12-31,13057,10742,1174,73,216,3026,420,70,Organic,0,Entertainment,Night,
5913,Facebook,Story,2025-05-29,14374,12275,808,160,291,1723,26,112,Organic,0,Entertainment,Day,
5914,YouTube,Image,2022-05-24,14182,10984,4368,87,430,1981,36,16,Paid,995,Promotion,Day,
5915,YouTube,Image,2021-11-16,10471,8943,5245,138,435,813,183,40,Organic,0,Entertainment,Day,
5916,Instagram,Reel,2021-05-18,8370,5596,2444,30,356,835,162,22,Paid,3206,Motivation,Day,
5917,Facebook,Story,2021-11-02,7807,6643,1557,61,22,145,22,94,Paid,3384,Entertainment,Day,
5918,YouTube,Video,2023-12-29,3128,2562,2535,186,123,692,105,5,Paid,2589,Promotion,Day,
5919,Facebook,Image,2021-12-01,3556,2514,1129,300,227,167,23,131,Paid,4343,Promotion,Day,
5920,Instagram,Image,2021-05-07,10231,7932,5329,195,148,2248,474,94,Organic,0,Promotion,Night,
5921,YouTube,Video,2024-07-08,10234,6808,3823,15,235,1036,211,91,Organic,0,Motivation,Night,
5922,YouTube,Video,2025-02-07,18177,11555,1788,69,150,3008,40,94,Organic,0,Education,Night,
5923,Facebook,Story,2024-05-26,10502,6376,1055,53,57,761,100,138,Organic,0,Awareness,Night,
5924,Facebook,Video,2024-04-15,17687,14563,418,143,131,2518,733,74,Paid,1544,Entertainment,Night,
5925,Facebook,Reel,2021-12-14,3279,2078,292,150,469,63,14,48,Paid,337,Education,Night,
5926,Facebook,Reel,2024-03-10,19678,13223,266,212,148,126,18,156,Organic,0,Promotion,Day,
5927,YouTube,Image,2021-05-31,2854,2254,164,140,350,87,4,90,Organic,0,Education,Day,
5928,YouTube,Reel,2023-01-29,7781,4975,722,186,372,59,11,23,Organic,0,Education,Day,
5929,Instagram,Image,2021-03-21,18111,15073,252,220,227,3733,648,105,Organic,0,Motivation,Day,
5930,Facebook,Reel,2022-06-27,12721,8580,5661,36,170,1094,59,150,Organic,0,Promotion,Day,
5931,Instagram,Reel,2021-09-04,14210,8698,7501,242,26,2321,359,99,Organic,0,Promotion,Day,
5932,Facebook,Image,2022-04-17,6114,3934,470,53,493,701,199,105,Paid,4124,Entertainment,Day,
5933,Instagram,Reel,2024-12-23,11975,8185,7086,241,433,481,20,34,Organic,0,Entertainment,Night,
5934,YouTube,Story,2024-06-16,4152,3015,458,18,201,212,47,174,Paid,4634,Entertainment,Night,
5935,Facebook,Story,2021-01-22,4441,3989,3906,255,95,863,166,37,Organic,0,Entertainment,Night,
5936,Facebook,Video,2025-10-06,11407,9692,8139,102,255,882,62,16,Paid,635,Education,Day,
5937,YouTube,Story,2023-06-18,3437,2444,130,279,331,149,0,122,Organic,0,Education,Night,
5938,Facebook,Image,2021-02-10,11032,9247,564,219,345,724,76,98,Paid,4672,Entertainment,Night,
5939,YouTube,Video,2023-04-15,5205,4423,122,298,376,471,60,159,Organic,0,Entertainment,Night,
5940,Facebook,Story,2021-07-21,19844,13852,12658,30,13,609,151,171,Organic,0,Entertainment,Night,
5941,Facebook,Image,2025-10-31,17550,11466,1812,300,69,674,184,141,Organic,0,Awareness,Day,
5942,Instagram,Video,2025-10-23,7053,6345,2747,131,318,1066,229,153,Paid,4409,Entertainment,Day,
5943,Instagram,Story,2022-01-28,5915,5006,360,76,207,542,162,80,Organic,0,Awareness,Night,
5944,YouTube,Image,2023-09-09,14971,11116,10245,201,430,2640,177,33,Organic,0,Entertainment,Day,
5945,YouTube,Video,2025-12-05,15330,11479,5476,35,487,2247,64,165,Organic,0,Promotion,Day,
5946,Facebook,Image,2021-10-05,6605,6279,1215,138,96,1311,373,121,Organic,0,Motivation,Day,
5947,Facebook,Reel,2023-10-17,1630,1414,1358,197,233,252,60,19,Paid,217,Education,Day,
5948,YouTube,Reel,2023-10-08,16033,13777,4119,27,257,545,2,6,Organic,0,Promotion,Night,
5949,Facebook,Reel,2025-01-06,8310,7578,1564,49,181,1468,42,121,Organic,0,Motivation,Day,
5950,YouTube,Reel,2024-02-25,15889,14254,12967,221,197,1461,28,176,Paid,1892,Awareness,Day,
5951,YouTube,Video,2021-12-02,3749,3704,1827,77,301,793,164,22,Paid,2970,Education,Night,
5952,Instagram,Video,2024-08-12,11662,7956,7222,287,469,575,97,7,Paid,4576,Awareness,Day,
5953,YouTube,Story,2021-06-29,14712,13631,26,122,319,1733,113,139,Organic,0,Awareness,Night,
5954,Facebook,Image,2024-09-03,1883,1710,800,247,110,184,42,175,Organic,0,Education,Day,
5955,YouTube,Reel,2022-04-14,14500,8869,5676,22,200,2165,427,170,Organic,0,Motivation,Night,
5956,YouTube,Story,2023-05-27,13813,11599,5803,10,269,2632,505,169,Paid,1786,Education,Day,
5957,YouTube,Video,2025-08-30,1868,1784,1123,111,22,37,5,165,Organic,0,Entertainment,Day,
5958,Facebook,Video,2021-04-09,14634,13906,5758,189,456,1530,184,112,Organic,0,Awareness,Day,
5959,Facebook,Story,2024-04-13,15125,11491,1106,64,133,1276,39,99,Organic,0,Entertainment,Night,
5960,Instagram,Video,2021-04-09,7920,6463,5727,92,305,134,25,126,Organic,0,Education,Day,
5961,YouTube,Video,2024-04-05,2386,1881,1519,158,312,408,11,15,Paid,2468,Education,Day,
5962,Instagram,Video,2023-12-05,18583,12873,3883,68,428,1691,252,72,Organic,0,Motivation,Night,
5963,Facebook,Video,2024-02-29,4069,3362,487,244,222,453,71,127,Organic,0,Awareness,Day,
5964,Facebook,Video,2024-11-20,15381,11954,4572,96,422,1521,11,117,Paid,4829,Promotion,Night,
5965,YouTube,Story,2025-02-20,17177,13083,7303,181,330,2628,203,102,Organic,0,Education,Night,
5966,Facebook,Reel,2025-01-06,5334,3926,3372,286,201,659,13,97,Organic,0,Promotion,Day,
5967,Instagram,Image,2022-03-13,2172,1505,596,284,219,298,7,26,Paid,4241,Awareness,Day,
5968,Instagram,Reel,2023-08-25,15486,12240,5324,38,454,3614,810,176,Paid,3024,Entertainment,Night,
5969,YouTube,Reel,2022-08-06,11337,8836,8134,0,265,1059,252,131,Organic,0,Awareness,Day,
5970,YouTube,Video,2024-01-23,4429,3006,849,252,276,58,14,138,Organic,0,Motivation,Day,
5971,Facebook,Reel,2022-05-26,3916,2353,22,257,77,118,0,174,Organic,0,Promotion,Night,
5972,Instagram,Video,2025-07-23,8842,6358,4892,12,295,1856,99,29,Paid,3775,Promotion,Day,
5973,Instagram,Video,2024-01-01,16205,12569,6562,204,43,2003,532,89,Paid,4742,Entertainment,Night,
5974,Instagram,Story,2022-06-18,19432,11810,9817,24,143,2042,405,59,Organic,0,Entertainment,Day,
5975,Facebook,Image,2025-03-06,8319,8202,1227,222,490,2416,295,148,Organic,0,Education,Night,
5976,Instagram,Reel,2024-11-13,5630,3890,1767,53,9,345,59,99,Organic,0,Awareness,Day,
5977,Facebook,Image,2021-12-13,12156,9493,316,92,267,2654,38,146,Organic,0,Motivation,Day,
5978,Facebook,Reel,2022-11-10,10904,9919,1491,271,300,1456,369,171,Organic,0,Education,Night,
5979,Instagram,Story,2025-07-14,11389,9971,9439,111,435,2215,519,160,Paid,2701,Awareness,Day,
5980,YouTube,Video,2022-12-23,7290,7112,4360,21,90,1842,281,123,Organic,0,Entertainment,Day,
5981,Instagram,Video,2023-06-22,8644,7402,6429,155,155,1204,284,13,Organic,0,Motivation,Night,
5982,YouTube,Image,2025-10-02,9356,6529,1899,193,394,1498,366,177,Organic,0,Entertainment,Night,
5983,Instagram,Story,2022-11-06,2212,1962,456,239,308,63,16,3339,Organic,0,Entertainment,Day,
5984,YouTube,Reel,2022-03-19,11025,10242,4176,92,363,1607,385,164,Organic,0,Promotion,Day,
5985,Facebook,Reel,2022-08-08,19757,11985,10523,249,275,53,5,46,Organic,0,Awareness,Night,
5986,Facebook,Video,2023-03-30,12203,8607,5199,35,404,830,75,57,Organic,0,Education,Day,
5987,Facebook,Video,2023-04-06,6231,4194,3349,22,45,873,251,78,Organic,0,Promotion,Night,
5988,Facebook,Image,2023-11-02,1646,1374,1028,81,361,218,40,43,Organic,0,Awareness,Day,
5989,Instagram,Reel,2023-05-14,11172,7763,6188,295,111,1513,433,126,Paid,2711,Awareness,Night,
5990,Facebook,Video,2024-12-09,19244,18246,9848,150,320,2700,256,19,Organic,0,Awareness,Day,
5991,YouTube,Reel,2023-03-29,12034,7365,6115,129,193,952,281,161,Organic,0,Motivation,Day,
5992,YouTube,Story,2023-12-08,13781,13205,4820,271,200,3094,23,127,Paid,298,Promotion,Day,
5993,Instagram,Reel,2023-04-09,2427,1596,375,284,363,309,91,115,Organic,0,Education,Day,
5994,YouTube,Image,2022-02-17,8305,5297,136,238,456,705,169,135,Paid,4865,Promotion,Day,
5995,Facebook,Image,2022-08-20,4421,3917,2115,217,483,86,25,87,Organic,0,Entertainment,Day,
5996,Facebook,Reel,2023-11-22,1749,1126,488,141,414,183,3,14,Paid,1770,Awareness,Night,
5997,YouTube,Story,2023-12-17,11444,7443,2843,139,385,734,155,96,Paid,4598,Entertainment,Day,
5998,Instagram,Video,2025-05-14,3849,3349,1246,251,385,213,25,33,Paid,3829,Promotion,Night,
5999,Instagram,Reel,2023-07-27,11078,7831,4311,68,23,1433,12,39,Organic,0,Education,Day,
6000,YouTube,Video,2024-10-10,7553,6967,3631,260,219,1456,422,10,Organic,0,Entertainment,Night,
6001,YouTube,Video,2022-11-16,15655,13050,12735,164,97,3551,681,144,Organic,0,Entertainment,Night,
6002,Instagram,Video,2025-08-04,11442,10831,10687,112,200,2609,647,115,Organic,0,Motivation,Night,
6003,Instagram,Reel,2021-05-20,15822,11204,4148,241,143,889,199,42,Paid,2320,Promotion,Day,
6004,Instagram,Reel,2021-07-10,3770,2991,613,161,223,782,212,81,Organic,0,Entertainment,Night,
6005,Facebook,Reel,2023-11-08,14623,14579,11459,135,334,527,70,97,Organic,0,Promotion,Day,
6006,YouTube,Image,2022-12-02,8932,7065,4321,82,356,1235,279,151,Organic,0,Education,Day,
6007,Instagram,Reel,2023-10-12,15732,15019,985,198,34,2962,762,71,Organic,0,Entertainment,Night,
6008,Instagram,Story,2021-06-13,9533,9284,1408,193,156,1601,15,140,Paid,3550,Education,Day,
6009,Instagram,Image,2021-11-14,1840,1165,1046,103,463,31,9,12,Paid,3414,Entertainment,Day,
6010,YouTube,Image,2023-12-02,11815,10583,7824,245,195,517,114,126,Organic,0,Awareness,Day,
6011,Instagram,Image,2022-04-05,11763,9192,1989,144,176,0,0,88,Organic,0,Motivation,Day,
6012,Facebook,Video,2022-07-13,4751,4664,1046,272,331,395,57,179,Organic,0,Motivation,Day,
6013,Facebook,Image,2025-07-24,6353,5523,2800,92,291,729,204,136,Organic,0,Motivation,Night,
6014,Instagram,Reel,2023-01-12,8299,7713,3721,189,389,1541,245,89,Paid,4341,Education,Day,
6015,Instagram,Reel,2022-04-25,9251,6946,4956,229,184,1058,7,49,Paid,545,Promotion,Night,
6016,Instagram,Reel,2024-09-06,12731,10335,2968,25,438,970,204,140,Organic,0,Motivation,Night,
6017,Instagram,Story,2022-11-11,19952,14117,8108,203,183,3588,68,91,Organic,0,Entertainment,Day,
6018,Facebook,Video,2024-09-16,17525,16320,1115,287,373,1645,312,20,Organic,0,Entertainment,Night,
6019,Facebook,Reel,2025-11-25,16351,12964,7311,31,139,3164,707,81,Organic,0,Awareness,Night,
6020,YouTube,Image,2025-01-20,8864,7412,514,180,393,2212,339,13,Organic,0,Education,Day,
6021,Instagram,Reel,2024-08-21,17964,12689,403,67,421,1111,333,64,Organic,0,Entertainment,Day,
6022,Instagram,Story,2022-10-14,16274,15636,14300,90,411,1966,562,82,Organic,0,Entertainment,Night,
6023,Instagram,Video,2025-04-25,10184,6358,2470,217,263,319,78,81,Organic,0,Awareness,Night,
6024,Instagram,Image,2024-12-29,18208,14079,3266,130,480,383,69,75,Organic,0,Awareness,Night,
6025,Instagram,Video,2023-06-19,6704,6019,912,179,228,339,39,19,Paid,4107,Promotion,Day,
6026,Facebook,Video,2025-05-21,19018,15146,5593,208,62,1585,245,75,Paid,3899,Promotion,Day,
6027,Instagram,Image,2022-03-10,14227,9820,1405,120,379,266,62,106,Organic,0,Promotion,Day,
6028,Instagram,Video,2021-05-10,18286,16889,7061,38,291,4057,404,2196,Organic,0,Entertainment,Night,
6029,Facebook,Video,2025-11-11,4845,3721,1737,86,159,870,212,26,Organic,0,Awareness,Night,
6030,Facebook,Image,2023-12-07,14012,13464,7856,201,88,2967,558,156,Organic,0,Education,Day,
6031,Instagram,Reel,2022-10-02,3490,3122,515,131,252,141,11,117,Organic,0,Promotion,Night,
6032,Facebook,Image,2021-03-28,14265,13902,1679,200,431,3470,901,176,Paid,4204,Motivation,Day,
6033,Facebook,Story,2023-11-29,15520,10065,7540,72,170,2612,274,5,Organic,0,Entertainment,Night,
6034,YouTube,Story,2021-12-20,15945,13964,2479,257,28,3035,708,14,Organic,0,Education,Day,
6035,YouTube,Reel,2025-04-03,1848,1743,1591,226,122,193,18,114,Organic,0,Entertainment,Night,
6036,Instagram,Video,2022-08-09,9229,6934,536,177,448,1103,65,117,Paid,4845,Promotion,Day,
6037,YouTube,Video,2022-01-06,11311,11028,9269,170,43,760,219,54,Paid,4934,Entertainment,Day,
6038,YouTube,Image,2023-07-13,15569,10095,7474,241,334,2472,1,16,Organic,0,Promotion,Day,
6039,YouTube,Reel,2025-11-18,15006,14470,1592,200,461,1617,423,93,Organic,0,Entertainment,Night,
6040,YouTube,Image,2022-02-07,10756,9014,4849,82,178,998,283,158,Organic,0,Promotion,Night,
6041,YouTube,Reel,2022-05-17,11564,7004,6679,45,16,913,184,116,Organic,0,Awareness,Day,
6042,Instagram,Image,2024-11-30,4284,2898,1341,35,149,345,38,82,Organic,0,Awareness,Night,
6043,Facebook,Image,2025-10-05,19983,16812,15441,21,119,4958,733,173,Organic,0,Awareness,Night,
6044,Instagram,Reel,2023-01-09,4122,3912,1514,282,100,983,0,168,Organic,0,Awareness,Night,
6045,YouTube,Story,2025-06-30,7114,4436,2511,189,198,137,17,125,Organic,0,Awareness,Day,
6046,Facebook,Reel,2024-06-15,7323,6015,3579,256,221,1791,482,27,Organic,0,Motivation,Day,
6047,Facebook,Story,2022-10-01,8709,6942,4747,259,448,1230,342,175,Paid,1930,Entertainment,Day,
6048,YouTube,Image,2022-02-02,4836,2963,1836,98,289,677,103,138,Organic,0,Awareness,Day,
6049,YouTube,Story,2024-12-24,5574,3455,575,297,150,772,210,175,Organic,0,Motivation,Night,
6050,YouTube,Story,2024-06-11,5811,4060,1830,134,489,156,5,29,Organic,0,Motivation,Day,
6051,Facebook,Image,2023-06-02,7962,7407,4435,86,30,1397,25,22,Organic,0,Entertainment,Day,
6052,YouTube,Video,2023-09-11,19869,16664,3093,70,476,1696,257,145,Organic,0,Entertainment,Day,
6053,Facebook,Reel,2025-01-21,1606,1183,83,53,188,261,19,47,Organic,0,Promotion,Day,
6054,Instagram,Image,2022-12-17,1084,1049,872,40,222,188,39,82,Organic,0,Promotion,Night,
6055,YouTube,Reel,2023-11-17,19311,17746,1249,158,372,498,99,32,Organic,0,Awareness,Night,
6056,Instagram,Image,2024-11-28,2009,1211,1066,8,40,167,43,150,Organic,0,Education,Day,
6057,Instagram,Video,2022-05-08,7572,5028,2930,252,134,561,54,63,Organic,0,Promotion,Night,
6058,YouTube,Video,2025-12-13,7423,5213,2818,136,294,209,47,67,Paid,2901,Education,Day,
6059,Facebook,Image,2025-04-03,11891,8199,1765,194,431,2367,83,96,Organic,0,Promotion,Night,
6060,Instagram,Video,2023-02-16,2546,2143,2007,213,162,68,7,60,Organic,0,Motivation,Day,
6061,Instagram,Reel,2024-03-21,19644,12841,6519,12,461,74,11,159,Organic,0,Motivation,Day,
6062,Facebook,Video,2023-05-12,19678,12029,1759,42,174,3596,152,164,Paid,4290,Motivation,Night,
6063,Instagram,Story,2024-07-02,8100,7898,1722,153,186,1705,18,115,Organic,0,Education,Night,
6064,YouTube,Reel,2023-10-07,7409,7128,481,1,435,1092,311,141,Paid,2775,Awareness,Day,
6065,Instagram,Reel,2022-02-07,14567,9013,474,183,112,477,95,72,Paid,2567,Promotion,Night,
6066,Facebook,Video,2022-09-24,6867,5528,2461,253,22,884,88,50,Organic,0,Promotion,Night,
6067,Facebook,Story,2025-12-15,9674,7490,2643,182,49,1131,282,71,Organic,0,Education,Day,
6068,Facebook,Story,2021-11-30,14255,13223,517,170,456,2999,215,158,Organic,0,Motivation,Day,
6069,Facebook,Reel,2021-06-14,15760,15655,6055,101,290,2369,102,140,Paid,3966,Awareness,Day,
6070,Facebook,Video,2023-11-17,4216,3812,2841,202,416,3,0,10,Organic,0,Promotion,Night,
6071,Facebook,Story,2024-07-02,14119,12547,2542,37,259,1804,27,28,Organic,0,Awareness,Night,
6072,Facebook,Video,2025-11-28,11887,11263,4278,96,310,1551,271,98,Organic,0,Awareness,Day,
6073,Facebook,Reel,2021-03-08,9533,6310,2675,276,424,1208,7,177,Organic,0,Entertainment,Night,
6074,Facebook,Video,2024-05-31,11631,10943,3141,244,12,2105,204,17,Organic,0,Awareness,Night,
6075,YouTube,Reel,2025-03-20,8023,6665,423,188,495,965,105,29,Organic,0,Entertainment,Day,
6076,Facebook,Story,2024-03-06,19080,17920,17018,181,105,4546,838,152,Organic,0,Education,Day,
6077,Facebook,Video,2023-07-29,3016,2744,773,131,499,258,66,122,Organic,0,Motivation,Day,
6078,YouTube,Story,2024-09-01,1734,1646,29,163,29,178,44,86,Organic,0,Entertainment,Day,
6079,Facebook,Image,2024-12-25,3355,3146,307,253,449,103,7,115,Paid,287,Awareness,Night,
6080,Instagram,Story,2023-11-21,2097,1260,223,69,349,19,2,86,Organic,0,Motivation,Day,
6081,YouTube,Story,2021-08-01,7301,7105,5557,166,84,1027,259,70,Paid,3167,Awareness,Day,
6082,YouTube,Story,2023-02-28,11430,9535,5916,220,40,1019,292,49,Organic,0,Awareness,Night,
6083,Facebook,Image,2021-11-15,9898,7039,501,32,466,414,119,118,Organic,0,Entertainment,Day,
6084,YouTube,Story,2022-11-14,2918,2140,441,254,412,132,7,179,Paid,419,Education,Day,
6085,Instagram,Reel,2025-12-18,15133,9976,2581,128,384,453,24,67,Organic,0,Awareness,Day,
6086,YouTube,Image,2022-12-04,2238,1955,1665,39,67,415,95,80,Paid,3438,Entertainment,Day,
6087,Instagram,Video,2024-02-29,5045,3821,3755,30,0,845,182,118,Paid,521,Awareness,Night,
6088,YouTube,Video,2022-03-01,3523,2244,502,214,232,168,45,115,Organic,0,Motivation,Day,
6089,Facebook,Image,2023-01-26,19995,18760,15227,125,95,3125,345,151,Organic,0,Education,Night,
6090,Instagram,Video,2023-11-01,8254,7198,2403,123,157,787,99,39,Organic,0,Awareness,Day,
6091,Facebook,Video,2025-07-01,10225,7745,6143,249,135,695,44,57,Organic,0,Education,Day,
6092,Facebook,Video,2024-10-12,2827,2338,1403,188,3,204,32,30,Organic,0,Education,Day,
6093,Facebook,Reel,2023-06-12,9858,6576,3254,78,169,1074,35,18,Organic,0,Motivation,Night,
6094,Facebook,Image,2021-02-23,15601,13389,3031,239,146,733,21,122,Organic,0,Motivation,Day,
6095,Facebook,Video,2023-02-03,5007,4956,2865,235,463,103,26,49,Organic,0,Promotion,Day,
6096,Instagram,Video,2022-11-27,19761,16025,9040,159,303,688,95,176,Paid,1228,Education,Night,
6097,Instagram,Reel,2023-05-19,12707,10639,10271,162,71,685,159,55,Paid,4770,Awareness,Day,
6098,Facebook,Story,2021-09-20,5513,3700,579,135,397,991,101,175,Organic,0,Motivation,Day,
6099,YouTube,Reel,2024-01-01,18186,14839,368,79,316,1405,290,123,Paid,1127,Awareness,Day,
6100,Instagram,Video,2023-02-26,3492,3412,2677,124,368,939,88,155,Organic,0,Education,Night,
6101,Instagram,Image,2024-07-04,9608,6360,4224,56,125,67,9,23,Organic,0,Motivation,Night,
6102,Instagram,Reel,2025-11-04,4496,3292,2955,190,116,371,97,86,Organic,0,Promotion,Day,
6103,YouTube,Reel,2022-07-29,2984,2237,64,7,59,61,4,80,Organic,0,Education,Day,
6104,Instagram,Story,2023-05-19,4706,3254,757,42,144,67,9,96,Organic,0,Awareness,Day,
6105,Facebook,Video,2024-10-20,9137,7386,6950,190,171,1958,514,37,Paid,1072,Promotion,Night,
6106,Facebook,Reel,2021-02-18,5525,3860,1750,27,379,979,242,151,Paid,1034,Education,Day,
6107,Instagram,Image,2024-08-25,11019,10431,3011,179,206,1636,318,32,Organic,0,Motivation,Day,
6108,YouTube,Story,2021-05-11,15288,14480,252,229,353,2504,79,127,Paid,829,Education,Night,
6109,Instagram,Reel,2023-02-18,15236,11516,11478,228,361,2531,637,130,Organic,0,Entertainment,Day,
6110,YouTube,Video,2023-11-03,14201,10076,7256,57,466,891,210,41,Organic,0,Awareness,Day,
6111,YouTube,Story,2022-10-06,4472,3944,2600,94,65,578,127,158,Paid,3982,Motivation,Night,
6112,Instagram,Video,2025-12-17,2490,1591,1499,144,72,33,2,103,Organic,0,Motivation,Night,
6113,Facebook,Reel,2022-04-28,5213,4639,1722,282,43,1167,114,102,Organic,0,Entertainment,Day,
6114,YouTube,Image,2023-04-13,10979,8489,6653,241,157,869,57,131,Organic,0,Promotion,Day,
6115,Instagram,Video,2021-03-23,11072,10028,1835,269,413,2384,498,172,Organic,0,Motivation,Day,
6116,Instagram,Image,2023-01-28,11829,7653,1051,122,298,450,30,84,Organic,0,Promotion,Day,
6117,Facebook,Story,2022-10-22,2967,2183,2112,205,5,506,30,42,Organic,0,Promotion,Night,
6118,Instagram,Reel,2022-03-07,6956,5820,2476,173,408,617,33,81,Organic,0,Promotion,Night,
6119,Facebook,Reel,2025-02-26,17694,15021,7306,35,415,2339,385,130,Organic,0,Education,Night,
6120,YouTube,Video,2022-12-11,10212,8018,2924,235,321,2258,508,91,Organic,0,Entertainment,Day,
6121,Facebook,Story,2022-06-13,3145,2025,571,25,30,509,135,58,Organic,0,Awareness,Day,
6122,Facebook,Story,2025-05-04,6116,5665,1392,141,157,1690,133,154,Paid,2614,Entertainment,Day,
6123,Instagram,Video,2023-03-10,8571,6950,2347,158,275,839,103,20,Organic,0,Motivation,Day,
6124,Facebook,Video,2024-01-08,14016,12165,6670,34,269,478,30,32,Organic,0,Entertainment,Day,
6125,YouTube,Story,2024-08-13,6531,5924,3648,237,147,1468,225,167,Organic,0,Awareness,Day,
6126,Facebook,Reel,2023-02-07,14684,12399,7582,120,354,2121,298,177,Organic,0,Education,Day,
6127,Facebook,Video,2023-11-24,8941,7994,2602,212,253,419,81,50,Organic,0,Motivation,Day,
6128,Instagram,Story,2025-06-09,11718,9363,5765,175,338,495,54,76,Organic,0,Education,Day,
6129,Instagram,Video,2025-01-22,15358,14106,7801,226,328,3741,61,89,Paid,219,Motivation,Day,
6130,Instagram,Reel,2023-02-04,2811,2318,109,10,36,646,163,30,Organic,0,Awareness,Day,
6131,YouTube,Image,2021-08-02,16890,11738,2819,179,300,425,67,89,Organic,0,Education,Day,
6132,Facebook,Story,2024-03-22,6747,4492,3128,229,353,1307,93,157,Organic,0,Awareness,Day,
6133,Instagram,Reel,2023-01-20,5167,4158,2674,53,255,107,23,69,Organic,0,Awareness,Night,
6134,Instagram,Story,2022-12-29,16372,12188,2556,206,157,2599,544,138,Organic,0,Entertainment,Day,
6135,YouTube,Reel,2022-09-23,6101,4764,1260,12,94,442,112,155,Organic,0,Motivation,Night,
6136,Instagram,Story,2021-01-08,5167,3310,2338,207,21,281,9,119,Paid,1080,Promotion,Night,
6137,Facebook,Video,2021-11-17,15994,10922,1750,142,262,1540,174,68,Organic,0,Promotion,Day,
6138,Instagram,Reel,2023-04-23,16116,13104,7194,87,191,192,39,91,Paid,1533,Education,Day,
6139,YouTube,Story,2021-11-26,2099,1315,798,99,404,293,30,175,Organic,0,Awareness,Day,
6140,Instagram,Story,2021-01-03,6877,4368,341,203,457,766,187,111,Organic,0,Entertainment,Day,
6141,Facebook,Story,2024-01-13,19622,14953,4465,179,64,929,171,155,Organic,0,Motivation,Day,
6142,YouTube,Video,2022-06-26,8124,6499,6084,13,409,512,148,100,Organic,0,Education,Night,
6143,Facebook,Image,2024-01-07,2089,2066,2013,206,382,174,2,162,Paid,643,Awareness,Day,
6144,YouTube,Reel,2021-10-22,2117,1574,197,185,61,29,6,81,Organic,0,Promotion,Night,
6145,Facebook,Reel,2023-08-27,16278,12346,9446,208,14,510,96,150,Organic,0,Promotion,Night,
6146,YouTube,Story,2022-04-25,12053,11515,11120,108,138,1762,362,91,Paid,3359,Motivation,Day,
6147,YouTube,Story,2025-08-21,6837,4837,1777,40,404,67,15,153,Paid,1946,Motivation,Day,
6148,YouTube,Reel,2021-12-11,2482,2443,2299,238,129,466,117,61,Paid,4140,Motivation,Day,
6149,Instagram,Image,2025-02-11,11894,11286,4801,84,276,2320,197,107,Paid,620,Education,Day,
6150,Instagram,Image,2025-05-04,14025,8685,8680,230,489,336,62,155,Organic,0,Motivation,Day,
6151,YouTube,Reel,2021-08-01,7993,6853,271,179,88,234,15,95,Paid,2308,Education,Night,
6152,YouTube,Reel,2023-01-16,5928,4407,1723,238,252,1084,113,49,Organic,0,Entertainment,Day,
6153,Facebook,Video,2025-06-18,11991,7556,3256,123,322,1104,146,176,Paid,4196,Awareness,Day,
6154,Facebook,Image,2024-10-27,7131,5359,4496,128,209,570,140,92,Paid,1558,Promotion,Night,
6155,YouTube,Image,2024-12-31,2135,1566,214,202,370,432,28,119,Organic,0,Education,Day,
6156,Instagram,Reel,2021-09-23,13007,10465,3217,292,240,2584,318,51,Paid,2826,Awareness,Day,
6157,Instagram,Video,2024-10-04,2824,1964,1518,197,313,123,19,172,Organic,0,Motivation,Day,
6158,YouTube,Reel,2021-05-30,2140,1603,1250,218,338,242,48,174,Organic,0,Promotion,Day,
6159,Facebook,Video,2024-04-17,13017,9968,4344,101,250,1203,42,139,Organic,0,Education,Night,
6160,Instagram,Image,2024-09-14,16234,10011,538,169,5,683,158,54,Paid,1495,Motivation,Night,
6161,YouTube,Reel,2025-08-21,7736,5957,3695,95,385,846,199,88,Organic,0,Awareness,Day,
6162,Instagram,Video,2025-07-14,9985,7617,2409,275,389,1099,166,95,Organic,0,Entertainment,Day,
6163,YouTube,Image,2024-04-29,12707,8331,5246,201,374,348,74,138,Organic,0,Awareness,Day,
6164,Instagram,Image,2024-10-10,8710,5946,4957,36,389,1764,190,95,Paid,3374,Education,Night,
6165,Instagram,Video,2023-11-08,4780,3025,736,177,308,833,125,141,Organic,0,Entertainment,Night,
6166,YouTube,Image,2024-04-06,6615,5829,4889,149,483,365,101,113,Paid,3953,Entertainment,Day,
6167,Instagram,Reel,2021-10-18,5574,3941,2237,131,36,267,77,61,Paid,4029,Motivation,Day,
6168,Instagram,Image,2025-10-30,19086,15080,1419,250,207,2706,809,35,Organic,0,Awareness,Night,
6169,Instagram,Story,2024-10-03,13267,11929,8532,266,500,662,40,25,Organic,0,Education,Day,
6170,Facebook,Reel,2023-10-21,8718,7015,1924,144,24,1773,14,94,Paid,611,Entertainment,Night,
6171,YouTube,Image,2025-07-02,17835,12347,8376,111,200,3002,833,44,Paid,1622,Motivation,Night,
6172,Instagram,Image,2023-03-08,4682,3529,1566,265,12,373,109,116,Paid,3181,Entertainment,Day,
6173,Instagram,Reel,2023-05-05,18763,11438,833,12,25,1971,378,49,Organic,0,Awareness,Night,
6174,Facebook,Reel,2021-01-28,7108,4850,3351,8,143,992,186,81,Paid,1846,Promotion,Day,
6175,YouTube,Reel,2024-02-22,16412,9893,3639,231,410,2534,159,91,Organic,0,Education,Night,
6176,YouTube,Image,2021-08-17,3850,2852,1182,230,421,145,43,152,Organic,0,Promotion,Day,
6177,Facebook,Reel,2022-04-12,6785,6114,5168,73,350,1695,291,105,Paid,1439,Awareness,Day,
6178,Facebook,Story,2025-11-26,14357,12737,4260,80,255,2548,285,121,Organic,0,Promotion,Day,
6179,Facebook,Reel,2025-02-01,14650,9821,6475,293,446,2501,252,96,Paid,2137,Awareness,Night,
6180,Facebook,Image,2021-03-02,17736,12396,2848,263,43,578,79,149,Organic,0,Awareness,Day,
6181,Facebook,Video,2021-06-04,12325,11510,9658,259,419,429,106,32,Paid,4879,Motivation,Day,
6182,Facebook,Reel,2021-02-09,2009,1819,473,201,370,63,8,173,Organic,0,Promotion,Day,
6183,Instagram,Story,2025-05-12,6799,5871,1040,95,247,300,34,29,Organic,0,Entertainment,Day,
6184,Instagram,Reel,2023-03-10,12776,12598,2193,247,91,1060,69,62,Paid,1484,Awareness,Night,
6185,Instagram,Reel,2022-10-08,7074,4848,1196,163,25,208,51,45,Organic,0,Promotion,Day,
6186,YouTube,Image,2022-01-20,4156,3296,1038,185,49,633,148,138,Organic,0,Entertainment,Night,
6187,Facebook,Video,2025-07-27,3796,3720,1728,2,279,808,86,79,Paid,3947,Education,Night,
6188,Instagram,Video,2025-05-24,14073,9864,3682,102,297,1213,303,42,Organic,0,Entertainment,Night,
6189,Facebook,Story,2021-01-10,14934,12450,7606,165,432,3331,738,138,Paid,4127,Promotion,Night,
6190,Instagram,Video,2022-09-17,5880,5191,765,262,43,809,190,177,Organic,0,Promotion,Day,
6191,YouTube,Reel,2023-07-18,7953,5322,4696,60,298,1348,1,79,Organic,0,Entertainment,Day,
6192,Instagram,Video,2022-11-07,3859,3415,3175,210,479,538,102,146,Paid,474,Entertainment,Night,
6193,Facebook,Story,2024-09-22,8120,6644,6453,32,496,1188,355,70,Organic,0,Awareness,Night,
6194,Facebook,Story,2023-05-12,13393,11787,5819,297,38,3020,890,172,Organic,0,Promotion,Day,
6195,YouTube,Reel,2023-04-12,13422,11431,2259,101,193,2397,453,7,Organic,0,Awareness,Night,
6196,Instagram,Reel,2021-08-02,10002,7255,3688,2,377,1423,351,121,Paid,3122,Awareness,Night,
6197,Instagram,Video,2021-11-14,9812,6694,3425,79,220,1817,257,103,Organic,0,Education,Night,
6198,Instagram,Story,2023-08-20,7472,4973,1211,92,74,1018,239,156,Organic,0,Promotion,Night,
6199,Facebook,Video,2021-09-26,4236,2921,2418,245,98,696,77,23,Organic,0,Awareness,Night,
6200,Facebook,Video,2025-11-25,17816,11447,3810,131,227,2736,750,150,Organic,0,Education,Night,
6201,YouTube,Reel,2021-07-26,7684,5035,4840,187,276,929,167,120,Organic,0,Awareness,Day,
6202,Facebook,Reel,2021-01-31,8746,8231,3852,86,242,2291,334,129,Organic,0,Awareness,Night,
6203,Facebook,Story,2022-03-01,4313,2636,358,111,162,305,40,92,Organic,0,Promotion,Day,
6204,YouTube,Video,2022-08-27,14975,10637,7200,39,309,2752,725,39,Organic,0,Entertainment,Day,
6205,Instagram,Story,2025-04-05,3113,2646,1827,43,359,235,25,5,Organic,0,Entertainment,Night,
6206,Facebook,Reel,2024-08-01,12747,9781,5302,154,55,864,124,157,Organic,0,Promotion,Night,
6207,YouTube,Reel,2024-03-16,16884,16690,1068,203,472,3360,557,177,Organic,0,Entertainment,Night,
6208,Facebook,Story,2024-04-27,18675,12294,5586,282,352,2333,660,130,Paid,3462,Motivation,Day,
6209,Instagram,Image,2022-09-14,2361,1593,242,285,213,475,131,93,Organic,0,Entertainment,Day,
6210,Facebook,Video,2025-03-30,19772,19679,13999,90,189,5625,204,148,Organic,0,Awareness,Day,
6211,YouTube,Image,2022-10-22,10612,7968,2774,51,102,437,77,151,Organic,0,Awareness,Day,
6212,YouTube,Image,2025-05-31,8110,6984,3817,148,434,1776,113,155,Organic,0,Education,Night,
6213,YouTube,Story,2023-05-30,13649,8858,4467,123,115,1765,102,29,Paid,2865,Promotion,Day,
6214,Facebook,Reel,2025-03-21,15833,15085,6267,240,40,162,30,20,Paid,3370,Education,Day,
6215,YouTube,Image,2023-09-18,5163,5137,4960,191,493,1435,132,77,Organic,0,Awareness,Day,
6216,Instagram,Story,2021-08-10,8842,8600,6,198,318,319,22,133,Organic,0,Awareness,Night,
6217,YouTube,Video,2023-07-04,15780,10618,4470,45,283,2433,436,46,Organic,0,Education,Day,
6218,Facebook,Video,2021-05-14,15091,10444,6177,227,282,2510,200,151,Organic,0,Motivation,Night,
6219,Instagram,Story,2024-02-18,15819,12059,8051,132,7,3044,706,166,Paid,4306,Entertainment,Day,
6220,Instagram,Reel,2023-01-15,4834,4144,988,231,498,294,81,84,Organic,0,Motivation,Day,
6221,YouTube,Image,2023-03-12,11973,9855,1838,151,361,4,1,108,Organic,0,Motivation,Night,
6222,Facebook,Image,2022-04-10,8666,7416,1029,193,244,1113,25,150,Organic,0,Motivation,Day,
6223,Facebook,Video,2023-05-07,12019,9515,4821,45,132,1415,225,38,Paid,1364,Motivation,Day,
6224,Facebook,Story,2021-05-07,5244,4603,3213,100,209,1351,385,93,Organic,0,Entertainment,Night,
6225,Instagram,Reel,2024-08-16,2842,2151,2077,267,95,521,84,129,Paid,4344,Promotion,Night,
6226,Facebook,Image,2024-06-19,7220,4806,3982,262,110,430,38,49,Organic,0,Education,Night,
6227,Facebook,Story,2024-12-03,11114,8328,1770,237,451,1470,274,138,Organic,0,Motivation,Night,
6228,Facebook,Image,2023-01-12,16274,13116,11527,294,75,1012,262,25,Paid,4786,Motivation,Day,
6229,YouTube,Image,2022-07-07,5645,4755,3334,100,215,1325,357,126,Organic,0,Education,Day,
6230,YouTube,Image,2021-07-18,14279,10013,1898,223,189,2058,509,74,Organic,0,Education,Day,
6231,Instagram,Story,2025-04-01,7952,7379,1599,137,473,1402,305,100,Organic,0,Promotion,Night,
6232,Facebook,Reel,2023-10-27,13101,8250,4319,275,211,1740,344,109,Organic,0,Awareness,Night,
6233,Instagram,Reel,2025-02-06,8715,8431,5464,166,355,250,73,52,Organic,0,Promotion,Day,
6234,Facebook,Story,2024-12-06,10067,6537,1796,43,159,914,104,43,Paid,2727,Awareness,Day,
6235,YouTube,Story,2021-11-22,19545,17500,8271,158,369,972,134,35,Organic,0,Entertainment,Day,
6236,Instagram,Reel,2025-09-22,2087,1845,637,73,281,411,59,14,Paid,422,Promotion,Night,
6237,YouTube,Story,2022-09-26,12820,11743,2603,248,325,1071,16,34,Organic,0,Entertainment,Day,
6238,Instagram,Image,2023-01-25,16245,16220,7061,194,478,161,12,22,Organic,0,Education,Night,
6239,Facebook,Image,2024-03-14,8584,5354,2625,39,341,927,226,92,Organic,0,Promotion,Night,
6240,Facebook,Story,2024-12-12,1015,907,784,50,318,14,3,129,Paid,4680,Education,Night,
6241,YouTube,Story,2025-08-20,10271,6351,3343,52,185,998,86,77,Paid,1809,Motivation,Day,
6242,YouTube,Reel,2023-10-20,2368,1698,1154,77,71,60,2,19,Paid,4921,Education,Night,
6243,Facebook,Reel,2025-03-31,2725,1928,1266,14,2,325,11,8,Organic,0,Motivation,Night,
6244,YouTube,Video,2021-04-02,6876,6521,2489,225,131,1409,182,172,Organic,0,Awareness,Day,
6245,Facebook,Story,2021-04-23,15606,10808,6064,164,64,2526,585,13,Organic,0,Motivation,Day,
6246,Facebook,Video,2024-11-22,8885,7303,2068,253,176,2064,192,113,Paid,1562,Awareness,Night,
6247,Facebook,Story,2023-02-11,16731,15790,4645,69,422,2399,320,141,Organic,0,Motivation,Night,
6248,YouTube,Story,2025-08-14,13523,10012,6789,175,33,801,53,158,Organic,0,Motivation,Day,
6249,Instagram,Reel,2024-12-31,19701,19347,1738,286,70,344,26,136,Organic,0,Entertainment,Day,
6250,Instagram,Video,2021-08-29,10653,7121,3322,130,338,853,21,20,Organic,0,Entertainment,Day,
6251,Instagram,Reel,2022-02-17,9616,9064,4762,60,494,2382,42,147,Organic,0,Education,Night,
6252,Instagram,Reel,2022-02-22,16903,15734,15323,21,490,3965,398,103,Paid,1947,Entertainment,Night,
6253,YouTube,Reel,2025-08-31,15872,10432,1507,196,343,2240,155,125,Organic,0,Awareness,Day,
6254,YouTube,Reel,2024-03-11,1552,1375,137,270,475,340,24,1999,Paid,30208,Entertainment,Day,
6255,YouTube,Video,2023-12-04,13327,11775,10836,13,278,2600,681,73,Paid,4636,Education,Night,
6256,YouTube,Image,2024-02-15,2990,2109,1964,3,394,241,69,9,Organic,0,Promotion,Night,
6257,Instagram,Image,2022-05-07,5601,4817,2536,138,337,921,162,24,Organic,0,Awareness,Night,
6258,Instagram,Reel,2022-08-21,3091,1996,1071,200,127,193,22,83,Organic,0,Promotion,Night,
6259,YouTube,Reel,2022-09-20,19532,17464,7587,257,359,3212,166,150,Paid,729,Awareness,Day,
6260,YouTube,Image,2022-04-07,9599,8310,5652,38,133,589,14,115,Organic,0,Education,Night,
6261,YouTube,Reel,2024-08-09,11511,6988,5096,186,392,181,38,6,Organic,0,Entertainment,Day,
6262,YouTube,Story,2024-06-14,16704,11156,3859,295,486,2134,385,97,Organic,0,Promotion,Night,
6263,Instagram,Reel,2025-01-10,3937,2412,901,109,470,392,108,17,Organic,0,Promotion,Night,
6264,YouTube,Story,2022-10-18,18029,12326,8851,26,439,1821,393,8,Organic,0,Entertainment,Night,
6265,Facebook,Reel,2023-03-13,6832,5327,1928,285,185,1180,199,174,Organic,0,Education,Night,
6266,YouTube,Video,2022-01-09,18951,14196,26,57,324,2713,756,113,Paid,2968,Entertainment,Day,
6267,Instagram,Image,2024-02-02,12932,10299,9742,72,2,1240,157,78,Paid,444,Motivation,Day,
6268,Facebook,Image,2021-08-03,15633,11599,228,96,347,233,46,99,Organic,0,Motivation,Day,
6269,Instagram,Video,2023-07-24,5412,3943,548,176,398,210,57,109,Organic,0,Motivation,Night,
6270,YouTube,Video,2023-12-21,9229,8601,426,106,90,2568,611,12,Paid,332,Promotion,Night,
6271,YouTube,Reel,2025-01-20,1204,1075,996,67,260,140,6,71,Organic,0,Promotion,Night,
6272,YouTube,Story,2023-07-19,3214,2040,1674,229,167,153,38,114,Paid,2296,Education,Night,
6273,Instagram,Video,2022-03-16,12704,8559,913,252,390,637,110,13,Organic,0,Awareness,Day,
6274,YouTube,Reel,2024-12-08,14970,14349,2594,178,52,1733,212,121,Organic,0,Entertainment,Day,
6275,Facebook,Reel,2025-09-08,16301,12951,1934,84,250,1758,447,15,Organic,0,Awareness,Day,
6276,YouTube,Reel,2025-10-14,10360,9639,4962,186,295,656,25,103,Organic,0,Promotion,Night,
6277,Instagram,Image,2024-06-29,12390,12035,5741,203,81,725,163,46,Paid,4202,Entertainment,Night,
6278,Instagram,Video,2025-01-25,3094,3043,2389,290,155,175,38,145,Organic,0,Promotion,Day,
6279,YouTube,Image,2023-01-17,10731,7053,3502,100,386,1222,255,168,Organic,0,Education,Night,
6280,Instagram,Story,2022-12-16,15806,15715,12609,260,181,4551,359,124,Organic,0,Entertainment,Day,
6281,Instagram,Story,2023-06-14,18806,14792,14723,165,346,2553,509,145,Paid,3008,Promotion,Day,
6282,Facebook,Image,2021-08-29,17274,14346,14115,187,481,36,5,16,Organic,0,Motivation,Day,
6283,Instagram,Video,2022-07-28,2712,2438,407,191,299,475,105,41,Paid,1465,Motivation,Day,
6284,Facebook,Image,2023-04-26,1171,862,2,158,446,70,10,78,Organic,0,Promotion,Night,
6285,Instagram,Story,2024-06-04,6429,5596,379,279,24,537,96,77,Organic,0,Awareness,Day,
6286,Facebook,Image,2021-01-14,10810,9741,3610,259,360,1668,429,56,Paid,513,Education,Day,
6287,Instagram,Video,2025-01-06,7014,6274,3420,72,390,760,8,134,Organic,0,Education,Night,
6288,Facebook,Reel,2021-02-26,16226,12440,2957,171,89,0,0,60,Organic,0,Promotion,Night,
6289,YouTube,Video,2025-07-24,4601,3137,714,297,418,784,198,64,Organic,0,Education,Night,
6290,YouTube,Image,2025-09-21,10230,7225,3096,124,165,1565,449,27,Organic,0,Entertainment,Day,
6291,Facebook,Image,2022-06-24,4143,3086,2580,46,161,523,118,107,Organic,0,Education,Day,
6292,Instagram,Story,2022-11-05,4196,2786,2295,123,373,689,152,1064,Organic,0,Motivation,Day,
6293,Facebook,Story,2022-11-10,18897,13903,9346,34,221,1831,232,68,Organic,0,Promotion,Day,
6294,Facebook,Story,2024-08-14,12385,9256,2345,68,281,1426,390,89,Organic,0,Entertainment,Night,
6295,YouTube,Video,2021-09-23,16515,15252,1077,280,45,2635,81,155,Organic,0,Education,Day,
6296,YouTube,Video,2023-07-26,17270,15829,2007,40,147,2473,588,161,Organic,0,Motivation,Day,
6297,YouTube,Video,2025-10-09,14869,10877,881,161,342,859,216,93,Paid,2663,Awareness,Night,
6298,Facebook,Image,2022-10-22,1095,801,650,52,316,172,48,35,Paid,1104,Education,Night,
6299,Facebook,Story,2021-02-27,15820,14807,10109,251,187,2205,63,24,Organic,0,Motivation,Day,
6300,Facebook,Story,2023-01-03,18033,12522,2753,45,8,1072,148,134,Organic,0,Motivation,Day,
6301,YouTube,Reel,2022-08-26,10820,7826,4467,208,164,68,16,157,Paid,4197,Motivation,Day,
6302,Instagram,Reel,2024-01-26,9894,8271,5315,168,17,147,29,17,Organic,0,Motivation,Day,
6303,YouTube,Video,2025-12-22,13231,10484,9400,104,234,489,85,126,Organic,0,Awareness,Day,
6304,Instagram,Image,2021-01-05,13113,11534,10770,15,439,3109,477,107,Paid,1945,Promotion,Day,
6305,Instagram,Video,2024-04-17,14170,9261,3461,186,417,2746,433,110,Organic,0,Motivation,Day,
6306,Facebook,Reel,2022-06-22,4295,2928,1555,160,500,836,138,123,Organic,0,Promotion,Day,
6307,YouTube,Image,2024-01-08,12797,12494,7586,31,354,3398,373,74,Paid,2051,Awareness,Day,
6308,YouTube,Image,2025-12-20,14409,13421,9814,56,420,2536,134,103,Organic,0,Awareness,Night,
6309,Instagram,Video,2024-10-07,13274,11147,7126,10,435,2307,688,86,Organic,0,Entertainment,Day,
6310,YouTube,Video,2023-05-20,18161,16179,176,86,364,1458,254,79,Organic,0,Entertainment,Night,
6311,YouTube,Video,2024-09-09,8383,6479,5111,132,187,1667,39,122,Organic,0,Motivation,Day,
6312,Instagram,Reel,2025-05-19,13574,12924,11532,133,307,449,85,88,Paid,2962,Promotion,Night,
6313,Facebook,Image,2022-12-10,9564,9345,3283,104,244,797,143,73,Organic,0,Awareness,Day,
6314,Facebook,Story,2024-11-24,12748,12293,9703,43,124,3549,1048,63,Organic,0,Education,Day,
6315,YouTube,Video,2023-10-17,18714,17252,16903,45,322,3879,1082,130,Paid,2879,Entertainment,Night,
6316,Instagram,Story,2022-04-24,3864,2563,654,106,103,738,59,115,Organic,0,Entertainment,Night,
6317,YouTube,Image,2022-07-19,4072,2987,51,238,449,240,21,66,Organic,0,Education,Night,
6318,Facebook,Image,2023-09-21,4220,2828,982,125,381,501,128,148,Organic,0,Promotion,Night,
6319,YouTube,Reel,2025-01-24,17708,14599,11060,88,88,335,65,132,Organic,0,Promotion,Day,
6320,YouTube,Story,2025-12-06,2655,2632,1154,265,150,145,11,109,Organic,0,Promotion,Day,
6321,Instagram,Video,2024-05-21,8838,8830,6805,130,300,1302,57,72,Paid,3869,Motivation,Day,
6322,Instagram,Reel,2025-06-29,12575,11442,10954,174,318,456,8,19,Paid,3230,Motivation,Day,
6323,YouTube,Reel,2022-08-27,1558,949,281,49,255,95,16,39,Organic,0,Education,Night,
6324,Facebook,Reel,2025-06-28,2432,2182,391,122,253,127,34,18,Organic,0,Awareness,Day,
6325,YouTube,Reel,2022-06-12,17128,15813,14577,30,429,2259,214,106,Organic,0,Education,Night,
6326,Facebook,Video,2022-11-12,12186,11185,8159,114,114,2350,174,104,Organic,0,Awareness,Day,
6327,Facebook,Reel,2023-04-17,9058,6857,6226,83,24,471,59,11,Organic,0,Education,Day,
6328,Facebook,Image,2024-06-09,3677,3492,2524,214,283,685,39,34,Paid,4825,Motivation,Day,
6329,YouTube,Image,2021-06-16,13059,10192,7400,4,324,1654,89,53,Organic,0,Promotion,Day,
6330,YouTube,Video,2023-11-19,2754,2506,543,137,5,168,2,148,Organic,0,Entertainment,Night,
6331,Facebook,Story,2022-08-06,15976,15934,10941,109,199,3092,443,115,Organic,0,Education,Night,
6332,Facebook,Reel,2025-03-30,5992,5950,5928,170,22,261,14,76,Organic,0,Education,Day,
6333,Facebook,Image,2022-06-09,4290,2788,2219,296,167,245,34,84,Organic,0,Entertainment,Night,
6334,Facebook,Story,2021-06-19,1886,1735,1041,299,476,135,36,87,Organic,0,Education,Night,
6335,Facebook,Image,2022-07-24,9407,7102,1153,180,150,1112,298,46,Organic,0,Promotion,Night,
6336,Instagram,Image,2021-04-23,16276,10966,4107,156,64,2698,781,21,Organic,0,Entertainment,Day,
6337,Facebook,Story,2022-04-18,4531,3635,2403,0,481,738,105,177,Organic,0,Entertainment,Day,
6338,Instagram,Story,2021-07-26,9614,9099,4236,156,215,1573,166,11,Organic,0,Promotion,Day,
6339,Instagram,Story,2021-05-20,12898,11711,2622,162,68,1267,264,159,Organic,0,Promotion,Day,
6340,Instagram,Story,2024-09-26,17764,16852,12416,162,442,4184,1093,14,Paid,3823,Entertainment,Day,
6341,Instagram,Reel,2021-02-20,1562,1510,168,243,475,312,29,38,Organic,0,Promotion,Day,
6342,Facebook,Video,2022-05-02,19287,13978,3666,223,359,1271,39,40,Organic,0,Promotion,Night,
6343,Facebook,Reel,2022-03-25,17359,13202,7990,248,247,1067,269,157,Organic,0,Promotion,Day,
6344,YouTube,Reel,2022-05-30,5341,5011,2108,59,84,249,46,10,Paid,1617,Entertainment,Night,
6345,Facebook,Reel,2023-12-16,11398,6850,2253,50,95,833,218,156,Organic,0,Education,Night,
6346,Instagram,Reel,2022-04-16,10436,10150,713,227,152,562,46,150,Organic,0,Awareness,Night,
6347,Instagram,Video,2022-03-20,3255,3180,2763,26,438,494,88,138,Organic,0,Entertainment,Day,
6348,Facebook,Image,2024-05-05,15077,10981,7471,107,115,660,60,33,Organic,0,Awareness,Day,
6349,Instagram,Reel,2023-12-24,13216,9233,7537,187,182,397,0,130,Organic,0,Promotion,Day,
6350,YouTube,Video,2022-04-09,18893,18646,17283,143,409,1468,212,157,Organic,0,Promotion,Day,
6351,Instagram,Video,2023-12-08,13109,8684,8646,62,466,249,71,85,Paid,460,Education,Night,
6352,YouTube,Video,2022-07-08,4267,4196,4070,286,120,1232,317,178,Organic,0,Promotion,Day,
6353,YouTube,Reel,2022-06-07,10348,7313,5390,163,173,8,1,156,Organic,0,Awareness,Day,
6354,Facebook,Image,2022-08-05,7162,5561,809,227,65,400,24,79,Organic,0,Entertainment,Day,
6355,Instagram,Reel,2022-01-15,1412,1123,567,100,423,25,3,30,Organic,0,Entertainment,Day,
6356,Facebook,Image,2021-06-15,2046,1252,460,57,192,313,82,131,Organic,0,Education,Night,
6357,YouTube,Video,2024-08-19,7314,5295,4225,254,391,273,37,119,Paid,3206,Awareness,Night,
6358,YouTube,Video,2023-10-27,6593,5207,3980,60,458,521,122,130,Paid,3818,Promotion,Day,
6359,Facebook,Image,2023-10-13,5435,3603,2458,39,25,342,46,32,Organic,0,Motivation,Day,
6360,Facebook,Reel,2025-09-09,5800,4722,3856,83,143,228,64,135,Organic,0,Education,Night,
6361,Instagram,Video,2023-06-22,10531,9266,5827,73,417,722,9,79,Organic,0,Education,Night,
6362,Facebook,Image,2025-05-05,18708,12948,8077,259,295,349,11,170,Organic,0,Motivation,Night,
6363,YouTube,Video,2023-01-04,12692,8489,791,26,190,1745,415,82,Organic,0,Entertainment,Day,
6364,Instagram,Image,2021-10-22,10045,7242,3193,30,59,85,24,94,Paid,1255,Entertainment,Day,
6365,Instagram,Image,2021-10-09,5143,3995,1506,47,12,199,24,25,Paid,1454,Entertainment,Day,
6366,Instagram,Story,2025-10-28,2101,1279,965,159,122,110,24,58,Organic,0,Motivation,Night,
6367,Instagram,Video,2022-07-08,16557,15200,12207,279,137,1939,561,2291,Organic,0,Promotion,Night,
6368,YouTube,Reel,2022-04-10,12996,11916,1755,89,303,305,49,63,Organic,0,Promotion,Day,
6369,YouTube,Image,2023-04-14,3548,3225,549,169,422,162,12,76,Organic,0,Awareness,Day,
6370,Facebook,Video,2024-09-21,4709,3016,842,44,26,142,38,24,Organic,0,Awareness,Night,
6371,YouTube,Story,2023-06-22,6053,5190,303,196,400,313,29,116,Organic,0,Entertainment,Night,
6372,YouTube,Story,2025-01-20,15888,15048,2622,78,294,2415,570,63,Organic,0,Motivation,Night,
6373,Facebook,Story,2022-11-21,6233,5074,4049,192,113,576,100,75,Organic,0,Education,Night,
6374,Instagram,Story,2022-09-01,3518,2995,2437,27,105,616,23,141,Organic,0,Promotion,Day,
6375,Instagram,Reel,2025-03-12,13611,10937,3342,225,81,922,181,113,Paid,305,Motivation,Day,
6376,Instagram,Reel,2025-11-11,9376,7414,1371,209,466,1737,462,133,Organic,0,Awareness,Night,
6377,Facebook,Image,2022-09-15,16788,13265,9634,6,142,302,63,161,Organic,0,Promotion,Night,
6378,Instagram,Reel,2021-10-20,12654,10339,708,184,305,680,193,60,Organic,0,Promotion,Day,
6379,Facebook,Image,2022-08-15,14984,11125,8722,26,192,603,93,39,Organic,0,Motivation,Day,
6380,Facebook,Image,2024-06-18,9906,6882,327,96,148,1975,85,127,Organic,0,Awareness,Night,
6381,YouTube,Image,2021-05-22,17763,15755,760,62,178,3979,454,135,Organic,0,Motivation,Day,
6382,YouTube,Video,2022-01-15,13454,10883,10472,162,143,960,189,108,Organic,0,Education,Day,
6383,YouTube,Story,2022-12-13,7014,5252,1750,238,312,9,0,11,Organic,0,Promotion,Night,
6384,Facebook,Reel,2023-12-24,2992,2869,1386,269,367,425,6,31,Paid,4365,Motivation,Night,
6385,Instagram,Story,2023-05-25,13098,10743,4307,287,229,2058,229,5,Organic,0,Motivation,Night,
6386,YouTube,Story,2022-06-17,13224,12955,12020,149,472,1838,494,176,Organic,0,Education,Day,
6387,Instagram,Reel,2025-02-06,6309,6164,3150,271,85,1327,29,91,Organic,0,Motivation,Day,
6388,Facebook,Image,2022-06-08,16644,12661,11008,270,167,1653,263,45,Organic,0,Promotion,Day,
6389,Instagram,Reel,2025-07-01,3022,2740,1300,119,29,535,110,127,Paid,1297,Entertainment,Night,
6390,Facebook,Image,2021-01-12,17763,11533,7193,267,345,1366,271,79,Organic,0,Entertainment,Night,
6391,Facebook,Reel,2025-09-29,9570,7270,5565,81,411,443,27,46,Organic,0,Awareness,Day,
6392,Facebook,Reel,2024-08-15,10286,9552,7604,172,87,1975,72,121,Organic,0,Education,Day,
6393,YouTube,Reel,2021-02-11,8089,6651,5965,188,444,1842,108,165,Organic,0,Awareness,Day,
6394,Facebook,Image,2025-06-30,13637,9742,5748,231,28,1303,37,67,Paid,2309,Entertainment,Day,
6395,Facebook,Reel,2024-02-27,13000,9470,6164,39,113,741,10,169,Organic,0,Education,Day,
6396,Instagram,Story,2025-07-11,1659,1061,221,246,80,147,19,131,Organic,0,Motivation,Night,
6397,Facebook,Video,2021-05-26,19493,18504,6924,218,252,5378,591,137,Paid,1912,Motivation,Night,
6398,Facebook,Reel,2024-03-09,11751,11396,2518,268,456,58,12,52,Paid,2692,Promotion,Night,
6399,YouTube,Reel,2023-07-24,9721,5995,277,127,486,145,5,7,Organic,0,Entertainment,Night,
6400,Facebook,Story,2021-07-27,16877,10355,6751,234,302,2535,470,120,Organic,0,Motivation,Day,
6401,Facebook,Reel,2025-06-26,2870,2852,1948,110,497,476,121,179,Organic,0,Education,Night,
6402,Facebook,Reel,2022-12-08,4459,3527,2008,158,211,293,57,103,Organic,0,Motivation,Day,
6403,Facebook,Image,2023-03-30,2550,1616,963,149,26,22,0,120,Paid,4312,Awareness,Day,
6404,Facebook,Reel,2021-05-10,1053,935,135,189,322,236,7,18,Organic,0,Awareness,Day,
6405,Facebook,Video,2021-05-27,14049,11552,6191,48,1,3046,887,116,Organic,0,Awareness,Day,
6406,YouTube,Image,2021-03-25,18257,13728,1021,10,51,1996,464,65,Paid,2890,Awareness,Day,
6407,Facebook,Video,2021-09-29,1202,1191,346,202,286,76,4,163,Organic,0,Awareness,Day,
6408,Facebook,Video,2021-07-16,8149,7404,998,39,389,171,20,99,Organic,0,Promotion,Day,
6409,YouTube,Story,2024-03-05,18893,18778,3666,2,400,558,96,21,Paid,519,Awareness,Night,
6410,YouTube,Video,2023-09-04,13518,11904,1800,144,314,1787,530,128,Paid,4515,Promotion,Day,
6411,YouTube,Reel,2023-05-22,10991,7244,4576,76,380,334,99,28,Paid,4994,Promotion,Day,
6412,YouTube,Story,2022-06-11,5974,5070,4152,197,62,229,48,120,Organic,0,Motivation,Night,
6413,Instagram,Video,2021-05-09,15176,12759,2554,167,129,597,27,155,Paid,231,Education,Night,
6414,YouTube,Story,2021-03-15,10877,9724,2567,42,432,1294,167,86,Organic,0,Awareness,Day,
6415,Instagram,Video,2025-09-04,17982,16223,5428,238,485,1162,166,54,Organic,0,Education,Day,
6416,YouTube,Story,2022-08-26,12314,10080,2266,214,110,8,0,83,Paid,608,Entertainment,Night,
6417,Facebook,Image,2021-08-25,9031,6953,5155,164,147,734,58,83,Organic,0,Promotion,Day,
6418,Facebook,Reel,2025-09-25,17488,14118,2517,1,79,4077,255,74,Paid,906,Entertainment,Day,
6419,Facebook,Reel,2022-02-27,1545,1337,29,120,54,46,11,31,Organic,0,Promotion,Day,
6420,Facebook,Image,2025-08-31,18170,14304,4588,157,265,3683,871,19,Organic,0,Awareness,Night,
6421,YouTube,Image,2024-02-10,6479,4615,1599,31,22,1045,250,54,Paid,3859,Entertainment,Day,
6422,Facebook,Image,2024-11-30,10806,10025,6838,200,443,943,16,40,Organic,0,Motivation,Day,
6423,Instagram,Video,2024-03-08,15716,15635,10367,80,485,3579,357,12,Organic,0,Entertainment,Day,
6424,YouTube,Video,2024-05-10,15226,14465,4210,252,62,2554,624,83,Organic,0,Promotion,Night,
6425,Instagram,Story,2025-11-07,14599,11198,10452,257,434,2438,335,135,Paid,2606,Promotion,Night,
6426,Instagram,Image,2022-12-06,9673,8804,1933,125,352,1247,208,51,Organic,0,Education,Night,
6427,YouTube,Image,2022-06-06,15752,10362,8224,297,108,1411,101,109,Organic,0,Entertainment,Day,
6428,YouTube,Reel,2025-04-26,6718,6164,1421,239,392,1738,475,102,Organic,0,Motivation,Night,
6429,Facebook,Story,2025-03-29,13373,11514,2098,255,440,1312,131,100,Paid,2924,Awareness,Day,
6430,Facebook,Story,2022-12-03,10998,8970,960,96,456,1754,312,164,Paid,2735,Education,Day,
6431,YouTube,Story,2024-08-10,1985,1928,478,196,212,28,2,120,Paid,412,Entertainment,Night,
6432,Facebook,Reel,2022-02-17,11694,11631,3523,69,127,1203,183,17,Organic,0,Education,Night,
6433,Instagram,Image,2022-12-16,11015,9336,8432,82,67,1002,111,5,Organic,0,Entertainment,Night,
6434,Instagram,Story,2023-01-18,18165,15803,4968,76,340,3402,835,38,Organic,0,Awareness,Night,
6435,YouTube,Reel,2021-08-20,1173,1106,955,203,37,113,0,83,Organic,0,Awareness,Day,
6436,YouTube,Video,2023-09-14,3555,2881,1272,45,58,688,116,82,Organic,0,Motivation,Day,
6437,YouTube,Image,2023-12-19,3588,2881,629,108,35,766,197,125,Paid,844,Education,Day,
6438,Facebook,Video,2021-11-25,12588,9545,1853,183,279,2496,279,97,Paid,2559,Motivation,Day,
6439,Facebook,Video,2021-03-21,16160,15614,6166,103,459,3317,345,102,Organic,0,Entertainment,Night,
6440,Instagram,Reel,2023-01-26,15696,14640,1978,189,32,2984,23,86,Organic,0,Awareness,Day,
6441,YouTube,Story,2021-05-08,2260,2027,603,113,7,570,23,163,Paid,4520,Awareness,Night,
6442,YouTube,Video,2022-04-07,2163,1439,1387,192,171,235,62,157,Organic,0,Promotion,Day,
6443,Facebook,Image,2023-07-04,14008,13039,10297,96,283,1184,74,42,Organic,0,Promotion,Day,
6444,YouTube,Image,2022-02-09,1279,944,829,227,213,195,55,18,Organic,0,Motivation,Day,
6445,YouTube,Video,2022-09-26,8416,7895,6116,31,234,411,11,140,Organic,0,Education,Night,
6446,Instagram,Video,2025-11-06,12131,9151,4527,55,136,2444,515,95,Paid,2088,Entertainment,Night,
6447,Facebook,Reel,2021-10-02,7093,6023,251,192,343,1477,149,58,Organic,0,Motivation,Night,
6448,Instagram,Reel,2021-08-18,9430,8650,8293,103,426,1562,454,134,Organic,0,Awareness,Night,
6449,Instagram,Reel,2023-10-16,17589,16664,10255,159,446,518,105,105,Organic,0,Awareness,Night,
6450,Instagram,Story,2024-09-06,2674,2332,1008,285,404,545,72,93,Paid,4512,Awareness,Night,
6451,Facebook,Image,2025-06-20,10595,10359,2653,156,170,1376,68,60,Organic,0,Entertainment,Day,
6452,Instagram,Story,2025-06-22,16015,14228,5649,151,13,1462,95,98,Organic,0,Motivation,Day,
6453,YouTube,Story,2021-01-20,10160,6716,5211,204,60,250,2,97,Paid,4661,Entertainment,Day,
6454,Instagram,Story,2023-12-15,4588,4310,3045,106,289,969,228,88,Paid,2966,Awareness,Night,
6455,Facebook,Image,2024-12-11,2027,1954,787,65,499,354,56,89,Paid,1751,Promotion,Night,
6456,YouTube,Reel,2025-05-27,15126,13945,9281,173,410,1447,434,26,Paid,2647,Motivation,Night,
6457,Facebook,Reel,2025-03-08,8904,8336,5675,179,482,34,0,39,Organic,0,Promotion,Day,
6458,Facebook,Story,2022-01-11,7400,6876,3279,105,232,1370,337,20,Organic,0,Motivation,Day,
6459,Instagram,Reel,2021-12-26,16974,15657,5102,185,271,1787,108,54,Organic,0,Awareness,Day,
6460,YouTube,Video,2022-03-29,17039,16831,2048,227,179,261,15,126,Organic,0,Promotion,Day,
6461,Facebook,Reel,2023-01-18,4995,4001,1684,72,456,486,52,132,Paid,3696,Promotion,Day,
6462,Instagram,Image,2021-06-27,10633,7823,4744,158,159,509,86,117,Paid,1916,Motivation,Day,
6463,YouTube,Image,2023-09-02,8218,7195,560,118,165,2029,560,175,Paid,3083,Promotion,Night,
6464,Facebook,Video,2024-10-26,8069,6268,462,179,401,1835,525,21,Organic,0,Promotion,Day,
6465,YouTube,Image,2023-06-07,10129,8282,3488,217,402,713,84,84,Paid,1872,Awareness,Night,
6466,Instagram,Video,2021-09-13,10195,6932,6285,78,0,827,219,134,Paid,1402,Motivation,Night,
6467,Instagram,Reel,2024-02-18,5626,5625,5461,241,246,861,243,136,Organic,0,Motivation,Day,
6468,Facebook,Image,2023-03-25,11830,7940,6473,70,24,1288,113,89,Paid,4861,Education,Day,
6469,Instagram,Image,2025-08-21,15404,15374,10091,53,350,2897,36,171,Organic,0,Motivation,Night,
6470,Facebook,Story,2022-11-07,5208,4409,2386,40,215,810,132,98,Organic,0,Awareness,Night,
6471,YouTube,Video,2025-04-18,10359,8153,2620,195,387,841,25,138,Organic,0,Promotion,Day,
6472,Instagram,Reel,2021-12-15,18757,13856,1628,265,21,2557,29,85,Organic,0,Education,Day,
6473,Instagram,Reel,2022-05-18,13883,13705,2781,118,350,80,22,73,Organic,0,Promotion,Night,
6474,YouTube,Reel,2025-11-11,13102,8863,1457,218,419,2252,333,73,Organic,0,Motivation,Day,
6475,YouTube,Image,2024-11-24,12603,10829,3939,263,488,382,25,152,Paid,4012,Entertainment,Day,
6476,Facebook,Story,2022-08-19,15345,9850,5264,138,157,2654,686,20,Organic,0,Promotion,Night,
6477,Instagram,Story,2024-08-15,7515,4630,3692,250,240,8,1,55,Paid,2329,Motivation,Night,
6478,Facebook,Story,2025-08-11,10535,7313,7109,51,256,1202,215,109,Organic,0,Awareness,Day,
6479,YouTube,Story,2022-02-15,7880,5125,1816,124,361,822,62,169,Organic,0,Motivation,Night,
6480,Facebook,Story,2023-07-25,15206,10735,7591,258,416,162,21,174,Organic,0,Education,Night,
6481,YouTube,Story,2021-04-30,13443,11373,380,233,368,228,58,70,Organic,0,Entertainment,Night,
6482,Facebook,Story,2023-03-03,13510,11609,315,263,479,1747,45,13,Organic,0,Entertainment,Day,
6483,Instagram,Image,2021-04-07,12830,8910,6102,177,440,1747,83,111,Organic,0,Entertainment,Day,
6484,Instagram,Story,2022-06-06,7854,5268,878,132,32,789,195,104,Organic,0,Awareness,Day,
6485,Instagram,Reel,2024-10-13,6919,6905,4659,223,266,1114,7,90,Organic,0,Entertainment,Day,
6486,Instagram,Video,2025-06-01,10290,7897,58,2,451,1303,298,68,Paid,850,Promotion,Night,
6487,YouTube,Image,2021-11-15,3203,3051,432,198,323,675,175,26,Organic,0,Awareness,Night,
6488,Facebook,Reel,2024-12-26,8101,7035,3905,41,289,498,55,166,Organic,0,Motivation,Night,
6489,Facebook,Image,2024-06-04,4115,3505,2473,65,49,451,27,161,Organic,0,Education,Day,
6490,Facebook,Video,2025-10-03,14543,11448,7624,185,233,11,0,170,Organic,0,Awareness,Night,
6491,Facebook,Image,2021-03-07,14794,8941,7201,163,383,420,65,114,Organic,0,Education,Day,
6492,Facebook,Video,2022-09-20,5100,3318,1367,65,351,421,16,101,Paid,597,Awareness,Day,
6493,YouTube,Image,2023-11-12,17984,15825,14291,223,172,1841,172,22,Paid,3114,Motivation,Day,
6494,YouTube,Video,2021-06-09,3635,3179,2516,235,461,500,51,75,Organic,0,Education,Day,
6495,YouTube,Image,2022-10-30,10491,8309,6991,93,401,473,61,131,Organic,0,Awareness,Day,
6496,Instagram,Story,2023-10-05,12292,10182,1025,47,441,2526,252,101,Organic,0,Education,Day,
6497,Instagram,Story,2023-06-15,17995,17990,3612,196,109,1044,164,5,Paid,3215,Entertainment,Day,
6498,Instagram,Story,2021-07-15,4595,3690,2190,99,211,347,60,136,Organic,0,Entertainment,Night,
6499,YouTube,Story,2025-02-20,6641,6175,995,119,401,190,55,8,Organic,0,Entertainment,Day,
6500,Instagram,Video,2022-08-04,11936,7353,5845,242,159,769,51,129,Paid,3241,Promotion,Night,
6501,Instagram,Story,2022-10-30,14625,13974,10579,151,219,4137,903,86,Paid,1905,Entertainment,Day,
6502,YouTube,Image,2021-10-19,11331,9293,3566,285,337,1036,275,31,Paid,912,Entertainment,Day,
6503,Facebook,Image,2022-10-30,6796,4510,3859,143,420,260,42,175,Paid,3656,Motivation,Night,
6504,YouTube,Story,2022-03-23,2310,2307,271,106,158,359,7,63,Paid,2884,Education,Day,
6505,Facebook,Image,2022-10-24,13427,11115,10152,288,470,220,53,36,Organic,0,Education,Day,
6506,Instagram,Story,2025-06-05,15051,14680,7853,251,40,1795,502,165,Organic,0,Entertainment,Night,
6507,Facebook,Reel,2022-11-27,8486,6352,5252,265,427,177,10,32,Paid,2521,Education,Day,
6508,Instagram,Story,2021-02-22,9156,6572,6361,234,423,1769,89,110,Organic,0,Awareness,Night,
6509,Instagram,Reel,2023-01-21,5434,5084,349,215,418,863,195,109,Paid,3722,Entertainment,Day,
6510,Facebook,Reel,2022-04-29,17345,15582,3506,192,225,403,110,74,Organic,0,Entertainment,Day,
6511,YouTube,Video,2025-10-01,16957,13894,12048,286,128,2096,318,66,Organic,0,Promotion,Night,
6512,YouTube,Reel,2025-03-15,7651,6987,5772,28,461,1921,124,38,Organic,0,Awareness,Day,
6513,Facebook,Reel,2024-06-28,1401,1063,686,261,93,140,2,91,Organic,0,Entertainment,Day,
6514,Facebook,Reel,2022-02-10,16641,16013,13361,27,108,928,248,118,Organic,0,Entertainment,Day,
6515,Instagram,Story,2023-03-25,3612,3527,1784,184,49,22,3,110,Paid,2340,Education,Day,
6516,Facebook,Image,2025-06-08,17435,12646,11733,239,269,1945,520,60,Organic,0,Entertainment,Night,
6517,Facebook,Image,2025-10-15,18993,15589,10145,182,238,2494,358,117,Paid,783,Entertainment,Night,
6518,Facebook,Video,2025-11-25,16633,10677,7505,150,213,405,37,17,Organic,0,Entertainment,Night,
6519,Facebook,Reel,2024-04-21,3196,3170,922,292,411,55,12,22,Organic,0,Entertainment,Day,
6520,Facebook,Reel,2025-10-28,12611,8355,2177,252,343,84,17,117,Organic,0,Promotion,Night,
6521,Instagram,Story,2025-10-21,17932,14017,2393,9,10,3215,532,175,Organic,0,Awareness,Day,
6522,YouTube,Reel,2022-11-09,8503,5868,407,162,468,789,207,43,Paid,2004,Promotion,Night,
6523,YouTube,Video,2022-07-13,5581,4419,3628,208,191,192,6,174,Paid,929,Education,Night,
6524,Facebook,Story,2021-12-31,4119,2927,2458,191,243,221,43,1990,Paid,42149,Motivation,Day,
6525,Facebook,Video,2023-05-06,15327,9630,496,276,138,1018,291,150,Paid,1663,Entertainment,Night,
6526,Instagram,Video,2024-04-24,19587,13100,4931,162,105,3093,735,155,Organic,0,Education,Night,
6527,YouTube,Image,2021-05-24,18088,14326,6736,251,192,3639,815,34,Paid,1772,Motivation,Night,
6528,Facebook,Story,2022-09-07,5991,4059,1654,34,143,401,42,102,Paid,1593,Entertainment,Night,
6529,Facebook,Reel,2022-02-09,8427,5549,2491,285,421,705,189,62,Paid,456,Entertainment,Night,
6530,YouTube,Reel,2022-05-17,19886,19039,1655,16,266,4800,742,71,Organic,0,Motivation,Night,
6531,YouTube,Reel,2021-04-08,11871,11848,4582,53,500,174,19,75,Paid,1582,Promotion,Night,
6532,Instagram,Reel,2025-01-07,15783,9731,3991,251,370,880,207,150,Organic,0,Motivation,Day,
6533,Facebook,Reel,2022-09-05,9134,6371,2550,32,149,158,13,110,Paid,4851,Motivation,Night,
6534,Instagram,Reel,2023-09-15,15412,10262,1226,245,401,2099,586,11,Organic,0,Awareness,Day,
6535,Facebook,Reel,2024-08-07,16369,14781,1614,17,417,2411,144,44,Organic,0,Entertainment,Night,
6536,Facebook,Reel,2022-07-02,4395,3650,331,174,457,278,63,74,Organic,0,Entertainment,Night,
6537,Facebook,Image,2021-02-10,3847,3291,2801,290,215,785,86,72,Organic,0,Promotion,Day,
6538,Facebook,Video,2022-07-15,8731,5566,5426,140,300,460,36,53,Organic,0,Promotion,Night,
6539,Facebook,Story,2024-12-02,13762,8914,1508,202,200,2549,429,56,Paid,2556,Awareness,Night,
6540,Instagram,Video,2022-12-20,6626,5946,3474,162,474,188,17,118,Organic,0,Awareness,Day,
6541,YouTube,Reel,2023-06-12,18409,16691,14473,261,190,3551,1039,111,Organic,0,Awareness,Day,
6542,Instagram,Video,2025-12-16,15698,13206,2915,33,294,395,86,33,Organic,0,Promotion,Day,
6543,Instagram,Image,2023-10-06,19701,13417,17,250,326,3499,176,153,Organic,0,Motivation,Night,
6544,Instagram,Image,2024-08-17,1370,823,793,82,377,32,2,82,Organic,0,Entertainment,Day,
6545,Facebook,Story,2023-06-26,10065,7292,1605,0,358,1379,93,13,Organic,0,Entertainment,Night,
6546,Facebook,Video,2023-10-23,1348,1032,860,146,216,279,63,179,Organic,0,Education,Day,
6547,YouTube,Image,2024-05-07,12157,11914,8893,155,307,1259,377,80,Organic,0,Promotion,Day,
6548,YouTube,Reel,2024-12-25,17751,14635,126,107,369,2226,616,46,Organic,0,Promotion,Day,
6549,Instagram,Image,2025-10-26,5627,4059,104,105,240,774,141,132,Organic,0,Awareness,Day,
6550,Facebook,Story,2023-10-03,13027,10864,4701,167,247,3022,811,24,Organic,0,Education,Day,
6551,YouTube,Story,2024-04-02,13665,10855,6857,147,105,878,2,1617,Paid,148614,Education,Day,
6552,YouTube,Reel,2021-09-22,1591,1471,708,235,189,57,7,170,Organic,0,Promotion,Night,
6553,Instagram,Image,2021-12-02,1624,1238,626,122,354,38,2,76,Organic,0,Awareness,Day,
6554,Instagram,Story,2025-09-13,13237,7966,7927,227,118,2342,287,69,Organic,0,Entertainment,Night,
6555,Facebook,Image,2021-11-05,4212,3113,1728,90,74,788,145,117,Organic,0,Awareness,Day,
6556,YouTube,Reel,2021-01-05,9298,7590,6598,257,30,1795,438,28,Organic,0,Entertainment,Day,
6557,Instagram,Story,2021-10-23,16770,10637,8611,270,346,249,6,132,Organic,0,Promotion,Day,
6558,Facebook,Reel,2024-09-03,15043,11260,9794,199,313,463,117,179,Organic,0,Awareness,Night,
6559,Facebook,Reel,2025-03-28,16674,14944,4026,258,100,2003,229,87,Organic,0,Education,Day,
6560,Facebook,Reel,2024-02-09,7419,6609,4519,204,267,913,219,67,Organic,0,Motivation,Day,
6561,Instagram,Reel,2021-09-09,18344,12231,9130,222,494,1415,262,64,Organic,0,Education,Night,
6562,Facebook,Reel,2022-01-05,18646,12026,4087,170,19,1551,178,103,Paid,2268,Entertainment,Night,
6563,Facebook,Reel,2024-07-17,17094,16877,15726,278,499,4941,1455,66,Organic,0,Promotion,Day,
6564,YouTube,Video,2023-01-08,17072,12150,9498,267,12,3001,646,34,Organic,0,Awareness,Night,
6565,YouTube,Reel,2023-04-08,13350,12240,3417,148,90,1047,305,26,Paid,4854,Promotion,Night,
6566,YouTube,Reel,2023-08-08,12497,7969,3345,222,94,2216,404,130,Paid,393,Promotion,Night,
6567,Instagram,Image,2023-04-08,18517,11832,7279,275,436,231,57,161,Organic,0,Entertainment,Day,
6568,Facebook,Image,2022-04-14,14543,12355,1232,272,34,2747,729,173,Paid,1599,Promotion,Day,
6569,Facebook,Reel,2023-06-01,2487,1859,444,16,185,448,67,46,Organic,0,Awareness,Night,
6570,Facebook,Image,2021-03-29,8062,7672,1292,131,71,1990,287,102,Organic,0,Education,Day,
6571,YouTube,Story,2022-05-10,13711,9187,9111,241,255,226,30,35,Organic,0,Promotion,Night,
6572,Facebook,Story,2023-12-18,7154,5887,4961,56,314,717,27,162,Organic,0,Awareness,Day,
6573,YouTube,Reel,2023-03-17,18580,17896,4627,297,154,3349,772,116,Organic,0,Awareness,Day,
6574,YouTube,Story,2023-08-26,1702,1430,956,206,434,121,23,150,Organic,0,Entertainment,Night,
6575,YouTube,Image,2025-04-17,7681,7063,5410,267,165,1426,243,126,Organic,0,Promotion,Day,
6576,Facebook,Story,2024-02-07,2131,1289,464,260,331,238,17,21,Organic,0,Entertainment,Day,
6577,YouTube,Video,2025-06-11,12629,11875,9485,261,219,3173,894,42,Organic,0,Education,Night,
6578,Facebook,Story,2022-07-03,15211,14751,11306,8,476,1319,357,146,Organic,0,Education,Day,
6579,Instagram,Image,2021-02-28,11706,7553,6124,114,176,1094,315,114,Organic,0,Awareness,Night,
6580,Instagram,Story,2025-09-09,16983,13258,3847,195,430,1119,115,26,Organic,0,Promotion,Day,
6581,Instagram,Image,2021-05-06,10623,9582,9402,227,233,410,91,60,Paid,4048,Awareness,Day,
6582,Instagram,Story,2024-11-29,5666,4011,3564,193,373,329,18,123,Organic,0,Promotion,Day,
6583,YouTube,Reel,2021-03-11,3771,2925,2034,5,69,247,30,151,Organic,0,Entertainment,Night,
6584,Instagram,Image,2021-05-03,16080,15998,13188,240,391,2976,759,61,Paid,4039,Education,Day,
6585,YouTube,Story,2024-11-17,15316,14872,1773,129,183,1992,550,176,Organic,0,Education,Day,
6586,Facebook,Video,2024-05-02,8874,7593,958,222,264,1545,332,39,Paid,3842,Entertainment,Night,
6587,YouTube,Video,2022-12-02,3305,2300,103,206,313,38,7,118,Organic,0,Motivation,Night,
6588,Instagram,Reel,2025-12-17,3650,2902,2397,80,442,374,67,129,Organic,0,Motivation,Night,
6589,Instagram,Story,2022-12-30,5707,4482,1496,108,92,524,81,133,Organic,0,Motivation,Day,
6590,Instagram,Story,2024-06-13,5167,3492,3140,42,97,621,137,56,Organic,0,Promotion,Day,
6591,Instagram,Image,2021-06-24,19737,16549,6523,106,480,3060,671,89,Organic,0,Entertainment,Night,
6592,Instagram,Story,2022-10-11,2697,2106,170,246,6,564,20,169,Paid,4690,Promotion,Night,
6593,YouTube,Video,2024-12-21,12443,11031,7067,106,210,2448,378,69,Paid,2724,Promotion,Night,
6594,Instagram,Story,2023-11-29,4669,4133,336,257,331,130,8,133,Organic,0,Entertainment,Night,
6595,Facebook,Image,2021-02-20,4705,2953,2367,117,426,464,48,25,Paid,1508,Promotion,Night,
6596,YouTube,Image,2022-10-06,18379,12217,8510,298,308,283,35,1601,Organic,0,Entertainment,Day,
6597,YouTube,Video,2024-03-26,19517,14958,12792,95,282,1105,258,127,Organic,0,Motivation,Night,
6598,Facebook,Story,2021-06-03,10401,6702,387,164,196,738,36,65,Organic,0,Motivation,Night,
6599,Facebook,Image,2021-11-03,2710,2014,109,134,359,109,6,58,Paid,3123,Promotion,Night,
6600,Facebook,Video,2022-06-24,18901,14239,8977,139,139,3449,667,172,Organic,0,Education,Night,
6601,Instagram,Image,2022-12-25,1506,1150,142,95,463,278,54,30,Organic,0,Entertainment,Day,
6602,Instagram,Image,2023-02-03,17370,15676,5014,271,241,421,87,84,Paid,4539,Awareness,Night,
6603,YouTube,Video,2021-11-10,2210,1670,1609,24,426,204,24,69,Organic,0,Awareness,Day,
6604,Facebook,Image,2022-07-12,13174,11119,1770,184,5,27,4,104,Organic,0,Promotion,Day,
6605,Facebook,Reel,2025-05-14,4191,2797,1370,26,213,798,172,78,Organic,0,Education,Day,
6606,Instagram,Video,2023-02-10,13934,13507,5899,14,178,1535,440,175,Organic,0,Entertainment,Night,
6607,Instagram,Image,2024-08-11,1682,1532,876,168,248,436,92,21,Organic,0,Motivation,Night,
6608,Instagram,Reel,2025-08-19,18623,18474,3152,157,249,4706,435,125,Paid,2950,Promotion,Night,
6609,Facebook,Video,2025-11-30,9734,6764,5774,97,166,945,77,27,Organic,0,Entertainment,Day,
6610,YouTube,Video,2025-07-13,5994,3934,110,70,233,1160,198,139,Organic,0,Entertainment,Day,
6611,Instagram,Reel,2025-04-15,14847,11136,4115,116,86,2036,72,176,Organic,0,Entertainment,Night,
6612,YouTube,Reel,2024-04-04,3643,2391,1789,213,390,76,20,75,Organic,0,Education,Day,
6613,Facebook,Video,2022-01-29,5379,4187,1795,127,3,993,230,112,Organic,0,Entertainment,Day,
6614,YouTube,Reel,2023-01-28,18604,13155,8040,273,471,400,33,83,Paid,2689,Education,Night,
6615,YouTube,Reel,2022-03-21,1428,1068,1054,226,135,158,24,166,Organic,0,Education,Day,
6616,Facebook,Image,2023-04-07,6026,5107,3390,272,17,853,163,50,Organic,0,Entertainment,Day,
6617,Facebook,Story,2021-04-12,11933,11695,9112,294,336,166,2,82,Organic,0,Motivation,Day,
6618,Instagram,Story,2022-11-02,12458,9237,870,47,436,2230,118,20,Organic,0,Entertainment,Night,
6619,Facebook,Video,2023-07-19,11288,8980,808,246,232,904,170,75,Paid,4457,Motivation,Night,
6620,Facebook,Video,2025-12-08,9969,8517,5694,58,489,436,72,100,Paid,2231,Promotion,Night,
6621,Facebook,Story,2021-07-09,10665,8619,4137,56,232,1751,416,151,Organic,0,Awareness,Night,
6622,Instagram,Reel,2023-01-15,4054,2504,1620,200,219,3,0,6,Paid,1564,Promotion,Day,
6623,Instagram,Story,2025-10-21,18574,15676,3849,204,112,2965,297,14,Organic,0,Education,Night,
6624,Instagram,Story,2023-06-07,17306,16958,1492,86,339,4065,871,129,Organic,0,Promotion,Day,
6625,Facebook,Video,2022-04-23,8491,6222,3505,92,94,576,33,85,Organic,0,Awareness,Day,
6626,Instagram,Video,2025-09-30,13491,11608,8626,200,49,1103,261,144,Organic,0,Awareness,Day,
6627,YouTube,Image,2023-11-25,11225,9888,3570,171,275,656,140,74,Paid,1530,Motivation,Night,
6628,Facebook,Story,2021-06-27,2959,2541,336,102,39,211,25,154,Organic,0,Promotion,Night,
6629,YouTube,Image,2025-07-28,7454,5887,39,83,248,882,58,36,Organic,0,Education,Day,
6630,Instagram,Image,2022-09-01,17605,12934,9464,98,228,1944,192,109,Paid,4883,Education,Day,
6631,Instagram,Video,2023-09-16,6597,4677,3336,285,82,464,28,1045,Organic,0,Motivation,Night,
6632,Facebook,Story,2022-11-30,6575,5363,1614,61,110,1069,279,133,Paid,2474,Motivation,Day,
6633,Instagram,Story,2023-12-17,11292,10834,7323,140,14,1246,7,62,Organic,0,Promotion,Night,
6634,Facebook,Image,2021-11-07,15798,11077,1709,249,177,2498,488,150,Organic,0,Motivation,Day,
6635,Facebook,Video,2024-04-22,14347,11405,6305,63,259,1799,496,138,Paid,2595,Awareness,Day,
6636,Instagram,Video,2021-11-02,8959,8409,1414,259,19,1184,134,49,Organic,0,Education,Day,
6637,Facebook,Reel,2021-06-09,11363,8952,4741,53,188,1367,160,101,Paid,4499,Awareness,Day,
6638,Instagram,Video,2024-01-26,5238,4911,546,218,432,485,79,27,Organic,0,Entertainment,Night,
6639,Facebook,Image,2025-12-30,3855,3686,1031,60,155,924,24,27,Paid,1865,Awareness,Night,
6640,Facebook,Story,2023-10-06,11024,9279,2936,10,49,869,125,158,Organic,0,Education,Day,
6641,Instagram,Video,2022-07-20,12777,10788,6219,152,39,2510,97,139,Organic,0,Entertainment,Night,
6642,Instagram,Story,2023-09-01,12491,11377,118,45,103,933,96,83,Paid,3242,Promotion,Night,
6643,YouTube,Video,2023-11-04,9753,6144,5067,2,249,1288,251,48,Organic,0,Entertainment,Day,
6644,YouTube,Story,2024-08-08,4646,3962,3701,176,52,766,123,31,Paid,3689,Motivation,Day,
6645,Facebook,Story,2024-04-07,11211,9662,5355,272,396,404,35,30,Paid,2138,Education,Night,
6646,Facebook,Video,2023-02-25,7207,6546,3825,89,304,996,108,101,Paid,336,Motivation,Day,
6647,Facebook,Video,2025-09-27,13912,11839,8767,131,123,2975,79,40,Paid,3432,Awareness,Day,
6648,Facebook,Story,2025-08-23,18054,15080,8674,71,439,561,97,113,Organic,0,Promotion,Night,
6649,YouTube,Video,2024-08-28,16348,15653,7465,8,403,1391,100,59,Organic,0,Education,Night,
6650,YouTube,Reel,2022-11-29,11214,9883,358,3,193,1128,128,73,Organic,0,Promotion,Day,
6651,YouTube,Video,2025-01-22,1084,783,523,42,429,91,22,65,Organic,0,Education,Day,
6652,YouTube,Reel,2021-04-19,17818,14617,8076,193,122,1890,216,134,Organic,0,Motivation,Day,
6653,Instagram,Reel,2022-02-28,5545,5198,3495,165,30,375,21,59,Organic,0,Awareness,Day,
6654,Instagram,Video,2024-08-22,9576,9149,5438,299,24,850,74,126,Organic,0,Entertainment,Day,
6655,Instagram,Reel,2022-03-08,9531,7619,1345,214,387,957,182,101,Organic,0,Promotion,Day,
6656,Instagram,Reel,2021-04-18,12994,9927,9229,239,454,2415,210,84,Organic,0,Education,Day,
6657,Facebook,Story,2022-02-03,7220,5582,5034,300,222,756,24,91,Paid,2261,Education,Night,
6658,Instagram,Video,2024-07-21,10698,7606,5857,13,312,1723,60,42,Organic,0,Promotion,Day,
6659,Instagram,Video,2023-08-15,19404,16738,10297,45,132,3755,320,123,Organic,0,Entertainment,Day,
6660,YouTube,Video,2022-08-19,8941,5832,4980,45,359,1745,396,82,Paid,3930,Awareness,Day,
6661,Facebook,Video,2022-09-28,7557,6312,5250,80,357,751,107,161,Organic,0,Education,Day,
6662,YouTube,Image,2021-03-25,12819,10054,2083,276,385,709,109,158,Paid,326,Education,Day,
6663,Facebook,Story,2022-01-23,19847,17305,6673,184,435,1500,85,39,Organic,0,Promotion,Day,
6664,Facebook,Story,2024-08-16,16155,14683,9390,153,188,1537,275,83,Organic,0,Promotion,Day,
6665,YouTube,Image,2022-10-30,19425,16285,4566,248,164,1369,79,71,Organic,0,Education,Day,
6666,Instagram,Story,2023-07-01,6765,6502,3261,187,161,554,159,91,Paid,4176,Education,Night,
6667,Facebook,Story,2024-10-10,4346,2939,1784,103,274,527,131,161,Organic,0,Education,Day,
6668,Instagram,Image,2023-05-18,7164,6051,477,107,41,1004,208,38,Paid,3926,Motivation,Day,
6669,YouTube,Reel,2024-07-08,1106,703,229,264,252,42,2,101,Organic,0,Education,Day,
6670,Instagram,Reel,2025-05-28,12679,9329,1207,154,147,2625,696,173,Organic,0,Awareness,Night,
6671,Instagram,Story,2022-11-19,17755,12410,12362,232,147,3377,811,173,Organic,0,Awareness,Night,
6672,Facebook,Image,2022-04-19,19477,15835,14509,266,496,4312,1287,155,Organic,0,Entertainment,Day,
6673,Instagram,Story,2021-11-05,7560,6837,1762,18,319,520,92,75,Organic,0,Promotion,Day,
6674,Instagram,Reel,2025-03-28,7301,5779,524,180,32,1411,127,7,Paid,4394,Entertainment,Day,
6675,Instagram,Image,2025-06-06,17062,11840,348,221,487,2786,293,62,Organic,0,Education,Day,
6676,Facebook,Reel,2024-03-03,18451,16999,8380,240,52,4702,1311,36,Organic,0,Promotion,Day,
6677,YouTube,Video,2023-05-01,12728,11533,8938,23,340,3192,328,35,Organic,0,Education,Day,
6678,YouTube,Video,2021-11-29,3517,2189,572,107,298,218,2,86,Paid,1155,Promotion,Day,
6679,Instagram,Reel,2021-07-17,12083,10225,2234,97,78,436,45,47,Paid,4767,Motivation,Day,
6680,YouTube,Reel,2022-06-21,19202,14429,6705,118,321,2124,101,139,Paid,1308,Motivation,Day,
6681,Instagram,Story,2022-08-28,5360,4905,1662,243,54,261,14,109,Paid,4974,Motivation,Night,
6682,Facebook,Image,2021-09-13,12012,7504,4001,278,441,1092,164,5,Paid,1742,Entertainment,Day,
6683,YouTube,Video,2025-07-17,15437,13306,11124,63,327,2254,512,65,Paid,580,Promotion,Night,
6684,Instagram,Story,2022-01-01,12565,12499,3050,100,464,411,26,18,Paid,1455,Entertainment,Day,
6685,Instagram,Image,2022-12-29,6730,5648,5003,20,106,389,43,10,Organic,0,Promotion,Day,
6686,Facebook,Reel,2024-02-27,7299,5963,709,17,448,1684,376,107,Organic,0,Education,Night,
6687,YouTube,Reel,2023-07-21,12181,10948,3280,280,51,339,72,14,Organic,0,Motivation,Day,
6688,Instagram,Image,2021-10-09,12600,9962,7160,82,322,1395,173,75,Organic,0,Motivation,Day,
6689,Instagram,Story,2022-11-07,13483,8143,179,298,119,746,55,94,Organic,0,Promotion,Day,
6690,YouTube,Story,2024-05-28,1476,1431,25,246,356,221,65,162,Organic,0,Entertainment,Day,
6691,Facebook,Reel,2023-03-14,19372,15199,10942,268,486,4058,1165,153,Paid,3571,Entertainment,Day,
6692,Facebook,Image,2022-08-18,4546,3893,1117,199,60,252,72,130,Organic,0,Awareness,Day,
6693,Facebook,Video,2024-05-10,6679,4967,295,72,148,1350,42,101,Paid,1780,Motivation,Day,
6694,Instagram,Image,2023-10-10,3983,3130,891,231,107,344,14,78,Paid,3132,Motivation,Day,
6695,Instagram,Video,2025-12-07,11919,8825,2139,258,396,830,42,119,Paid,1786,Entertainment,Day,
6696,Facebook,Story,2023-06-06,14167,11845,8836,137,108,1779,513,174,Paid,2312,Motivation,Day,
6697,YouTube,Image,2021-05-18,3280,2150,1452,43,156,394,20,55,Paid,3837,Entertainment,Night,
6698,Facebook,Image,2025-05-31,9292,9025,5958,148,383,1890,211,60,Organic,0,Awareness,Day,
6699,Instagram,Image,2022-12-26,7584,4870,543,23,477,37,5,45,Organic,0,Promotion,Night,
6700,Instagram,Image,2023-08-03,7714,7414,339,285,471,225,18,36,Organic,0,Promotion,Night,
6701,Facebook,Image,2023-02-24,18884,16066,9959,96,169,2708,561,19,Paid,2902,Awareness,Day,
6702,YouTube,Video,2021-11-26,18085,13303,4288,290,141,834,65,66,Paid,218,Motivation,Day,
6703,Facebook,Image,2022-12-09,11925,8523,743,217,71,415,21,159,Paid,2769,Education,Day,
6704,Facebook,Video,2021-08-09,1160,1083,558,24,334,319,65,32,Organic,0,Motivation,Day,
6705,Instagram,Video,2021-08-25,19816,19038,9895,53,149,5069,1197,68,Organic,0,Entertainment,Night,
6706,Instagram,Video,2024-02-18,1069,824,681,40,360,201,3,134,Organic,0,Education,Day,
6707,Instagram,Reel,2024-07-12,8934,8122,7948,205,465,1090,245,131,Organic,0,Awareness,Day,
6708,YouTube,Reel,2021-05-28,8181,8117,6584,210,155,1698,130,40,Organic,0,Promotion,Day,
6709,Facebook,Reel,2022-07-01,15818,10601,9419,91,146,1311,354,118,Organic,0,Promotion,Night,
6710,Instagram,Reel,2021-01-27,12159,9030,4153,13,274,2456,407,17,Paid,1371,Motivation,Day,
6711,YouTube,Story,2022-07-21,3741,3172,2755,121,475,289,80,19,Organic,0,Promotion,Night,
6712,Instagram,Reel,2024-08-26,19717,17558,14817,221,257,3278,540,93,Organic,0,Motivation,Night,
6713,Facebook,Video,2024-01-28,6797,4156,1355,78,157,1164,50,26,Paid,4143,Entertainment,Day,
6714,YouTube,Video,2025-12-15,13588,11345,9919,249,0,503,66,78,Organic,0,Entertainment,Day,
6715,Instagram,Reel,2024-05-28,6288,3804,1466,51,425,958,7,29,Organic,0,Awareness,Day,
6716,Facebook,Reel,2022-12-01,11425,7489,1931,60,225,306,60,105,Organic,0,Entertainment,Day,
6717,Instagram,Image,2022-05-05,2798,1955,3,272,199,358,26,175,Organic,0,Motivation,Night,
6718,Instagram,Story,2023-08-16,2685,2242,1887,92,393,662,60,121,Organic,0,Promotion,Day,
6719,YouTube,Video,2023-10-06,13051,9454,1881,165,117,1913,88,170,Organic,0,Entertainment,Day,
6720,YouTube,Story,2022-02-13,8868,6250,3135,294,467,50,0,45,Organic,0,Entertainment,Day,
6721,YouTube,Reel,2021-05-18,14622,10998,1146,51,182,1822,257,177,Organic,0,Motivation,Day,
6722,Facebook,Story,2022-04-10,3996,3615,2209,154,80,849,128,92,Organic,0,Entertainment,Day,
6723,YouTube,Story,2022-02-09,5620,5060,2479,108,9,1343,221,172,Paid,2547,Promotion,Day,
6724,Facebook,Video,2022-09-30,1961,1387,505,38,182,328,83,114,Organic,0,Promotion,Day,
6725,Facebook,Image,2025-10-25,13483,13336,7079,254,45,1403,100,124,Paid,845,Promotion,Day,
6726,Facebook,Reel,2025-12-11,7788,6314,2692,42,382,626,107,101,Organic,0,Promotion,Day,
6727,Facebook,Reel,2023-11-21,10878,9186,3482,71,451,691,47,149,Organic,0,Education,Day,
6728,Instagram,Reel,2024-09-13,11653,8763,7321,290,108,1264,261,61,Paid,206,Promotion,Day,
6729,Instagram,Story,2023-06-17,9377,8067,4503,122,328,1664,181,134,Organic,0,Education,Day,
6730,Facebook,Image,2024-10-02,8248,6367,1,198,150,361,15,100,Organic,0,Promotion,Day,
6731,YouTube,Video,2021-10-22,1213,948,331,143,20,147,5,125,Organic,0,Promotion,Day,
6732,YouTube,Video,2023-10-28,6097,4920,3707,171,7,535,117,66,Organic,0,Motivation,Day,
6733,Facebook,Video,2023-10-16,4507,3522,776,137,292,403,18,141,Paid,4461,Promotion,Day,
6734,Instagram,Reel,2024-10-15,4769,3378,1558,203,102,104,1,72,Paid,4723,Entertainment,Day,
6735,Facebook,Video,2021-11-09,14546,11164,3071,207,484,684,118,85,Organic,0,Promotion,Day,
6736,Instagram,Image,2022-02-20,9568,8542,6851,260,331,1283,145,21,Organic,0,Awareness,Day,
6737,Instagram,Image,2024-09-11,16763,15063,7853,95,197,3551,980,121,Organic,0,Motivation,Day,
6738,YouTube,Reel,2025-06-02,17836,14046,3377,112,67,1593,2,54,Paid,1799,Motivation,Day,
6739,YouTube,Image,2025-07-21,16996,15235,19,87,328,4506,276,116,Paid,1866,Promotion,Day,
6740,Facebook,Image,2024-05-19,14665,14257,1155,151,438,3964,247,98,Paid,1261,Awareness,Night,
6741,Facebook,Image,2022-09-24,10277,6936,2905,216,486,1441,61,172,Organic,0,Promotion,Day,
6742,YouTube,Story,2025-06-19,5036,5017,4777,167,499,851,21,89,Paid,4001,Entertainment,Day,
6743,YouTube,Reel,2023-11-22,5922,5184,4110,234,289,59,13,153,Organic,0,Motivation,Day,
6744,YouTube,Video,2025-05-14,11269,10070,9266,194,195,293,39,150,Organic,0,Motivation,Day,
6745,YouTube,Reel,2024-06-25,3291,2728,1381,231,270,629,43,161,Paid,1481,Awareness,Day,
6746,YouTube,Image,2022-11-18,2506,2435,2328,7,97,560,129,156,Organic,0,Education,Day,
6747,Facebook,Video,2025-02-17,2797,2133,320,94,25,292,61,78,Paid,3095,Awareness,Day,
6748,Facebook,Reel,2025-08-30,5499,5219,1919,270,320,435,6,113,Organic,0,Entertainment,Night,
6749,YouTube,Reel,2024-12-09,12882,12425,9708,78,487,3409,338,149,Paid,502,Awareness,Day,
6750,YouTube,Reel,2022-02-08,2153,1766,496,190,376,156,9,22,Organic,0,Education,Night,
6751,Facebook,Story,2024-03-26,19135,12710,1107,54,357,911,114,46,Organic,0,Entertainment,Night,
6752,Facebook,Image,2025-04-12,4931,4918,1995,277,421,493,127,105,Organic,0,Entertainment,Night,
6753,Instagram,Image,2024-02-04,15998,14526,7169,273,420,1288,224,49,Organic,0,Education,Night,
6754,Facebook,Story,2024-07-24,6124,4681,1493,66,303,801,1,86,Organic,0,Promotion,Day,
6755,Instagram,Story,2022-09-16,13556,11476,8339,192,173,1347,53,21,Organic,0,Awareness,Day,
6756,YouTube,Video,2023-04-06,16057,11852,6260,270,33,810,6,77,Organic,0,Entertainment,Day,
6757,YouTube,Image,2024-07-06,11139,9130,2313,25,88,2318,629,18,Organic,0,Awareness,Day,
6758,YouTube,Story,2021-01-21,17840,11352,3893,111,299,257,26,161,Organic,0,Education,Day,
6759,Facebook,Video,2024-12-15,4920,3545,3091,38,358,172,37,136,Organic,0,Motivation,Night,
6760,YouTube,Story,2022-02-04,15352,14051,21,232,385,3360,255,86,Paid,1654,Education,Day,
6761,Instagram,Story,2025-11-13,10160,8436,3916,87,225,1391,27,152,Paid,2527,Awareness,Day,
6762,Facebook,Video,2024-02-18,4172,3712,581,266,143,340,73,124,Organic,0,Entertainment,Night,
6763,Facebook,Image,2021-06-27,9640,8905,3491,209,414,456,104,124,Organic,0,Awareness,Day,
6764,Facebook,Story,2025-02-26,6861,5234,939,219,119,119,33,51,Paid,1300,Motivation,Day,
6765,Instagram,Video,2022-02-06,5348,4193,2622,247,364,1036,53,111,Organic,0,Entertainment,Day,
6766,Instagram,Reel,2023-09-02,10642,7011,1435,212,436,154,15,112,Organic,0,Motivation,Night,
6767,Instagram,Reel,2021-09-21,11964,9371,8624,179,42,500,83,13,Organic,0,Promotion,Day,
6768,YouTube,Video,2023-11-25,15143,11004,6739,144,403,1289,252,83,Organic,0,Education,Night,
6769,Facebook,Story,2025-08-12,10110,8992,7845,54,421,1776,420,159,Organic,0,Promotion,Day,
6770,YouTube,Video,2021-05-01,7228,5034,1456,51,481,1402,317,19,Organic,0,Awareness,Night,
6771,Facebook,Story,2025-10-22,12089,11524,11225,61,429,3163,879,23,Organic,0,Promotion,Day,
6772,YouTube,Video,2021-06-16,4225,3663,384,146,196,752,134,94,Organic,0,Education,Night,
6773,Instagram,Reel,2025-03-07,2495,1631,691,203,260,97,24,30,Organic,0,Entertainment,Night,
6774,Instagram,Video,2021-07-19,6341,5893,4406,58,434,1212,7,158,Organic,0,Motivation,Day,
6775,YouTube,Image,2022-04-12,5606,4355,4056,195,202,689,109,158,Organic,0,Entertainment,Day,
6776,Facebook,Reel,2023-03-25,2607,1856,948,270,458,463,24,178,Organic,0,Promotion,Day,
6777,Facebook,Image,2023-11-16,19178,16060,15701,45,279,2249,479,96,Paid,1635,Awareness,Day,
6778,YouTube,Story,2023-12-26,3513,3367,2042,227,382,203,54,86,Organic,0,Promotion,Night,
6779,Facebook,Story,2024-08-20,2497,1854,971,119,0,90,0,135,Organic,0,Education,Day,
6780,YouTube,Reel,2021-12-04,19178,11756,1863,40,356,756,132,46,Organic,0,Education,Night,
6781,YouTube,Story,2024-07-12,10767,10647,3834,10,140,707,79,23,Organic,0,Awareness,Night,
6782,Facebook,Story,2023-08-10,10685,8943,2403,167,288,1563,290,21,Organic,0,Entertainment,Day,
6783,YouTube,Video,2025-09-09,14523,10523,1498,231,214,1230,296,165,Organic,0,Education,Day,
6784,Instagram,Story,2022-05-21,18234,16839,236,31,132,4989,463,80,Paid,2719,Education,Day,
6785,YouTube,Reel,2024-09-27,4407,3910,2578,22,109,745,22,67,Organic,0,Awareness,Day,
6786,Instagram,Video,2025-10-26,1862,1570,976,2,198,397,49,135,Paid,254,Entertainment,Day,
6787,Instagram,Image,2025-02-11,4482,3483,1273,275,345,823,142,111,Organic,0,Promotion,Day,
6788,YouTube,Story,2023-09-28,5439,3389,3147,267,470,953,267,53,Paid,1099,Motivation,Night,
6789,Instagram,Reel,2024-03-21,3321,3040,927,143,130,108,24,59,Paid,2302,Awareness,Day,
6790,YouTube,Story,2023-06-20,9391,5862,4083,236,87,668,94,158,Paid,723,Entertainment,Day,
6791,YouTube,Image,2023-04-20,3717,2685,625,13,362,799,146,103,Organic,0,Motivation,Day,
6792,Facebook,Story,2022-07-13,3437,2897,448,244,376,7,2,56,Organic,0,Awareness,Night,
6793,YouTube,Image,2021-02-28,6163,4490,457,199,216,139,39,104,Paid,1701,Promotion,Day,
6794,YouTube,Story,2021-10-02,18269,14040,12889,284,294,1988,448,121,Paid,4076,Promotion,Day,
6795,Facebook,Video,2025-01-28,8060,6252,2496,246,20,1051,128,122,Paid,915,Entertainment,Night,
6796,YouTube,Image,2025-07-05,12999,11539,5204,198,492,361,105,11,Organic,0,Entertainment,Night,
6797,Facebook,Image,2021-07-26,12352,10557,5169,202,199,2838,284,50,Paid,2979,Promotion,Night,
6798,YouTube,Video,2023-07-28,14749,12597,1947,71,19,389,42,50,Organic,0,Promotion,Night,
6799,Instagram,Reel,2024-11-19,17192,10462,6016,291,216,428,4,104,Organic,0,Awareness,Day,
6800,Instagram,Reel,2025-12-16,17073,15413,5923,173,70,1521,411,148,Organic,0,Entertainment,Night,
6801,YouTube,Reel,2022-12-17,12311,11157,3072,177,446,1724,80,156,Organic,0,Motivation,Day,
6802,Facebook,Image,2021-04-07,17818,15978,1074,258,220,2114,548,58,Paid,3346,Promotion,Day,
6803,Instagram,Reel,2021-01-21,17925,16820,9183,74,82,1566,384,66,Organic,0,Motivation,Night,
6804,YouTube,Video,2021-09-25,17252,14776,1057,123,112,3060,222,133,Organic,0,Entertainment,Day,
6805,YouTube,Story,2024-03-03,18830,15928,120,24,126,1779,9,53,Organic,0,Entertainment,Day,
6806,Instagram,Video,2024-02-09,17055,16895,3474,155,21,3443,705,29,Organic,0,Education,Day,
6807,YouTube,Story,2021-01-01,12113,10811,7374,280,250,1363,376,14,Organic,0,Promotion,Day,
6808,Facebook,Video,2022-10-28,2221,2020,292,236,376,47,9,122,Organic,0,Entertainment,Day,
6809,Instagram,Video,2022-01-31,19468,11736,9746,294,466,1110,200,148,Organic,0,Entertainment,Night,
6810,Instagram,Story,2023-12-05,4650,3847,2173,276,96,395,98,161,Paid,1435,Promotion,Night,
6811,YouTube,Image,2023-04-30,13464,9168,3176,199,488,1673,300,96,Paid,978,Education,Day,
6812,Facebook,Image,2023-07-22,15584,14853,5214,94,306,3891,136,138,Organic,0,Education,Night,
6813,YouTube,Image,2025-06-04,14469,14260,10203,50,183,2450,689,148,Organic,0,Education,Day,
6814,Instagram,Video,2024-06-11,9914,8845,4338,49,353,2212,647,152,Organic,0,Education,Day,
6815,Instagram,Image,2025-06-17,5530,4374,290,185,19,671,41,84,Paid,2006,Awareness,Night,
6816,YouTube,Story,2022-11-24,18472,17674,14088,83,135,3870,691,75,Organic,0,Promotion,Night,
6817,Facebook,Story,2023-11-24,10676,7063,204,51,115,1578,226,82,Organic,0,Promotion,Day,
6818,Instagram,Video,2023-12-13,19808,12808,7180,142,429,3768,411,47,Organic,0,Promotion,Day,
6819,YouTube,Story,2021-07-27,3644,2797,2553,275,439,172,1,158,Paid,1694,Education,Day,
6820,Facebook,Video,2024-01-23,11146,8422,5089,8,149,2261,178,94,Organic,0,Education,Night,
6821,Instagram,Reel,2023-12-28,13793,9724,5860,225,474,1277,243,82,Organic,0,Entertainment,Day,
6822,Instagram,Reel,2021-11-29,7060,5119,1905,24,256,840,169,165,Paid,445,Awareness,Day,
6823,Instagram,Story,2022-10-15,19693,11909,6500,256,145,990,156,30,Organic,0,Promotion,Night,
6824,Facebook,Video,2021-05-09,9159,8613,5273,151,490,731,213,125,Paid,583,Awareness,Day,
6825,Instagram,Reel,2023-09-25,13682,12813,937,241,289,1714,104,49,Organic,0,Promotion,Night,
6826,Facebook,Story,2025-11-18,1097,951,406,228,214,38,11,67,Paid,4194,Education,Night,
6827,Instagram,Video,2024-03-22,3233,2892,379,20,110,19,4,72,Organic,0,Education,Day,
6828,Instagram,Image,2022-10-15,12504,10811,2178,35,29,2986,166,158,Paid,1100,Promotion,Day,
6829,Instagram,Story,2022-12-11,2103,1406,765,11,12,269,3,6,Organic,0,Motivation,Day,
6830,Instagram,Image,2021-05-31,2795,2202,1565,121,21,304,35,146,Paid,3121,Education,Night,
6831,Instagram,Reel,2023-02-03,13267,11636,3070,11,83,640,127,112,Organic,0,Entertainment,Day,
6832,YouTube,Reel,2024-03-09,4722,3756,2311,11,164,653,138,34,Organic,0,Education,Night,
6833,YouTube,Image,2025-03-05,7353,6293,5807,200,359,59,3,53,Paid,2428,Entertainment,Day,
6834,Facebook,Reel,2021-01-10,1946,1848,312,142,265,467,47,144,Organic,0,Awareness,Day,
6835,Instagram,Story,2025-12-31,7333,4975,3444,251,243,465,119,48,Organic,0,Education,Day,
6836,Facebook,Story,2025-11-08,9879,9758,3350,95,141,1539,198,165,Organic,0,Education,Day,
6837,YouTube,Image,2022-08-03,4825,4456,4163,281,372,601,129,17,Paid,2738,Awareness,Day,
6838,Facebook,Story,2023-09-03,2155,1791,895,176,271,451,91,82,Organic,0,Entertainment,Day,
6839,Instagram,Story,2023-03-19,12100,10856,1437,297,91,2249,380,130,Paid,2703,Motivation,Day,
6840,Instagram,Reel,2022-06-28,10077,6609,5345,286,487,918,123,102,Organic,0,Entertainment,Day,
6841,YouTube,Image,2021-10-23,12901,8487,3404,167,55,1632,177,30,Organic,0,Promotion,Day,
6842,Instagram,Reel,2023-12-23,3833,3426,1063,34,140,956,246,153,Organic,0,Promotion,Day,
6843,Instagram,Image,2023-06-23,10327,10115,6677,100,299,2724,496,160,Organic,0,Promotion,Day,
6844,YouTube,Image,2022-01-31,15607,14762,13968,91,254,633,4,52,Organic,0,Awareness,Day,
6845,Instagram,Image,2025-11-27,16940,14821,7177,144,373,3425,112,172,Organic,0,Entertainment,Night,
6846,YouTube,Story,2024-12-10,6725,4072,1927,273,495,676,175,70,Organic,0,Education,Day,
6847,YouTube,Image,2025-08-13,10700,9724,3428,134,395,718,36,91,Paid,4546,Promotion,Night,
6848,Instagram,Story,2025-01-17,14335,11308,1856,177,119,379,68,732,Organic,0,Entertainment,Day,
6849,Facebook,Reel,2021-05-27,3814,2559,2135,64,321,65,9,27,Organic,0,Education,Night,
6850,Facebook,Image,2023-12-25,17443,15721,10828,260,218,3967,96,85,Organic,0,Entertainment,Day,
6851,Instagram,Video,2025-09-13,11319,7676,6417,52,253,1038,223,52,Organic,0,Awareness,Day,
6852,Instagram,Image,2024-06-11,1461,1234,75,54,459,290,30,128,Organic,0,Promotion,Day,
6853,Instagram,Story,2022-01-12,11969,10208,1275,68,134,2834,168,134,Organic,0,Motivation,Day,
6854,Facebook,Story,2024-11-10,13643,11249,7967,287,231,1371,78,88,Paid,3027,Promotion,Day,
6855,YouTube,Reel,2024-01-18,7411,5745,46,92,81,234,48,24,Organic,0,Promotion,Night,
6856,Facebook,Video,2022-03-15,16175,15575,8199,25,30,1018,42,50,Organic,0,Awareness,Day,
6857,YouTube,Video,2023-11-29,5689,3749,2948,273,130,569,153,135,Organic,0,Education,Day,
6858,Instagram,Image,2023-01-08,15511,14923,4040,148,351,2580,340,16,Organic,0,Promotion,Night,
6859,Facebook,Video,2022-04-14,8097,5471,1542,65,339,1147,92,44,Organic,0,Education,Day,
6860,YouTube,Image,2024-07-23,3172,3028,1598,297,415,811,210,70,Organic,0,Education,Day,
6861,Facebook,Video,2023-01-04,9606,8317,4448,199,307,2119,254,104,Organic,0,Awareness,Day,
6862,Facebook,Image,2021-10-11,17906,17402,10342,261,139,4073,422,82,Organic,0,Promotion,Day,
6863,Facebook,Reel,2021-08-08,11974,10681,7638,27,320,580,121,20,Paid,4928,Awareness,Day,
6864,Facebook,Story,2025-10-06,5706,4485,2848,288,277,612,100,87,Organic,0,Awareness,Day,
6865,YouTube,Story,2023-03-29,1953,1787,957,268,101,62,12,166,Organic,0,Motivation,Day,
6866,Instagram,Story,2022-08-19,2790,2527,2056,272,472,150,27,48,Organic,0,Awareness,Day,
6867,Instagram,Story,2021-12-30,19553,16566,9847,199,464,4533,1023,138,Organic,0,Motivation,Day,
6868,Instagram,Reel,2024-11-02,8946,5703,5630,21,296,291,67,104,Organic,0,Education,Night,
6869,Facebook,Video,2022-05-19,6660,5874,4824,264,47,626,149,26,Organic,0,Education,Night,
6870,YouTube,Story,2022-01-08,3620,2465,394,70,330,141,2,22,Paid,4495,Entertainment,Day,
6871,Facebook,Story,2023-02-24,17639,13482,525,166,148,320,26,16,Organic,0,Entertainment,Day,
6872,YouTube,Reel,2022-11-11,4544,4190,4002,4,0,794,171,127,Organic,0,Education,Day,
6873,Instagram,Video,2023-09-03,18610,18207,1767,23,105,3702,1020,121,Organic,0,Promotion,Day,
6874,YouTube,Story,2023-09-02,6764,4706,3803,260,382,882,13,55,Organic,0,Entertainment,Day,
6875,Instagram,Story,2023-08-16,10402,8205,6917,139,325,658,109,75,Organic,0,Awareness,Day,
6876,YouTube,Reel,2021-10-15,8183,5226,4462,181,415,126,13,52,Organic,0,Entertainment,Day,
6877,Instagram,Reel,2025-12-27,9439,6657,451,182,280,914,222,23,Organic,0,Education,Night,
6878,Instagram,Story,2024-06-25,12234,11747,5591,214,279,712,19,10,Organic,0,Promotion,Night,
6879,YouTube,Video,2021-07-10,5866,4086,611,182,487,555,52,88,Organic,0,Education,Night,
6880,Facebook,Reel,2022-02-05,12982,11896,11293,105,10,2055,532,159,Paid,4971,Promotion,Day,
6881,YouTube,Story,2021-08-16,16636,14432,7657,10,339,978,136,57,Organic,0,Entertainment,Night,
6882,Instagram,Reel,2023-07-26,14518,12400,4917,129,459,3698,119,111,Organic,0,Awareness,Day,
6883,Facebook,Image,2024-09-01,12257,9815,1137,52,118,1920,333,105,Paid,4442,Awareness,Day,
6884,YouTube,Video,2022-03-08,4610,3531,534,152,80,850,249,52,Paid,1722,Education,Night,
6885,Instagram,Reel,2025-01-25,13687,10634,9369,143,494,1299,307,139,Paid,3002,Promotion,Night,
6886,YouTube,Video,2023-11-18,15005,13331,13229,6,409,1174,190,73,Organic,0,Entertainment,Night,
6887,Facebook,Story,2022-12-11,19760,11975,8248,243,69,787,219,15,Paid,4790,Promotion,Day,
6888,Instagram,Story,2024-11-24,13386,9590,564,95,251,2790,191,147,Organic,0,Promotion,Day,
6889,YouTube,Video,2022-09-19,3324,3234,3055,3,88,158,24,135,Organic,0,Promotion,Night,
6890,Facebook,Video,2025-10-16,8711,7477,4002,127,222,1797,166,126,Organic,0,Entertainment,Night,
6891,YouTube,Image,2023-10-08,14571,13964,10627,160,296,2519,582,73,Paid,2705,Promotion,Night,
6892,Facebook,Story,2024-09-19,1086,1023,451,122,176,59,12,27,Organic,0,Awareness,Day,
6893,YouTube,Reel,2022-11-14,14567,9915,1198,39,441,773,148,41,Organic,0,Education,Day,
6894,Facebook,Video,2021-01-11,4956,4780,33,20,275,1041,241,13,Organic,0,Motivation,Day,
6895,YouTube,Reel,2023-01-06,5587,4084,3071,85,21,261,7,19,Organic,0,Promotion,Night,
6896,YouTube,Video,2023-02-25,18753,16055,4775,217,196,1925,367,135,Paid,4606,Awareness,Day,
6897,YouTube,Story,2025-11-06,3322,2908,1925,274,92,119,0,97,Organic,0,Awareness,Day,
6898,Facebook,Video,2024-03-03,9636,9094,1995,249,98,1907,360,21,Organic,0,Education,Night,
6899,Instagram,Video,2023-05-08,19603,12121,12062,206,263,3238,401,158,Paid,4306,Education,Day,
6900,Facebook,Image,2023-08-05,18394,16193,12760,19,93,4117,747,153,Organic,0,Motivation,Night,
6901,YouTube,Story,2021-02-10,16232,11351,871,78,352,496,108,76,Organic,0,Motivation,Night,
6902,YouTube,Reel,2025-08-12,11006,9390,7586,31,477,63,12,153,Paid,1791,Motivation,Day,
6903,Instagram,Story,2024-09-15,12451,8735,5143,220,459,1127,45,125,Paid,207,Entertainment,Day,
6904,Instagram,Image,2023-02-15,10823,9618,4167,210,314,2198,425,15,Paid,1183,Entertainment,Night,
6905,Instagram,Video,2023-11-01,4935,3530,71,2,478,339,91,170,Organic,0,Awareness,Day,
6906,YouTube,Image,2022-06-23,1442,977,522,138,250,108,28,76,Organic,0,Education,Day,
6907,YouTube,Reel,2023-11-06,4198,2553,739,75,166,486,61,110,Organic,0,Promotion,Day,
6908,Instagram,Reel,2023-09-12,18766,16909,4629,107,368,1826,228,129,Organic,0,Education,Day,
6909,Instagram,Story,2021-08-25,8710,6326,971,241,252,674,11,39,Organic,0,Entertainment,Day,
6910,Instagram,Video,2023-05-14,14266,11582,693,25,18,1891,551,123,Organic,0,Awareness,Day,
6911,YouTube,Image,2025-10-12,1622,1332,333,137,255,306,11,18,Paid,1100,Promotion,Day,
6912,Facebook,Video,2022-09-10,8822,7845,2336,28,65,881,105,18,Organic,0,Motivation,Day,
6913,YouTube,Video,2023-03-08,13935,13184,5243,177,324,2630,691,14,Organic,0,Motivation,Day,
6914,Facebook,Image,2021-02-08,12500,11806,6070,255,395,195,41,1803,Organic,0,Entertainment,Day,
6915,YouTube,Video,2024-11-13,12090,11029,8338,114,376,1345,50,42,Organic,0,Awareness,Night,
6916,Facebook,Story,2021-04-22,19073,12555,4499,131,198,788,125,112,Paid,731,Education,Day,
6917,Facebook,Reel,2021-08-04,18563,16365,10338,277,44,2618,16,123,Organic,0,Entertainment,Night,
6918,Instagram,Video,2024-10-17,9013,7481,4498,158,90,1502,366,38,Organic,0,Education,Day,
6919,Instagram,Image,2022-07-28,8398,5696,376,33,240,825,189,173,Organic,0,Promotion,Day,
6920,YouTube,Video,2024-09-15,15706,11467,773,216,185,936,249,14,Organic,0,Education,Night,
6921,Facebook,Image,2022-08-27,7310,6031,679,94,242,90,11,126,Organic,0,Promotion,Day,
6922,Facebook,Reel,2021-03-19,19926,13863,6358,84,331,647,160,149,Paid,3167,Awareness,Day,
6923,Facebook,Video,2025-10-06,16744,13878,7115,11,153,2568,428,149,Organic,0,Entertainment,Day,
6924,Facebook,Story,2021-01-22,4795,3912,1573,206,442,888,198,119,Organic,0,Education,Day,
6925,YouTube,Reel,2024-02-13,4287,2745,356,8,246,754,220,5,Organic,0,Awareness,Day,
6926,Instagram,Reel,2022-03-26,11263,10874,366,299,252,1764,311,16,Paid,4840,Awareness,Day,
6927,YouTube,Video,2023-02-12,11543,8753,4290,296,442,811,176,107,Paid,1461,Education,Day,
6928,Facebook,Video,2023-04-16,5411,5300,4227,206,61,1289,302,8,Organic,0,Motivation,Night,
6929,Instagram,Reel,2024-01-23,16560,12555,4101,162,337,2649,404,174,Organic,0,Motivation,Night,
6930,Facebook,Reel,2022-07-27,10006,9274,2826,14,213,2422,391,145,Paid,1133,Promotion,Day,
6931,Instagram,Story,2021-11-10,19605,19060,17324,123,27,4697,1360,102,Paid,1250,Awareness,Night,
6932,Facebook,Image,2021-05-01,1355,1015,377,207,320,179,34,110,Paid,1016,Entertainment,Day,
6933,YouTube,Video,2024-06-17,9048,6468,4152,265,178,1524,148,3282,Paid,134530,Entertainment,Day,
6934,YouTube,Reel,2022-05-07,8618,6358,3609,83,479,1141,279,125,Organic,0,Awareness,Night,
6935,YouTube,Image,2022-08-14,15836,13125,9550,96,70,2072,214,136,Organic,0,Motivation,Day,
6936,Facebook,Image,2023-03-02,17447,11115,1409,251,231,2281,91,86,Paid,3802,Awareness,Day,
6937,YouTube,Reel,2022-08-06,4073,2687,218,251,446,6,0,23,Paid,992,Promotion,Day,
6938,Instagram,Image,2022-09-29,8168,6688,6200,133,54,135,31,134,Organic,0,Awareness,Day,
6939,Facebook,Video,2022-07-12,16523,15046,294,31,14,543,128,16,Organic,0,Education,Day,
6940,Facebook,Reel,2021-05-01,1503,993,738,60,141,116,15,85,Paid,1585,Motivation,Night,
6941,YouTube,Video,2021-01-17,18942,16188,11905,126,427,150,16,78,Organic,0,Education,Day,
6942,Facebook,Video,2024-09-14,19701,13144,9506,76,238,446,90,102,Paid,4584,Education,Day,
6943,Facebook,Image,2022-05-27,17122,11479,6889,147,165,1091,147,10,Organic,0,Awareness,Day,
6944,Facebook,Video,2023-05-24,13367,8638,6116,279,381,2120,317,140,Organic,0,Awareness,Night,
6945,Facebook,Image,2022-11-04,7424,5299,2535,249,452,813,241,129,Organic,0,Entertainment,Day,
6946,Instagram,Image,2021-08-02,2458,2426,486,94,357,644,151,55,Organic,0,Education,Day,
6947,Facebook,Reel,2022-04-02,1489,1416,769,177,216,403,28,15,Organic,0,Awareness,Night,
6948,Facebook,Image,2024-07-24,4974,4144,577,69,193,962,273,131,Organic,0,Entertainment,Day,
6949,YouTube,Image,2024-04-03,14210,11896,9405,290,446,2799,631,144,Paid,3142,Education,Day,
6950,Facebook,Image,2024-10-14,6171,5576,3086,181,233,927,13,77,Paid,4828,Entertainment,Day,
6951,Instagram,Image,2024-05-07,10713,9902,5238,237,251,1520,430,6,Organic,0,Motivation,Day,
6952,YouTube,Image,2021-02-02,15210,13077,5211,17,374,876,259,12,Organic,0,Promotion,Day,
6953,Facebook,Reel,2024-09-04,14483,12985,12785,243,120,545,49,143,Organic,0,Education,Day,
6954,Instagram,Video,2023-08-16,8339,7321,5441,89,222,978,142,128,Organic,0,Awareness,Day,
6955,Instagram,Image,2025-07-30,17343,15012,855,228,125,4096,828,57,Organic,0,Motivation,Night,
6956,Instagram,Video,2025-09-17,18846,18718,11776,79,41,3015,267,14,Organic,0,Entertainment,Day,
6957,YouTube,Video,2022-05-25,16070,11363,10456,170,263,554,17,116,Organic,0,Promotion,Day,
6958,Facebook,Video,2024-07-11,15379,14801,2693,80,301,1371,409,12,Organic,0,Education,Night,
6959,YouTube,Video,2024-06-20,12354,10145,8389,267,275,2047,407,40,Organic,0,Promotion,Day,
6960,Facebook,Video,2024-05-10,8054,6872,6820,5,213,130,28,110,Paid,500,Motivation,Day,
6961,Instagram,Reel,2025-02-26,5174,3875,3165,156,150,170,22,18,Organic,0,Promotion,Day,
6962,Instagram,Video,2022-09-28,3580,3300,2613,279,497,846,125,90,Paid,3177,Education,Day,
6963,Facebook,Image,2021-08-17,10347,9460,2594,150,312,1998,127,153,Paid,2800,Motivation,Day,
6964,YouTube,Story,2023-02-12,18315,16160,3310,216,191,2590,599,54,Paid,2353,Entertainment,Day,
6965,Instagram,Reel,2021-08-02,2540,2517,1604,233,91,631,64,171,Paid,4881,Education,Night,
6966,YouTube,Image,2023-02-17,9716,5873,465,42,455,1035,310,24,Organic,0,Promotion,Day,
6967,Instagram,Image,2023-02-02,9080,6032,3676,31,32,1735,103,91,Organic,0,Education,Day,
6968,YouTube,Video,2023-08-10,3510,3152,1096,170,366,476,30,139,Organic,0,Motivation,Day,
6969,YouTube,Image,2025-01-07,19752,18421,2572,264,443,4903,325,141,Paid,4954,Promotion,Night,
6970,YouTube,Reel,2021-12-20,19032,16893,3428,284,298,183,9,133,Paid,1439,Entertainment,Day,
6971,Instagram,Image,2022-01-26,14028,8681,1785,46,242,1282,17,158,Paid,3133,Awareness,Night,
6972,Instagram,Video,2024-12-18,8796,6486,2284,208,427,184,30,170,Organic,0,Entertainment,Night,
6973,YouTube,Reel,2021-06-25,12319,10374,3382,174,186,1228,167,42,Paid,659,Education,Day,
6974,Facebook,Video,2022-09-10,3457,2923,1429,210,207,812,193,48,Organic,0,Awareness,Day,
6975,YouTube,Image,2022-02-14,7336,4497,2520,260,204,402,48,90,Organic,0,Motivation,Day,
6976,Instagram,Reel,2022-08-27,11904,7298,2667,91,460,223,57,1054,Paid,37629,Promotion,Day,
6977,Instagram,Story,2021-06-29,11389,6844,1892,203,132,263,72,78,Organic,0,Promotion,Day,
6978,Facebook,Image,2023-06-11,16107,9825,7862,248,259,1609,333,123,Paid,4455,Motivation,Night,
6979,Instagram,Story,2021-05-13,4246,4230,1226,140,485,425,67,126,Organic,0,Education,Night,
6980,Facebook,Video,2025-04-28,10026,8257,5183,110,177,1774,281,138,Paid,1197,Entertainment,Day,
6981,YouTube,Story,2022-06-28,1803,1665,1505,38,426,8,2,149,Organic,0,Awareness,Night,
6982,Facebook,Reel,2022-03-04,18063,13108,9847,131,326,160,24,55,Paid,1878,Motivation,Night,
6983,YouTube,Image,2022-02-23,14239,11524,1405,25,17,402,99,42,Paid,1064,Education,Day,
6984,Instagram,Reel,2025-04-18,10805,7332,4230,135,387,708,109,1181,Paid,40951,Education,Day,
6985,YouTube,Video,2024-03-25,16468,15707,5937,24,476,211,12,55,Organic,0,Awareness,Day,
6986,Facebook,Reel,2022-05-05,4115,3253,2698,124,418,879,108,14,Paid,2574,Motivation,Day,
6987,YouTube,Image,2022-03-27,13813,9328,5919,250,382,1301,298,124,Organic,0,Entertainment,Day,
6988,Facebook,Story,2021-12-12,4923,3180,2350,55,71,711,155,153,Organic,0,Entertainment,Night,
6989,YouTube,Image,2025-12-16,17739,16945,5675,122,388,1735,2,74,Organic,0,Motivation,Day,
6990,Facebook,Reel,2024-09-04,18432,11982,4395,186,59,2098,216,89,Paid,3126,Promotion,Night,
6991,Instagram,Image,2023-10-08,14580,12793,2004,293,223,2336,91,61,Organic,0,Entertainment,Day,
6992,YouTube,Reel,2023-08-26,1257,1005,242,116,484,43,1,130,Paid,2597,Promotion,Day,
6993,YouTube,Story,2025-02-07,11691,11642,3379,42,463,503,63,43,Paid,2421,Motivation,Night,
6994,Facebook,Image,2021-12-10,13233,9964,2249,159,181,1442,221,37,Organic,0,Education,Day,
6995,Facebook,Story,2021-02-27,1720,1311,212,136,406,367,88,22,Paid,4198,Motivation,Night,
6996,Instagram,Reel,2025-03-29,15624,14822,8713,275,88,4066,184,61,Organic,0,Education,Day,
6997,Instagram,Image,2022-08-18,3540,3222,2242,82,416,666,32,100,Paid,4367,Motivation,Night,
6998,Facebook,Image,2021-09-24,4170,3321,16,108,267,199,24,52,Organic,0,Promotion,Day,
6999,Facebook,Image,2025-11-10,15134,14343,3779,72,497,2333,659,46,Organic,0,Promotion,Day,
7000,YouTube,Image,2022-06-01,6320,4683,1638,231,445,284,17,31,Organic,0,Motivation,Night,
7001,Facebook,Video,2023-11-16,19225,17474,5195,174,128,1759,402,78,Organic,0,Education,Night,
7002,Instagram,Story,2023-12-04,4408,3245,1953,177,312,350,17,114,Organic,0,Motivation,Day,
7003,Facebook,Video,2022-08-03,1243,887,453,217,159,132,29,174,Organic,0,Education,Night,
7004,Instagram,Image,2021-01-08,8039,5941,4802,153,341,550,19,36,Organic,0,Promotion,Night,
7005,Instagram,Reel,2022-01-09,2101,1655,361,296,126,353,41,30,Organic,0,Awareness,Day,
7006,Facebook,Reel,2024-09-19,5200,4218,2275,191,60,612,68,29,Organic,0,Entertainment,Day,
7007,YouTube,Image,2022-10-16,19899,19725,15821,162,472,4810,755,79,Paid,3561,Promotion,Day,
7008,YouTube,Story,2025-05-26,9645,7810,5478,230,14,558,139,27,Organic,0,Motivation,Day,
7009,Facebook,Video,2025-06-10,15022,12482,1696,219,480,728,88,61,Paid,4762,Motivation,Day,
7010,Facebook,Image,2022-02-04,6678,4772,3633,63,132,53,9,130,Organic,0,Education,Night,
7011,Instagram,Reel,2023-11-27,10347,10106,7039,59,178,675,72,91,Organic,0,Entertainment,Night,
7012,Instagram,Image,2021-01-12,6632,6104,4501,68,372,1784,243,35,Organic,0,Promotion,Day,
7013,Instagram,Video,2025-01-23,2682,1705,1216,256,263,179,1,68,Organic,0,Entertainment,Day,
7014,YouTube,Story,2025-08-22,6978,4886,1449,58,2,73,18,37,Organic,0,Entertainment,Night,
7015,Instagram,Story,2024-07-24,9970,9124,8046,289,41,590,50,6,Organic,0,Promotion,Day,
7016,Facebook,Reel,2025-11-08,7933,4962,4812,297,5,321,62,22,Paid,2239,Education,Day,
7017,Facebook,Reel,2021-02-01,6489,5183,1387,245,306,177,1,179,Paid,1962,Education,Night,
7018,Instagram,Reel,2025-09-12,19396,19210,10910,128,475,1115,184,165,Organic,0,Education,Night,
7019,YouTube,Reel,2022-04-21,7936,5452,2454,25,282,883,17,88,Paid,2410,Awareness,Night,
7020,Facebook,Video,2023-08-28,1145,1125,25,119,246,332,59,39,Organic,0,Entertainment,Night,
7021,Instagram,Video,2025-05-31,18503,11953,6222,277,167,,108,118,Organic,0,Awareness,Night,
7022,Facebook,Story,2023-11-03,5863,4719,4717,82,489,780,3,150,Organic,0,Education,Day,
7023,YouTube,Reel,2021-06-22,2637,2250,2089,213,469,119,22,114,Paid,2607,Promotion,Day,
7024,Facebook,Image,2024-04-09,,8505,4747,295,143,88,18,92,Paid,2516,Entertainment,Day,
7025,Instagram,Video,2021-08-14,4591,2964,961,207,151,797,113,76,Paid,1810,Promotion,Day,
7026,YouTube,Story,2023-08-24,17410,16349,10054,10,386,4000,508,129,Organic,0,Motivation,Day,
7027,Instagram,Story,2024-03-25,4462,2975,2134,104,137,323,77,34,Organic,0,Entertainment,Day,
7028,Facebook,Image,2024-11-04,8512,7968,4431,218,321,554,144,176,Paid,1327,Promotion,Day,
7029,YouTube,Story,2024-09-07,17064,10847,10172,165,411,1373,159,57,Organic,0,Education,Day,
7030,Instagram,Image,2022-09-11,16889,10802,845,22,239,3226,595,142,Organic,0,Awareness,Day,
7031,Facebook,Video,2024-08-12,3893,3564,951,187,96,170,47,91,Organic,0,Promotion,Day,
7032,Facebook,Reel,2022-12-17,8174,6549,937,240,91,1668,114,143,Organic,0,Motivation,Night,
7033,Facebook,Video,2025-03-23,7618,5658,3054,164,272,22,2,168,Organic,0,Education,Night,
7034,YouTube,Story,2022-05-23,18802,16570,7249,277,238,3554,861,165,Organic,0,Motivation,Night,
7035,Instagram,Reel,2022-12-04,2850,2478,474,57,432,112,4,179,Organic,0,Awareness,Day,
7036,Instagram,Video,2024-06-07,18102,17085,4847,197,166,4097,692,17,Organic,0,Motivation,Day,
7037,Instagram,Image,2022-04-22,12003,8164,3465,156,280,1949,210,44,Organic,0,Promotion,Day,
7038,Instagram,Story,2022-03-23,4931,3528,95,0,358,456,22,93,Organic,0,Promotion,Night,
7039,YouTube,Video,2025-08-19,4042,3585,1678,126,284,118,7,72,Organic,0,Education,Night,
7040,YouTube,Image,2022-04-27,6394,4578,2845,135,494,560,69,46,Organic,0,Awareness,Day,
7041,Facebook,Video,2024-09-26,19630,18520,15961,256,334,2574,82,151,Organic,0,Awareness,Night,
7042,YouTube,Story,2024-05-09,11824,9762,4669,122,205,266,57,98,Organic,0,Entertainment,Day,
7043,Instagram,Story,2022-03-14,19976,16556,8407,273,489,334,82,23,Paid,946,Entertainment,Day,
7044,YouTube,Video,2022-07-13,7714,4745,569,17,489,580,157,27,Paid,1160,Promotion,Night,
7045,Facebook,Video,2024-06-09,1188,925,617,274,359,166,25,58,Organic,0,Motivation,Day,
7046,Instagram,Reel,2023-03-26,8076,5615,3189,197,147,390,10,69,Organic,0,Motivation,Day,
7047,YouTube,Story,2022-12-12,1563,1180,1154,294,290,24,7,144,Paid,3177,Education,Day,
7048,Facebook,Video,2021-02-12,1887,1803,123,192,229,440,71,28,Organic,0,Awareness,Night,
7049,Facebook,Image,2023-06-24,4612,2884,1513,50,9,589,26,38,Organic,0,Promotion,Day,
7050,YouTube,Image,2022-11-04,11683,8337,4739,296,139,104,24,57,Organic,0,Motivation,Day,
7051,Facebook,Reel,2022-02-05,12595,10484,1394,268,186,2919,545,140,Organic,0,Entertainment,Night,
7052,Instagram,Reel,2022-11-12,15241,12299,4190,236,489,3002,734,22,Organic,0,Promotion,Day,
7053,Instagram,Video,2025-04-24,17713,11495,118,240,321,3248,151,61,Paid,2239,Education,Day,
7054,Facebook,Reel,2024-07-08,19281,18721,5761,30,41,3079,721,116,Paid,3489,Promotion,Day,
7055,Instagram,Video,2021-02-16,16215,10055,7606,216,65,2573,223,9,Organic,0,Motivation,Night,
7056,Facebook,Video,2022-11-18,9178,8448,1390,59,84,707,83,158,Organic,0,Education,Day,
7057,Instagram,Video,2025-12-13,15413,13042,8937,15,230,1714,100,162,Organic,0,Entertainment,Night,
7058,Instagram,Image,2022-06-24,17477,12665,7122,9,31,1274,64,17,Organic,0,Entertainment,Night,
7059,Instagram,Image,2025-07-06,9321,9154,6738,161,254,2697,142,87,Organic,0,Motivation,Night,
7060,Instagram,Story,2022-09-03,4029,2793,1804,290,340,346,32,33,Organic,0,Education,Day,
7061,Instagram,Video,2021-05-11,12562,8255,1093,135,14,2437,400,7,Organic,0,Entertainment,Night,
7062,Instagram,Image,2022-09-08,1703,1363,348,191,74,155,41,94,Organic,0,Education,Night,
7063,Facebook,Image,2024-02-04,4588,3614,3345,111,406,715,63,108,Organic,0,Promotion,Day,
7064,Instagram,Image,2025-03-02,2577,2482,1460,77,433,413,49,127,Paid,1640,Awareness,Day,
7065,YouTube,Video,2021-01-29,9413,8285,5255,246,301,1218,93,80,Organic,0,Awareness,Night,
7066,Facebook,Video,2022-12-12,17181,10382,1678,67,142,1656,471,134,Paid,1133,Awareness,Day,
7067,YouTube,Image,2024-02-02,13083,8327,3665,167,21,1936,448,112,Organic,0,Entertainment,Day,
7068,Facebook,Reel,2021-07-30,14812,13077,2396,235,61,199,55,160,Organic,0,Motivation,Night,
7069,Facebook,Reel,2025-10-21,14711,12226,5867,92,462,701,52,86,Organic,0,Awareness,Night,
7070,Instagram,Reel,2024-07-12,14746,8857,6826,175,171,347,59,81,Organic,0,Motivation,Day,
7071,Instagram,Video,2025-06-12,17545,11078,3111,171,335,835,32,6,Organic,0,Awareness,Day,
7072,YouTube,Video,2025-09-28,9518,6269,5501,282,65,1689,231,2235,Paid,125280,Promotion,Night,
7073,YouTube,Video,2025-10-03,8006,5631,422,85,166,1323,396,139,Paid,1738,Awareness,Night,
7074,Facebook,Story,2023-08-23,8299,5155,139,232,48,564,102,30,Organic,0,Motivation,Night,
7075,YouTube,Video,2022-04-22,18843,17621,11145,206,151,3049,225,92,Organic,0,Entertainment,Night,
7076,Facebook,Image,2021-12-30,17616,12370,5562,98,351,1326,212,20,Organic,0,Promotion,Night,
7077,YouTube,Reel,2024-01-17,4489,4283,3102,147,288,1042,132,155,Organic,0,Motivation,Night,
7078,Facebook,Image,2025-08-08,5937,4015,1037,186,487,705,38,172,Organic,0,Education,Day,
7079,YouTube,Reel,2023-02-26,18069,14665,11774,24,106,517,96,77,Organic,0,Awareness,Day,
7080,Facebook,Video,2025-04-02,5344,3865,1910,1,48,196,27,36,Organic,0,Promotion,Day,
7081,Facebook,Story,2025-08-31,17773,11940,5508,250,134,3560,171,19,Organic,0,Entertainment,Day,
7082,YouTube,Video,2021-07-25,3870,2596,2231,279,97,771,94,145,Organic,0,Education,Day,
7083,Facebook,Video,2023-08-19,7390,5623,4856,155,136,31,1,9,Organic,0,Awareness,Day,
7084,Instagram,Image,2025-02-18,12202,10316,2466,176,103,1939,447,78,Organic,0,Promotion,Night,
7085,Instagram,Video,2021-07-29,14466,12376,12284,69,22,3413,211,56,Paid,2554,Motivation,Night,
7086,Facebook,Story,2023-09-10,8476,6334,1000,227,174,751,176,81,Organic,0,Awareness,Day,
7087,YouTube,Video,2021-12-20,13472,10905,775,66,94,2534,738,173,Paid,3134,Promotion,Day,
7088,YouTube,Image,2023-07-11,10586,7811,3154,159,116,528,59,114,Paid,2072,Awareness,Day,
7089,Facebook,Story,2025-06-26,8117,7581,7504,43,415,788,188,147,Paid,1242,Promotion,Night,
7090,YouTube,Story,2021-05-16,15799,14614,2187,82,226,1309,33,110,Paid,3634,Motivation,Day,
7091,Instagram,Image,2025-07-21,1285,988,645,131,64,28,6,131,Organic,0,Awareness,Night,
7092,Facebook,Reel,2023-10-19,2555,2182,307,20,39,119,5,11,Paid,2045,Promotion,Day,
7093,Instagram,Image,2024-10-26,2314,2015,73,24,420,117,1,44,Organic,0,Education,Day,
7094,Instagram,Image,2024-04-13,11864,8641,6841,273,415,191,19,160,Organic,0,Entertainment,Day,
7095,Facebook,Story,2022-02-15,14123,11310,3449,241,351,364,2,164,Paid,666,Promotion,Day,
7096,Facebook,Reel,2022-04-17,6950,4724,66,85,174,940,271,103,Paid,3144,Promotion,Night,
7097,Facebook,Video,2023-12-19,8027,5558,4028,209,306,629,68,147,Paid,4494,Promotion,Night,
7098,Instagram,Story,2025-06-15,15277,12089,5109,109,292,1895,484,89,Paid,1791,Awareness,Day,
7099,YouTube,Story,2024-03-06,12550,12413,6941,120,390,672,141,69,Paid,3015,Entertainment,Night,
7100,Instagram,Reel,2022-08-29,3389,2373,1061,232,133,671,197,136,Paid,4272,Awareness,Day,
7101,Facebook,Story,2025-01-29,3156,2049,1906,278,348,415,4,15,Paid,3772,Promotion,Day,
7102,YouTube,Story,2021-12-01,4949,4111,2220,293,408,323,18,112,Organic,0,Promotion,Night,
7103,Instagram,Story,2024-01-03,10488,8572,6472,158,154,1859,309,30,Paid,1393,Entertainment,Day,
7104,Facebook,Story,2021-08-30,11766,7717,3796,71,317,1075,90,169,Paid,493,Education,Day,
7105,YouTube,Image,2025-01-10,4049,2954,263,112,103,135,24,155,Paid,1121,Awareness,Day,
7106,YouTube,Image,2024-01-01,19983,12687,6606,144,339,1105,119,89,Organic,0,Education,Day,
7107,Facebook,Story,2025-02-10,13994,9340,5284,135,187,541,54,172,Organic,0,Promotion,Day,
7108,YouTube,Image,2025-09-09,5826,4867,1415,5,421,1169,57,155,Organic,0,Promotion,Night,
7109,Facebook,Image,2021-05-04,14541,12562,9201,13,123,1807,222,127,Paid,2614,Motivation,Day,
7110,YouTube,Video,2023-03-21,8007,5849,3922,175,495,819,143,148,Organic,0,Motivation,Day,
7111,Facebook,Reel,2025-04-08,7950,7076,4497,80,264,474,22,72,Organic,0,Education,Day,
7112,Facebook,Reel,2025-09-18,19495,18440,10500,6,226,686,130,108,Organic,0,Motivation,Day,
7113,Facebook,Story,2023-12-26,8740,7793,2783,5,185,2049,310,84,Paid,1107,Entertainment,Night,
7114,Facebook,Video,2021-07-12,2206,1723,542,212,68,121,22,163,Paid,2693,Education,Night,
7115,Facebook,Image,2025-04-26,16093,13769,2638,36,240,2733,404,57,Paid,2327,Motivation,Night,
7116,Facebook,Reel,2025-11-29,13867,9647,5075,117,418,2764,473,110,Organic,0,Motivation,Day,
7117,Instagram,Image,2022-07-06,17560,17320,11498,42,363,1008,156,157,Organic,0,Entertainment,Night,
7118,YouTube,Video,2022-12-04,9799,8306,1141,,132,2467,463,48,Organic,0,Entertainment,Day,
7119,Instagram,Story,2022-06-20,13613,9907,4651,170,409,999,278,144,Organic,0,Education,Day,
7120,YouTube,Story,2021-10-14,1108,709,573,51,104,32,2,94,Paid,2297,Awareness,Night,
7121,Facebook,Reel,2025-11-30,3585,2413,229,283,293,54,11,105,Organic,0,Entertainment,Day,
7122,Facebook,Reel,2024-03-04,18052,15890,10710,94,,1918,24,101,Organic,0,Motivation,Day,
7123,YouTube,Image,2025-12-02,2297,1546,873,208,468,367,39,13,Organic,0,Education,Night,
7124,Facebook,Reel,2025-11-19,15374,9597,8970,81,282,2784,413,16,Organic,0,Awareness,Night,
7125,Instagram,Video,2023-07-08,6394,5384,150,3,306,1448,209,73,Paid,3660,Education,Day,
7126,Instagram,Image,2024-11-15,16756,14048,3035,187,340,1813,335,32,Organic,0,Motivation,Night,
7127,YouTube,Reel,2021-10-17,12470,12325,5967,170,469,74,3,60,Paid,673,Awareness,Night,
7128,YouTube,Story,2022-11-24,7189,4525,1626,221,373,242,20,103,Organic,0,Awareness,Night,
7129,YouTube,Image,2023-08-11,9468,7272,3895,168,468,1759,227,114,Organic,0,Entertainment,Day,
7130,Facebook,Video,2022-03-08,15243,11589,4388,263,89,1189,11,81,Organic,0,Promotion,Night,
7131,Instagram,Story,2025-01-29,7012,4696,4045,92,9,151,39,107,Organic,0,Motivation,Night,
7132,YouTube,Image,2021-11-30,12370,10493,9037,166,450,1311,116,110,Paid,2421,Promotion,Night,
7133,Facebook,Story,2023-03-05,12527,10114,6019,7,180,3,0,113,Organic,0,Motivation,Night,
7134,Instagram,Reel,2021-04-21,18132,17566,4875,286,257,1708,401,116,Organic,0,Education,Day,
7135,Facebook,Image,2024-07-22,10238,7774,7180,198,258,613,136,62,Organic,0,Promotion,Day,
7136,Instagram,Story,2021-03-05,19956,16301,15410,92,271,119,6,82,Organic,0,Awareness,Night,
7137,YouTube,Story,2022-02-05,12288,9707,2861,108,382,1276,375,79,Paid,2516,Entertainment,Day,
7138,YouTube,Image,2023-06-05,14934,9805,292,235,326,1042,48,46,Organic,0,Motivation,Day,
7139,YouTube,Story,2021-03-01,6304,5816,433,93,332,533,35,170,Organic,0,Entertainment,Night,
7140,Facebook,Reel,2024-03-13,10627,6414,4932,226,242,1815,453,72,Paid,3818,Motivation,Day,
7141,Facebook,Story,2022-06-22,19381,15827,9596,51,480,682,12,37,Organic,0,Awareness,Day,
7142,Instagram,Reel,2023-01-05,12405,12338,4848,284,387,101,23,75,Organic,0,Awareness,Day,
7143,Instagram,Video,2021-04-01,15651,13672,12578,157,255,2314,648,60,Organic,0,Awareness,Night,
7144,Facebook,Story,2023-09-27,4422,3186,317,165,357,6,1,109,Organic,0,Awareness,Night,
7145,Facebook,Video,2021-10-02,14126,13471,10580,102,233,2411,164,105,Paid,4938,Awareness,Night,
7146,Facebook,Story,2024-02-10,2109,1908,1380,7,157,64,12,55,Organic,0,Entertainment,Day,
7147,YouTube,Story,2022-04-16,16652,13298,7715,51,156,2824,241,78,Paid,3638,Education,Night,
7148,Facebook,Story,2022-01-16,4357,3257,567,239,450,670,147,175,Organic,0,Promotion,Day,
7149,Instagram,Video,2023-07-25,13453,12087,7101,172,123,3364,861,125,Paid,4707,Entertainment,Day,
7150,Instagram,Story,2023-02-08,15568,11633,6867,105,350,1671,376,147,Organic,0,Promotion,Day,
7151,Instagram,Video,2022-04-30,15525,10145,1860,48,490,1547,151,170,Organic,0,Education,Night,
7152,Instagram,Reel,2025-07-19,14265,12801,5090,36,463,1511,300,147,Organic,0,Motivation,Day,
7153,Instagram,Reel,2022-09-09,17194,11279,5152,208,326,1762,505,9,Organic,0,Education,Night,
7154,YouTube,Story,2022-02-22,9127,6593,719,5,62,1499,378,87,Paid,929,Education,Day,
7155,Facebook,Reel,2025-07-05,3683,2264,480,137,292,169,42,55,Paid,3212,Motivation,Day,
7156,YouTube,Reel,2021-06-23,3215,2481,186,41,331,78,1,14,Organic,0,Promotion,Night,
7157,Facebook,Video,2024-12-05,15855,12015,5133,243,291,1914,264,144,Organic,0,Awareness,Day,
7158,YouTube,Reel,2025-12-20,15293,9965,8202,28,95,2408,280,8,Organic,0,Motivation,Night,
7159,Facebook,Reel,2025-07-04,3219,2284,1075,244,383,263,41,99,Paid,1310,Motivation,Day,
7160,Facebook,Reel,2021-03-30,1286,796,472,264,329,191,31,150,Paid,915,Education,Night,
7161,Facebook,Story,2023-04-20,12895,11412,2680,168,140,1102,98,84,Organic,0,Motivation,Night,
7162,YouTube,Image,2021-05-05,6847,5376,5116,55,322,1390,236,40,Paid,3604,Entertainment,Day,
7163,Facebook,Reel,2023-06-13,11433,9252,24,247,396,1632,207,29,Paid,3512,Awareness,Day,
7164,YouTube,Video,2021-09-27,6710,6367,5899,267,331,940,76,102,Organic,0,Education,Night,
7165,YouTube,Reel,2024-11-18,15341,9412,4957,141,179,2083,420,168,Paid,3287,Promotion,Night,
7166,YouTube,Reel,2025-11-26,8555,7517,4665,10,352,1800,368,105,Organic,0,Promotion,Day,
7167,Facebook,Video,2023-03-09,7590,6657,1133,285,155,1473,164,13,Organic,0,Promotion,Night,
7168,YouTube,Image,2023-11-26,10125,6082,5670,67,337,314,57,65,Organic,0,Promotion,Night,
7169,Instagram,Video,2024-06-19,13403,12564,11217,150,413,3717,565,57,Organic,0,Promotion,Day,
7170,Instagram,Story,2022-08-10,16001,14510,1342,177,120,452,67,150,Organic,0,Education,Day,
7171,YouTube,Image,2024-07-30,17074,15429,345,276,394,1365,205,175,Organic,0,Entertainment,Night,
7172,Facebook,Video,2021-01-24,5232,4159,112,88,304,1059,75,167,Paid,2798,Entertainment,Night,
7173,Instagram,Reel,2024-07-30,16485,14284,10254,137,216,70,13,67,Organic,0,Promotion,Night,
7174,YouTube,Reel,2024-06-02,11291,9342,2965,87,61,829,1,125,Organic,0,Entertainment,Day,
7175,YouTube,Story,2021-02-12,5187,3535,3357,274,419,816,159,109,Paid,2078,Awareness,Night,
7176,YouTube,Reel,2021-11-03,8112,8035,4054,73,115,714,183,8,Organic,0,Entertainment,Night,
7177,Instagram,Video,2021-05-27,10993,8717,8450,109,284,566,68,97,Organic,0,Motivation,Day,
7178,Facebook,Story,2025-04-01,18204,16199,8879,85,343,667,65,173,Paid,2967,Promotion,Night,
7179,YouTube,Story,2021-09-17,6376,4704,3481,202,61,1404,98,177,Paid,3583,Motivation,Night,
7180,Facebook,Video,2023-11-08,19581,15391,12551,260,204,664,11,32,Organic,0,Motivation,Day,
7181,YouTube,Image,2024-08-10,7448,5068,2605,91,41,227,30,174,Organic,0,Promotion,Night,
7182,Instagram,Image,2022-09-11,9518,7122,1075,79,244,1463,422,84,Paid,3056,Education,Night,
7183,Facebook,Image,2023-11-23,1913,1878,1642,134,395,52,8,80,Organic,0,Entertainment,Day,
7184,Instagram,Image,2024-09-08,9331,6275,1643,16,111,1860,179,120,Organic,0,Awareness,Night,
7185,YouTube,Reel,2024-08-19,17109,12338,7175,137,433,2109,373,73,Organic,0,Education,Night,
7186,YouTube,Image,2025-03-20,8284,5564,5396,2,425,1503,25,102,Organic,0,Awareness,Day,
7187,Instagram,Reel,2023-07-21,19046,13446,7122,195,247,8,2,5,Paid,521,Promotion,Day,
7188,Instagram,Image,2023-11-29,12908,11903,1533,162,239,1457,297,171,Paid,3706,Entertainment,Day,
7189,Facebook,Reel,2022-04-01,8679,6133,4086,19,94,476,85,100,Paid,4869,Education,Day,
7190,Instagram,Image,2021-04-25,9082,7636,4867,148,347,1192,345,21,Paid,1893,Promotion,Night,
7191,YouTube,Image,2024-06-07,16024,12725,12097,268,61,3121,107,116,Organic,0,Education,Day,
7192,Instagram,Video,2021-11-13,6026,3794,3601,294,408,944,205,95,Organic,0,Motivation,Night,
7193,YouTube,Image,2024-09-07,12572,8839,5369,218,59,654,67,92,Paid,1676,Entertainment,Night,
7194,YouTube,Video,2021-11-06,15741,15314,7797,11,32,2010,457,167,Organic,0,Entertainment,Day,
7195,Instagram,Image,2022-11-08,4681,3721,1862,235,446,657,163,178,Organic,0,Promotion,Day,
7196,YouTube,Image,2021-08-18,10643,10316,7426,155,443,1014,188,174,Paid,2993,Promotion,Day,
7197,Facebook,Video,2025-06-07,10735,8574,8043,63,358,2477,620,171,Organic,0,Promotion,Day,
7198,Facebook,Video,2023-11-30,14060,12435,3850,9,414,2571,503,94,Organic,0,Entertainment,Day,
7199,Facebook,Video,2022-03-25,6429,5029,79,286,109,1178,69,53,Paid,4170,Motivation,Day,
7200,YouTube,Story,2023-09-10,8351,6249,5790,160,404,247,68,42,Paid,3551,Entertainment,Day,
7201,YouTube,Reel,2022-02-02,1598,1158,1043,5,97,315,80,155,Organic,0,Promotion,Day,
7202,YouTube,Image,2025-08-21,13097,10065,3605,55,77,842,26,154,Paid,4343,Awareness,Night,
7203,Facebook,Video,2024-02-03,19716,14853,12634,277,255,236,34,136,Organic,0,Motivation,Day,
7204,YouTube,Reel,2022-04-13,12959,12404,10520,298,68,3472,947,63,Organic,0,Entertainment,Day,
7205,YouTube,Reel,2024-04-24,16760,14358,13129,294,432,319,79,2851,Paid,122979,Awareness,Night,
7206,YouTube,Image,2024-07-12,18678,14450,2924,15,141,1725,96,134,Paid,659,Motivation,Day,
7207,YouTube,Reel,2022-02-07,15053,12799,8893,32,436,2301,424,53,Organic,0,Entertainment,Day,
7208,Instagram,Image,2025-03-26,13697,12959,7859,20,239,276,73,130,Organic,0,Promotion,Night,
7209,Instagram,Story,2025-03-16,13446,13083,4465,140,300,3887,1101,163,Organic,0,Entertainment,Day,
7210,YouTube,Video,2021-06-17,3105,2108,1405,134,342,558,89,115,Organic,0,Motivation,Day,
7211,Instagram,Image,2022-10-24,6455,5676,1872,7,377,1593,89,172,Organic,0,Promotion,Day,
7212,YouTube,Story,2023-10-10,4357,3646,2060,154,89,95,16,52,Organic,0,Education,Day,
7213,Facebook,Image,2024-08-05,8348,5075,1472,248,353,268,20,55,Organic,0,Awareness,Day,
7214,YouTube,Image,2025-09-22,13200,9216,2411,123,35,469,88,47,Organic,0,Promotion,Night,
7215,YouTube,Image,2022-08-12,4950,4405,3143,119,277,545,56,102,Organic,0,Promotion,Day,
7216,Instagram,Image,2025-03-31,6199,5430,1080,238,225,946,224,128,Paid,652,Motivation,Day,
7217,Facebook,Story,2023-11-09,16275,10662,6674,13,180,2676,585,84,Organic,0,Motivation,Night,
7218,Instagram,Image,2025-02-05,7183,5542,2346,31,314,807,235,115,Organic,0,Awareness,Night,
7219,Facebook,Image,2024-11-15,13484,12499,10251,258,250,951,132,147,Paid,4119,Motivation,Night,
7220,Instagram,Reel,2025-03-30,4075,3319,2515,64,289,711,74,31,Paid,3212,Promotion,Day,
7221,YouTube,Image,2025-03-20,4059,3998,3147,9,166,1018,245,162,Organic,0,Awareness,Day,
7222,YouTube,Video,2024-01-19,8911,8443,210,11,16,2445,2,168,Organic,0,Awareness,Day,
7223,YouTube,Reel,2022-04-30,16798,15836,12000,209,104,3857,1106,117,Paid,4442,Entertainment,Night,
7224,Facebook,Image,2024-04-16,16617,15207,11122,24,106,2049,72,90,Organic,0,Promotion,Night,
7225,Facebook,Video,2025-02-10,7010,4967,1629,118,319,650,14,118,Paid,382,Promotion,Day,
7226,Instagram,Story,2024-08-21,5918,4209,2171,179,371,972,132,128,Organic,0,Motivation,Day,
7227,Facebook,Image,2023-06-28,10292,8494,2862,148,144,1975,164,53,Organic,0,Promotion,Day,
7228,Instagram,Video,2023-07-23,15351,14754,6685,200,285,3765,155,80,Organic,0,Motivation,Day,
7229,Instagram,Reel,2025-03-08,13697,11899,94,192,61,2328,591,59,Paid,3205,Promotion,Night,
7230,Instagram,Image,2022-01-27,8166,6833,699,287,67,1757,169,60,Paid,4474,Entertainment,Day,
7231,Facebook,Image,2023-10-06,11392,8508,476,35,90,121,34,99,Organic,0,Promotion,Day,
7232,Instagram,Reel,2021-11-27,17393,11063,5178,284,57,721,21,48,Organic,0,Entertainment,Night,
7233,YouTube,Image,2021-03-10,12971,11340,2807,87,363,1958,76,163,Organic,0,Promotion,Day,
7234,Instagram,Reel,2022-10-12,11637,7818,6528,259,442,818,49,91,Organic,0,Promotion,Day,
7235,YouTube,Reel,2024-10-09,10441,8644,8192,130,14,941,249,88,Paid,2570,Education,Day,
7236,YouTube,Video,2021-09-29,4254,2895,1086,125,95,363,89,155,Organic,0,Promotion,Day,
7237,Facebook,Video,2021-11-17,2525,2091,628,149,246,71,17,160,Paid,1835,Entertainment,Day,
7238,Facebook,Image,2025-06-24,14019,13805,8406,105,13,3431,882,20,Organic,0,Awareness,Day,
7239,Facebook,Story,2024-05-07,7315,4788,411,110,448,1003,86,169,Paid,2646,Entertainment,Day,
7240,Instagram,Story,2023-09-25,16583,12818,8690,57,155,329,27,153,Paid,4632,Promotion,Day,
7241,Facebook,Video,2024-02-28,4332,,2279,148,416,779,126,149,Organic,0,Motivation,Day,
7242,Facebook,Story,2023-11-08,11693,7574,5091,218,179,628,0,41,Organic,0,Education,Night,
7243,Facebook,Story,2021-07-06,9183,8742,642,191,479,2100,344,81,Organic,0,Motivation,Day,
7244,Facebook,Reel,2022-12-12,14210,12946,11370,129,27,1187,349,151,Organic,0,Education,Day,
7245,YouTube,Image,2025-11-06,4251,2646,2491,242,84,472,93,162,Organic,0,Education,Day,
7246,YouTube,Reel,2021-04-07,5561,4727,2755,127,457,967,164,49,Organic,0,Motivation,Day,
7247,YouTube,Story,2023-08-31,4855,4268,2204,146,346,320,23,150,Paid,532,Promotion,Day,
7248,YouTube,Reel,2024-07-04,19681,18436,437,231,295,2996,322,66,Organic,0,Entertainment,Night,
7249,Instagram,Image,2022-05-30,11393,11306,7214,76,121,542,84,168,Paid,4918,Motivation,Day,
7250,YouTube,Video,2023-12-02,13293,11593,7271,163,457,2731,496,1245,Paid,30599,Awareness,Night,
7251,Instagram,Image,2021-01-10,3637,3015,741,207,386,206,34,56,Paid,903,Education,Day,
7252,Facebook,Video,2024-05-31,16821,15183,7520,106,238,2448,13,23,Organic,0,Entertainment,Night,
7253,Instagram,Video,2023-03-11,5463,3972,890,204,35,228,63,113,Organic,0,Awareness,Night,
7254,Facebook,Reel,2021-02-21,10362,9132,1308,185,195,1243,128,48,Organic,0,Entertainment,Day,
7255,Instagram,Story,2023-12-07,11907,7302,581,138,292,1330,382,11,Organic,0,Promotion,Day,
7256,Instagram,Image,2025-09-11,6885,4650,278,68,69,1101,114,176,Organic,0,Awareness,Day,
7257,Facebook,Image,2021-06-17,8671,6662,6334,153,449,1848,65,121,Paid,235,Motivation,Night,
7258,Facebook,Reel,2023-05-01,17746,15846,15165,276,376,3327,193,72,Organic,0,Entertainment,Day,
7259,YouTube,Image,2023-03-14,2513,1865,12,134,117,551,64,38,Organic,0,Motivation,Night,
7260,YouTube,Video,2024-05-26,12052,8090,3584,82,216,1994,383,73,Paid,285,Motivation,Night,
7261,Instagram,Reel,2022-10-31,3144,1954,1892,39,386,554,67,59,Organic,0,Entertainment,Day,
7262,YouTube,Image,2025-04-19,9223,7363,2750,25,270,1626,53,14,Organic,0,Entertainment,Day,
7263,Instagram,Story,2023-09-24,18544,16954,16568,163,99,4986,1239,46,Paid,3693,Education,Day,
7264,YouTube,Image,2023-11-14,16490,14730,11654,214,263,3906,1103,45,Organic,0,Education,Night,
7265,YouTube,Image,2021-06-09,2413,2085,1170,155,361,414,42,126,Organic,0,Awareness,Day,
7266,Instagram,Image,2021-06-21,16557,11524,8337,165,150,3240,185,142,Organic,0,Awareness,Day,
7267,Instagram,Video,2024-10-28,11421,10631,6501,20,266,1168,244,14,Paid,4512,Awareness,Day,
7268,YouTube,Story,2024-10-03,12202,10100,8852,191,441,2261,519,106,Organic,0,Education,Day,
7269,YouTube,Image,2022-04-20,14572,11066,5982,157,42,3083,736,132,Organic,0,Motivation,Day,
7270,Instagram,Image,2021-11-04,3324,2652,209,43,476,436,93,153,Organic,0,Promotion,Night,
7271,Facebook,Video,2023-04-02,12281,10504,8844,29,420,662,99,140,Organic,0,Promotion,Night,
7272,YouTube,Story,2021-02-24,13040,8854,4175,203,121,1845,153,96,Organic,0,Entertainment,Night,
7273,Instagram,Image,2021-03-22,4340,3469,2599,158,288,568,104,117,Organic,0,Education,Night,
7274,Instagram,Reel,2022-11-17,7585,5209,4220,266,103,488,124,82,Organic,0,Entertainment,Night,
7275,Facebook,Reel,2022-06-24,8368,5948,5331,79,183,1339,45,89,Organic,0,Promotion,Day,
7276,Facebook,Reel,2021-12-04,10359,8874,130,201,219,2367,702,34,Organic,0,Entertainment,Night,
7277,Facebook,Image,2023-10-21,15246,11783,11433,44,,850,132,53,Organic,0,Education,Day,
7278,Facebook,Video,2025-09-26,19592,11929,1,20,10,87,4,13,Organic,0,Education,Day,
7279,Instagram,Video,2023-03-29,7724,5321,3821,287,6,1530,214,149,Organic,0,Education,Day,
7280,Instagram,Story,2025-06-19,17650,16467,2277,200,498,4189,831,73,Organic,0,Promotion,Day,
7281,Instagram,Story,2025-05-13,5706,5447,28,75,442,1422,248,62,Paid,3275,Education,Day,
7282,YouTube,Reel,2025-04-02,10666,7724,1090,293,59,1451,31,66,Paid,2874,Awareness,Day,
7283,Instagram,Reel,2023-07-24,12847,9357,7883,37,490,1509,103,56,Organic,0,Awareness,Night,
7284,Instagram,Reel,2021-08-27,16204,12958,4728,69,310,3052,403,44,Organic,0,Education,Day,
7285,Facebook,Video,2021-08-13,7223,5203,3886,22,59,1086,12,170,Organic,0,Awareness,Day,
7286,Instagram,Video,2022-09-24,15369,12997,8834,113,151,3090,300,175,Organic,0,Education,Night,
7287,YouTube,Image,2024-03-22,19321,19048,10598,4,233,3074,271,67,Organic,0,Promotion,Day,
7288,YouTube,Reel,2021-09-28,18943,17583,3777,163,437,1656,48,151,Organic,0,Awareness,Day,
7289,YouTube,Video,2023-02-12,8414,6165,4014,146,36,1225,255,54,Paid,624,Promotion,Night,
7290,YouTube,Story,2022-12-15,1977,1957,218,194,143,226,57,165,Organic,0,Awareness,Day,
7291,Facebook,Reel,2023-02-27,19387,17635,6212,232,345,3345,711,145,Organic,0,Motivation,Day,
7292,Instagram,Video,2023-12-20,7313,7040,1305,269,148,535,113,82,Paid,4472,Motivation,Day,
7293,Facebook,Video,2022-12-30,14537,10486,1114,72,33,1473,187,101,Organic,0,Promotion,Day,
7294,Facebook,Story,2024-10-17,19570,18369,4233,164,97,663,67,47,Organic,0,Awareness,Day,
7295,YouTube,Image,2021-01-16,12038,11946,5976,139,291,1496,121,40,Paid,1785,Motivation,Day,
7296,Instagram,Story,2024-07-01,16991,10669,5911,300,290,1379,405,126,Paid,1878,Education,Day,
7297,YouTube,Video,2025-04-28,4284,3102,560,19,327,320,18,112,Paid,4859,Entertainment,Day,
7298,Facebook,Image,2021-01-04,7711,6691,596,126,428,1116,243,14,Organic,0,Motivation,Night,
7299,YouTube,Video,2021-05-17,15074,9225,100,17,146,1179,67,99,Organic,0,Motivation,Day,
7300,YouTube,Video,2022-12-26,14344,13040,662,30,269,1987,482,10,Paid,2738,Education,Night,
7301,Instagram,Story,2021-12-26,10319,9726,7101,264,196,1284,153,61,Organic,0,Motivation,Day,
7302,Facebook,Story,2021-04-23,5659,4143,2181,145,412,338,79,133,Paid,643,Motivation,Night,
7303,Instagram,Image,2022-12-13,4100,3402,879,73,317,90,0,75,Organic,0,Motivation,Day,
7304,YouTube,Image,2024-03-20,8094,7714,75,194,128,1685,386,25,Organic,0,Awareness,Day,
7305,YouTube,Story,2025-01-04,17919,16044,12431,268,493,4034,290,1008,Paid,63870,Motivation,Day,
7306,Facebook,Story,2024-09-27,7157,6594,676,236,448,1295,294,131,Organic,0,Entertainment,Night,
7307,Instagram,Video,2023-08-10,12938,8898,652,156,266,222,38,84,Organic,0,Awareness,Day,
7308,YouTube,Image,2023-03-12,7402,7298,7170,127,449,29,7,60,Organic,0,Awareness,Day,
7309,YouTube,Image,2024-01-24,6573,5425,2514,110,285,702,54,120,Organic,0,Promotion,Day,
7310,YouTube,Reel,2023-03-20,8675,5843,2763,29,217,1426,419,152,Organic,0,Motivation,Day,
7311,YouTube,Reel,2023-07-22,7823,5938,1899,1,36,1084,107,29,Organic,0,Entertainment,Night,
7312,Instagram,Story,2023-05-19,9521,9381,489,127,271,1682,131,160,Organic,0,Entertainment,Night,
7313,Instagram,Reel,2024-01-14,2841,2373,252,108,299,302,10,9,Paid,271,Promotion,Day,
7314,Facebook,Video,2021-09-05,17219,11192,4526,138,110,178,52,124,Organic,0,Entertainment,Day,
7315,Facebook,Video,2021-03-30,8137,5028,4758,300,458,744,195,25,Paid,3670,Awareness,Day,
7316,Facebook,Image,2024-09-21,8910,8704,323,28,373,1041,21,22,Organic,0,Education,Night,
7317,Facebook,Image,2022-08-21,18334,14938,6120,167,266,3311,515,179,Organic,0,Awareness,Day,
7318,Instagram,Image,2022-01-15,10934,7833,3196,267,180,666,89,61,Organic,0,Education,Day,
7319,Instagram,Story,2023-06-10,16321,12540,2319,297,89,1500,354,97,Paid,4546,Entertainment,Day,
7320,Facebook,Reel,2021-06-27,17195,14361,2399,184,66,2795,23,23,Paid,3116,Motivation,Day,
7321,YouTube,Reel,2022-07-27,14363,12231,2835,46,217,1278,312,132,Paid,2242,Education,Night,
7322,YouTube,Video,2021-12-24,13628,8651,4499,280,230,2511,363,101,Organic,0,Awareness,Day,
7323,Facebook,Reel,2021-02-14,3481,2677,1303,233,451,185,47,135,Organic,0,Awareness,Night,
7324,Instagram,Video,2021-12-29,17342,14086,4749,125,264,1805,123,174,Paid,3902,Awareness,Day,
7325,YouTube,Video,2025-03-26,13558,9880,8034,173,327,1536,75,25,Paid,3453,Awareness,Night,
7326,Facebook,Story,2022-02-14,12508,9175,7915,239,332,893,239,44,Paid,4001,Promotion,Day,
7327,Facebook,Story,2022-10-18,15147,10871,8344,73,232,255,55,71,Organic,0,Entertainment,Night,
7328,Instagram,Video,2025-06-17,15126,11992,5657,283,291,1228,322,157,Paid,2131,Motivation,Day,
7329,YouTube,Image,2024-08-04,17034,12014,8359,164,270,2602,29,131,Organic,0,Promotion,Night,
7330,Facebook,Story,2024-10-17,4371,3171,2611,64,483,685,198,59,Organic,0,Entertainment,Night,
7331,Instagram,Image,2023-12-26,19569,16033,1875,10,235,1633,209,176,Organic,0,Education,Day,
7332,YouTube,Story,2021-06-10,11264,6951,6326,180,186,1297,202,113,Organic,0,Promotion,Day,
7333,Facebook,Video,2025-07-10,4174,2592,2303,266,205,505,76,102,Paid,4928,Promotion,Night,
7334,Facebook,Video,2024-02-11,13488,8947,1050,249,36,353,47,116,Paid,4657,Promotion,Day,
7335,YouTube,Video,2023-07-24,17475,14076,11947,95,451,1032,303,119,Paid,1093,Promotion,Night,
7336,Instagram,Reel,2022-12-31,14587,12905,10619,133,95,875,59,121,Organic,0,Education,Day,
7337,YouTube,Video,2024-08-01,2974,2583,1653,246,213,49,5,91,Organic,0,Awareness,Day,
7338,YouTube,Image,2022-11-15,1344,1157,1129,64,376,136,15,85,Paid,946,Promotion,Day,
7339,Facebook,Image,2022-09-02,3201,3158,342,297,375,839,226,70,Organic,0,Entertainment,Day,
7340,Instagram,Video,2021-12-21,1040,978,32,242,400,67,7,23,Paid,4285,Awareness,Day,
7341,Facebook,Reel,2023-01-19,9074,5960,986,92,122,696,115,139,Organic,0,Education,Day,
7342,Facebook,Video,2022-09-05,2170,2128,1329,209,364,207,55,122,Organic,0,Motivation,Night,
7343,YouTube,Image,2025-11-28,9233,8814,2255,40,377,837,248,46,Organic,0,Education,Night,
7344,YouTube,Video,2025-04-28,2881,2301,2150,197,390,404,26,46,Paid,4522,Motivation,Day,
7345,Facebook,Image,2024-03-05,15905,9675,8757,107,179,2670,68,63,Organic,0,Entertainment,Day,
7346,Facebook,Reel,2023-01-11,1655,1320,223,280,54,154,18,24,Organic,0,Motivation,Night,
7347,Instagram,Video,2022-08-22,8285,5360,4729,297,255,304,45,77,Paid,3076,Promotion,Day,
7348,Facebook,Video,2023-01-03,7327,5444,2801,142,354,211,30,21,Organic,0,Awareness,Night,
7349,Instagram,Video,2025-03-19,1206,953,665,284,428,210,32,31,Paid,3903,Awareness,Day,
7350,YouTube,Image,2022-07-07,13602,9225,8983,56,97,2580,601,179,Organic,0,Promotion,Night,
7351,Facebook,Story,2025-03-24,3888,2937,2264,4,398,341,29,6,Organic,0,Awareness,Day,
7352,Instagram,Story,2025-08-04,16352,10906,5680,265,141,3199,23,67,Paid,3522,Education,Night,
7353,YouTube,Reel,2021-12-29,11789,11461,7266,247,193,1234,27,66,Organic,0,Promotion,Day,
7354,Instagram,Image,2023-05-18,1189,779,129,171,90,24,0,104,Organic,0,Promotion,Day,
7355,Facebook,Story,2025-01-28,15703,14259,4168,138,179,1572,384,23,Organic,0,Awareness,Day,
7356,Instagram,Image,2023-04-11,5027,4474,2434,73,33,1205,19,21,Organic,0,Motivation,Day,
7357,Instagram,Reel,2021-01-31,1254,1187,566,151,102,285,24,73,Organic,0,Entertainment,Day,
7358,Facebook,Story,2024-10-04,17054,11074,2737,169,227,79,21,171,Organic,0,Motivation,Night,
7359,Instagram,Reel,2022-04-15,12333,9607,5531,107,352,758,207,121,Paid,3111,Education,Day,
7360,Facebook,Image,2022-09-30,9457,7990,4261,260,429,1868,128,85,Paid,3284,Promotion,Day,
7361,YouTube,Story,2025-10-05,7351,5089,215,94,490,330,42,43,Organic,0,Promotion,Day,
7362,Instagram,Video,2024-08-26,6962,6009,1576,117,265,913,133,40,Organic,0,Education,Night,
7363,YouTube,Story,2023-09-04,9349,7624,4324,252,450,453,56,172,Organic,0,Entertainment,Night,
7364,YouTube,Video,2021-11-30,17091,16220,13914,82,370,2744,143,177,Organic,0,Promotion,Night,
7365,Facebook,Reel,2021-01-26,2479,1521,439,143,68,375,39,136,Organic,0,Motivation,Night,
7366,Facebook,Reel,2023-09-08,2547,1720,1132,154,190,231,69,157,Organic,0,Education,Night,
7367,YouTube,Reel,2025-06-14,7887,6202,794,160,339,1711,33,162,Organic,0,Promotion,Night,
7368,Instagram,Image,2023-04-06,14479,10652,9270,143,327,2224,203,33,Organic,0,Motivation,Day,
7369,Instagram,Story,2023-11-06,7184,5977,5048,36,310,1784,346,55,Organic,0,Education,Day,
7370,Facebook,Video,2025-10-11,19907,15873,13756,112,363,4440,657,156,Paid,3437,Education,Day,
7371,YouTube,Reel,2022-10-19,11144,9092,6387,254,254,1291,371,18,Paid,203,Education,Night,
7372,Instagram,Reel,2024-04-05,7222,6346,4436,107,45,1747,322,73,Organic,0,Entertainment,Day,
7373,Instagram,Video,2024-09-08,17498,15800,6513,214,204,4453,1075,150,Paid,4639,Education,Day,
7374,Facebook,Video,2022-01-14,8522,6111,4941,41,49,1666,153,174,Organic,0,Awareness,Night,
7375,YouTube,Story,2023-11-12,12113,9393,7608,233,2,460,97,61,Paid,3440,Awareness,Day,
7376,YouTube,Story,2021-08-22,12673,9725,517,219,190,2731,587,16,Organic,0,Education,Night,
7377,YouTube,Image,2021-07-15,9856,7936,3952,140,499,1625,180,21,Paid,3707,Promotion,Night,
7378,Instagram,Video,2022-04-08,1575,1414,410,262,127,182,51,34,Organic,0,Awareness,Night,
7379,Facebook,Reel,2025-08-10,9542,7222,1810,154,341,1692,84,92,Organic,0,Motivation,Night,
7380,Facebook,Reel,2022-11-17,11656,10449,2537,109,433,1354,55,103,Organic,0,Motivation,Night,
7381,Instagram,Image,2021-03-16,2727,2249,1832,209,378,498,102,27,Organic,0,Promotion,Night,
7382,Facebook,Reel,2022-07-14,12928,11301,3770,152,132,343,21,133,Organic,0,Motivation,Day,
7383,Facebook,Image,2025-06-24,4198,3157,2381,104,260,391,62,83,Organic,0,Promotion,Night,
7384,Facebook,Video,2025-10-03,5906,5065,2345,114,473,1376,84,36,Paid,3334,Motivation,Night,
7385,Facebook,Reel,2024-08-02,16513,11653,10045,24,265,3086,346,2838,Organic,0,Education,Day,
7386,Facebook,Image,2021-06-14,8362,5361,4216,215,229,1557,375,19,Organic,0,Motivation,Day,
7387,Instagram,Image,2023-12-10,9648,9416,3267,67,1,1079,229,160,Organic,0,Education,Day,
7388,Instagram,Story,2021-07-18,15991,10112,4112,58,339,2178,88,156,Paid,2810,Motivation,Day,
7389,Instagram,Video,2024-05-19,18975,12557,8263,239,351,1613,385,167,Paid,3269,Motivation,Day,
7390,Facebook,Image,2025-01-14,2863,1950,549,10,179,351,29,31,Paid,1455,Motivation,Night,
7391,Facebook,Story,2024-04-08,9908,6260,5880,273,324,1183,33,113,Organic,0,Education,Day,
7392,YouTube,Image,2022-08-15,11432,7853,654,159,67,500,123,80,Organic,0,Motivation,Day,
7393,Instagram,Video,2022-08-31,5648,5206,1374,85,268,635,7,152,Organic,0,Motivation,Day,
7394,YouTube,Image,2025-05-11,11782,11176,490,286,59,2317,658,69,Organic,0,Entertainment,Day,
7395,Instagram,Reel,2024-10-31,2620,2055,357,284,290,353,57,113,Organic,0,Education,Day,
7396,Facebook,Reel,2024-08-15,4820,2967,1045,205,18,30,4,133,Organic,0,Awareness,Day,
7397,Instagram,Story,2024-07-07,4949,4789,4665,294,371,308,69,14,Organic,0,Promotion,Night,
7398,YouTube,Video,2025-11-21,15993,11058,10687,171,26,1639,396,51,Organic,0,Entertainment,Night,
7399,Instagram,Image,2023-06-10,17776,11249,864,137,475,32,8,127,Organic,0,Motivation,Night,
7400,Instagram,Story,2022-03-13,5236,4611,377,198,138,919,9,63,Paid,2913,Awareness,Day,
7401,Instagram,Story,2025-10-12,5905,5706,4364,257,466,325,28,100,Organic,0,Awareness,Night,
7402,Facebook,Image,2024-01-07,16900,13403,4629,265,355,3882,161,107,Paid,990,Motivation,Night,
7403,YouTube,Reel,2021-06-14,10255,6774,2307,291,194,2028,179,128,Organic,0,Motivation,Night,
7404,Instagram,Video,2022-02-23,2144,1644,1445,200,74,308,82,90,Organic,0,Entertainment,Day,
7405,Instagram,Story,2021-10-13,16199,10892,3436,195,45,924,171,150,Organic,0,Education,Day,
7406,Facebook,Story,2021-04-29,4633,3282,1922,52,458,866,242,116,Paid,425,Entertainment,Day,
7407,Instagram,Story,2022-07-28,15170,10426,4953,257,252,2541,519,178,Organic,0,Education,Night,
7408,Instagram,Video,2022-06-07,2464,2234,1093,192,293,53,13,164,Paid,3379,Awareness,Night,
7409,Facebook,Story,2025-11-18,10160,8203,6634,22,62,1002,262,31,Organic,0,Promotion,Day,
7410,Instagram,Image,2024-02-09,15241,12606,7200,269,308,2060,346,22,Organic,0,Motivation,Day,
7411,Instagram,Story,2024-06-19,11909,9035,3528,107,21,561,78,171,Paid,4302,Entertainment,Night,
7412,Facebook,Reel,2021-06-05,8436,7688,1031,193,374,1600,477,86,Organic,0,Awareness,Night,
7413,Facebook,Story,2021-08-17,1707,1277,897,146,67,277,50,176,Paid,4266,Entertainment,Night,
7414,Facebook,Video,2023-07-10,7202,5930,5525,111,231,1095,102,76,Organic,0,Education,Night,
7415,Instagram,Video,2023-06-07,3606,3120,1868,145,489,74,17,58,Organic,0,Motivation,Day,
7416,Instagram,Image,2021-03-22,14213,9479,5535,154,167,2827,150,166,Paid,446,Education,Day,
7417,Facebook,Image,2022-03-29,13381,10629,3436,200,99,1778,399,1684,Paid,20442,Education,Night,
7418,YouTube,Reel,2024-06-21,19084,16916,5766,107,440,928,106,168,Organic,0,Education,Night,
7419,YouTube,Image,2021-04-27,2904,2323,2248,95,462,187,6,150,Paid,3645,Awareness,Night,
7420,Facebook,Reel,2023-07-03,2004,1511,1020,23,468,329,68,42,Organic,0,Motivation,Day,
7421,Instagram,Reel,2022-11-18,4031,2775,2024,241,362,237,25,141,Paid,2964,Promotion,Day,
7422,Facebook,Reel,2022-01-02,12371,12313,9660,66,316,28,1,39,Organic,0,Entertainment,Day,
7423,Instagram,Video,2022-03-05,6071,3740,3048,146,164,139,14,86,Organic,0,Education,Day,
7424,Facebook,Story,2024-09-17,16541,12112,808,241,361,2922,7,137,Organic,0,Motivation,Day,
7425,YouTube,Reel,2024-05-21,10722,7074,1608,210,296,331,28,146,Organic,0,Entertainment,Night,
7426,YouTube,Image,2024-01-24,14845,11464,9190,114,44,2552,245,162,Organic,0,Motivation,Night,
7427,Facebook,Reel,2025-01-02,8817,7537,2045,287,101,56,0,8,Organic,0,Entertainment,Day,
7428,Instagram,Video,2024-12-10,8706,6999,2450,31,145,1867,203,171,Organic,0,Motivation,Day,
7429,Instagram,Story,2024-05-25,17349,15924,14561,215,44,3391,78,157,Paid,1029,Promotion,Night,
7430,Facebook,Video,2021-08-16,11471,11272,191,203,358,441,129,160,Organic,0,Motivation,Day,
7431,YouTube,Image,2022-04-29,10452,7509,6088,258,296,755,42,154,Organic,0,Motivation,Night,
7432,Facebook,Reel,2024-08-12,12237,11623,686,32,464,2379,215,163,Organic,0,Education,Day,
7433,Facebook,Video,2025-06-13,2270,2058,29,246,81,572,153,27,Paid,1353,Education,Day,
7434,Facebook,Image,2021-10-18,8525,5720,2457,225,265,1489,408,52,Organic,0,Education,Day,
7435,Instagram,Story,2024-07-03,8766,8539,2025,3,260,141,5,152,Organic,0,Motivation,Day,
7436,YouTube,Story,2022-05-28,18563,12803,4065,248,149,1257,137,129,Organic,0,Promotion,Day,
7437,Instagram,Story,2021-07-08,5543,4417,2153,243,383,1224,153,170,Organic,0,Entertainment,Night,
7438,YouTube,Reel,2024-04-10,17364,10772,1336,28,308,636,55,59,Organic,0,Education,Night,
7439,YouTube,Video,2024-05-08,3154,2658,1196,122,378,449,17,72,Organic,0,Awareness,Night,
7440,YouTube,Video,2022-09-28,15569,14076,10969,78,435,1433,122,92,Organic,0,Motivation,Night,
7441,Facebook,Image,2022-10-22,10857,7696,1665,54,28,1426,23,5,Organic,0,Promotion,Day,
7442,YouTube,Image,2022-07-31,13338,9293,7668,221,426,1735,300,139,Organic,0,Promotion,Day,
7443,Instagram,Image,2024-11-13,18694,16221,10383,273,224,3399,89,99,Organic,0,Education,Night,
7444,Facebook,Video,2021-09-14,7126,6581,2468,87,393,1960,427,144,Organic,0,Education,Day,
7445,Facebook,Video,2024-01-24,17135,13287,951,47,352,3248,726,110,Paid,4328,Awareness,Night,
7446,Facebook,Reel,2021-03-01,11112,7186,2818,91,108,192,46,137,Paid,998,Awareness,Day,
7447,Instagram,Image,2021-08-26,2551,1926,1141,82,432,352,12,112,Organic,0,Education,Night,
7448,Facebook,Video,2025-06-15,11649,7962,344,158,311,1310,77,46,Organic,0,Entertainment,Night,
7449,Facebook,Video,2023-05-08,14649,8990,6117,22,259,1493,140,106,Organic,0,Education,Day,
7450,Facebook,Video,2023-08-31,10849,9246,4247,64,413,2695,89,128,Organic,0,Education,Day,
7451,YouTube,Image,2025-09-16,2628,2155,1807,169,475,490,53,144,Organic,0,Promotion,Day,
7452,Facebook,Story,2021-12-05,5157,4677,2421,59,119,459,41,107,Organic,0,Education,Day,
7453,Facebook,Video,2024-02-05,8560,7916,7059,89,349,786,82,150,Paid,503,Education,Night,
7454,Instagram,Video,2025-03-13,3421,2174,115,72,122,220,61,78,Paid,1893,Education,Day,
7455,Instagram,Video,2022-02-11,8029,6118,3576,89,239,1111,71,112,Organic,0,Entertainment,Day,
7456,Facebook,Reel,2021-04-20,11164,7375,1370,259,201,1515,242,126,Organic,0,Promotion,Night,
7457,Instagram,Reel,2021-07-24,2170,1572,699,143,112,49,6,21,Paid,1121,Motivation,Night,
7458,Instagram,Story,2021-11-06,10975,7504,5442,161,231,2060,586,75,Paid,620,Motivation,Day,
7459,YouTube,Reel,2025-01-21,10383,9675,3777,28,139,2564,302,66,Paid,2378,Motivation,Night,
7460,Facebook,Story,2024-09-24,1526,1137,1121,41,256,22,5,45,Organic,0,Motivation,Day,
7461,Instagram,Video,2022-04-29,4876,3662,3500,220,64,1051,179,123,Organic,0,Promotion,Night,
7462,Facebook,Story,2025-02-11,5980,5065,5015,32,494,1096,17,166,Organic,0,Education,Day,
7463,YouTube,Reel,2023-06-27,19658,17157,7003,34,90,2060,245,49,Organic,0,Motivation,Night,
7464,Instagram,Story,2025-02-26,7707,7479,3301,282,174,2172,390,62,Organic,0,Education,Night,
7465,Facebook,Video,2024-07-31,2942,2085,1532,97,278,140,0,130,Organic,0,Motivation,Day,
7466,Facebook,Reel,2024-03-26,10735,10503,7371,189,33,2761,691,166,Paid,4887,Entertainment,Day,
7467,Instagram,Story,2022-07-28,7958,5528,622,279,96,1593,380,48,Paid,4939,Education,Day,
7468,YouTube,Reel,2023-06-10,13114,12735,730,58,373,407,32,19,Organic,0,Promotion,Night,
7469,Facebook,Reel,2024-04-22,9695,5983,2249,9,2,1492,232,82,Paid,3059,Entertainment,Night,
7470,Facebook,Image,2025-06-30,15736,13084,10342,30,51,3228,77,74,Organic,0,Entertainment,Night,
7471,Instagram,Reel,2025-10-16,2021,1787,632,289,220,225,14,105,Paid,2331,Promotion,Night,
7472,YouTube,Reel,2023-01-07,7649,5306,5051,237,442,195,23,164,Organic,0,Entertainment,Night,
7473,YouTube,Image,2022-11-02,11500,8555,1639,94,478,416,63,7,Organic,0,Education,Night,
7474,Facebook,Video,2024-08-05,6195,4763,269,68,160,47,14,90,Organic,0,Awareness,Night,
7475,Facebook,Video,2025-10-21,19804,13498,8733,116,175,2023,342,78,Organic,0,Awareness,Day,
7476,Facebook,Image,2021-10-25,2255,2007,1952,136,6,46,2,55,Organic,0,Motivation,Night,
7477,Instagram,Story,2024-08-14,18384,15873,14250,69,468,4022,761,71,Organic,0,Motivation,Day,
7478,Facebook,Video,2024-02-24,8501,6518,5796,81,411,166,40,80,Paid,2928,Education,Night,
7479,Instagram,Reel,2024-07-26,15215,11675,8724,261,152,742,28,1419,Organic,0,Promotion,Day,
7480,Facebook,Story,2025-12-31,3380,2821,1169,251,239,739,59,149,Organic,0,Education,Day,
7481,Facebook,Reel,2023-05-03,7124,6260,5059,77,2,1316,318,11,Organic,0,Motivation,Day,
7482,Facebook,Image,2025-02-26,12335,10421,91,128,416,329,46,17,Organic,0,Entertainment,Night,
7483,YouTube,Story,2022-08-16,12632,9125,4463,284,57,946,5,124,Organic,0,Education,Day,
7484,YouTube,Image,2025-08-27,12851,12355,8462,240,149,2303,523,70,Paid,1060,Education,Night,
7485,YouTube,Story,2022-02-27,10539,8129,5166,5,73,979,252,8,Organic,0,Promotion,Day,
7486,YouTube,Video,2024-01-22,1691,1246,454,46,35,10,0,142,Organic,0,Motivation,Day,
7487,Instagram,Story,2023-10-04,4806,4199,3835,275,405,613,3,92,Paid,4595,Education,Day,
7488,Instagram,Story,2022-03-17,15317,10568,4717,119,480,294,53,21,Organic,0,Entertainment,Day,
7489,Facebook,Image,2022-06-19,2944,2449,1378,181,10,218,38,56,Organic,0,Entertainment,Day,
7490,Facebook,Video,2023-12-18,17868,11930,6457,41,119,938,74,138,Paid,2796,Awareness,Day,
7491,Instagram,Video,2025-12-17,15980,14936,8037,115,405,698,148,73,Organic,0,Motivation,Day,
7492,YouTube,Story,2023-02-19,5703,5405,2811,150,72,249,39,141,Organic,0,Entertainment,Day,
7493,Instagram,Reel,2025-07-31,18499,13601,12466,278,227,1780,532,25,Paid,733,Promotion,Day,
7494,Facebook,Reel,2022-02-13,6806,4298,1269,64,246,428,42,28,Organic,0,Motivation,Night,
7495,YouTube,Image,2022-05-05,2984,2429,1198,14,81,624,66,8,Organic,0,Entertainment,Day,
7496,Facebook,Reel,2022-10-25,13443,10953,4297,187,286,1404,281,156,Paid,1352,Education,Day,
7497,YouTube,Video,2021-09-05,2648,1926,1032,181,331,241,31,7,Organic,0,Motivation,Day,
7498,Instagram,Video,2025-08-02,10155,9045,4147,120,337,2196,24,72,Organic,0,Entertainment,Day,
7499,Instagram,Story,2022-04-07,17914,15023,14803,296,23,1440,242,105,Paid,1883,Education,Day,
7500,Facebook,Video,2021-07-06,19782,13992,11829,103,423,2294,509,172,Paid,3178,Awareness,Night,
7501,YouTube,Story,2021-11-03,5726,4648,3351,48,118,78,13,58,Organic,0,Motivation,Night,
7502,Facebook,Reel,2022-01-23,8097,6296,3867,30,86,533,112,39,Organic,0,Motivation,Day,
7503,Facebook,Image,2025-08-11,11538,9560,3129,148,322,1421,386,60,Paid,3213,Entertainment,Day,
7504,Facebook,Story,2021-08-23,19002,12381,7591,232,340,3692,543,112,Paid,900,Awareness,Day,
7505,Facebook,Reel,2022-05-31,4629,3920,589,96,316,115,28,44,Organic,0,Promotion,Day,
7506,Facebook,Story,2023-12-27,15050,12422,11513,53,327,1477,69,72,Organic,0,Entertainment,Day,
7507,YouTube,Image,2023-11-16,9487,6127,2278,162,336,1215,0,50,Organic,0,Entertainment,Day,
7508,Facebook,Reel,2022-12-16,15831,11752,6085,9,249,1528,210,82,Paid,4518,Promotion,Night,
7509,Facebook,Reel,2025-08-31,15071,10601,6807,147,433,929,243,145,Paid,1322,Promotion,Day,
7510,YouTube,Reel,2023-10-12,7592,6085,803,149,201,1547,118,159,Paid,4030,Promotion,Day,
7511,YouTube,Story,2024-08-21,8994,5613,4345,105,412,1022,30,10,Paid,3158,Promotion,Night,
7512,Facebook,Image,2025-03-19,1679,1270,444,76,122,87,24,21,Organic,0,Promotion,Day,
7513,Facebook,Story,2023-01-06,3170,2003,1930,254,144,181,25,168,Organic,0,Education,Day,
7514,YouTube,Image,2024-05-20,16632,12143,6446,251,116,2797,298,103,Paid,1740,Education,Night,
7515,Facebook,Reel,2021-02-02,11673,8180,2440,23,85,407,51,85,Paid,4725,Promotion,Day,
7516,YouTube,Reel,2025-05-18,17632,15429,12529,299,104,3736,572,6,Organic,0,Awareness,Night,
7517,Facebook,Image,2025-11-29,9733,9565,4581,243,412,2511,707,81,Organic,0,Awareness,Day,
7518,Instagram,Reel,2025-11-13,7434,5950,861,166,149,448,86,70,Paid,2698,Promotion,Day,
7519,YouTube,Reel,2023-07-20,5900,5247,3354,244,31,273,52,56,Organic,0,Education,Night,
7520,YouTube,Image,2024-04-09,3943,2792,1586,224,112,441,16,96,Organic,0,Awareness,Day,
7521,Instagram,Story,2024-08-22,7107,4847,4830,141,415,246,58,175,Organic,0,Education,Day,
7522,Facebook,Reel,2023-09-09,3195,2528,98,143,174,271,62,26,Organic,0,Entertainment,Day,
7523,Instagram,Video,2024-04-20,8391,5950,5701,222,70,906,198,115,Organic,0,Education,Night,
7524,Facebook,Image,2022-05-17,16079,12913,10789,25,385,615,69,111,Paid,2964,Promotion,Night,
7525,Facebook,Reel,2023-08-12,14136,10289,3404,110,327,158,2,71,Organic,0,Motivation,Day,
7526,Instagram,Reel,2023-10-22,19204,16288,10884,186,442,624,121,144,Organic,0,Promotion,Night,
7527,YouTube,Image,2021-06-02,14721,10642,9078,52,379,2548,189,73,Organic,0,Entertainment,Night,
7528,Facebook,Image,2025-10-29,13584,9313,7172,112,168,1569,329,88,Paid,684,Education,Night,
7529,Facebook,Image,2025-09-27,4838,4803,1738,153,153,98,11,107,Paid,864,Awareness,Day,
7530,YouTube,Story,2021-01-05,14497,12985,7345,133,233,1405,412,43,Paid,3654,Promotion,Night,
7531,Facebook,Video,2025-05-08,6363,6214,3178,210,442,479,102,17,Paid,827,Awareness,Day,
7532,YouTube,Image,2024-03-20,6052,3797,2210,196,118,1115,227,45,Organic,0,Education,Night,
7533,Facebook,Image,2022-04-18,14987,13005,6319,117,442,1855,437,61,Organic,0,Entertainment,Day,
7534,YouTube,Video,2023-04-06,13194,8965,7419,184,188,1946,244,16,Organic,0,Promotion,Day,
7535,Facebook,Reel,2021-08-22,1366,1081,1045,118,399,4,1,17,Organic,0,Awareness,Night,
7536,Instagram,Story,2021-05-16,17400,15139,15008,76,406,416,12,124,Paid,2374,Promotion,Night,
7537,Facebook,Image,2025-07-19,18826,16584,393,254,247,1073,2,101,Organic,0,Promotion,Day,
7538,Facebook,Reel,2021-09-11,17466,16429,12244,212,361,4399,823,61,Paid,2974,Awareness,Day,
7539,YouTube,Video,2021-03-24,3248,2796,537,287,13,436,66,44,Organic,0,Entertainment,Day,
7540,Instagram,Image,2022-09-09,5743,4144,3548,42,497,367,86,122,Organic,0,Promotion,Day,
7541,Instagram,Image,2024-12-02,14540,11392,6520,209,93,378,60,84,Organic,0,Entertainment,Day,
7542,YouTube,Reel,2022-09-04,14219,11438,3229,292,89,2039,53,132,Organic,0,Entertainment,Day,
7543,Facebook,Video,2021-02-21,7478,7244,1533,202,455,2138,271,177,Organic,0,Education,Day,
7544,Facebook,Story,2022-06-06,3545,3059,1834,227,499,414,98,39,Organic,0,Awareness,Day,
7545,Instagram,Story,2025-09-13,10715,7801,7792,28,347,1819,214,7,Organic,0,Education,Day,
7546,YouTube,Video,2023-08-18,15975,9796,2185,221,137,1318,153,124,Organic,0,Motivation,Night,
7547,Instagram,Story,2023-04-26,13727,10917,7722,56,256,580,150,9,Organic,0,Education,Day,
7548,Instagram,Reel,2021-03-31,3547,3007,2927,58,371,419,69,15,Organic,0,Promotion,Night,
7549,Instagram,Image,2024-03-11,2507,1533,822,196,482,40,7,130,Organic,0,Promotion,Night,
7550,YouTube,Reel,2021-01-29,2523,1566,1410,220,157,91,5,75,Organic,0,Promotion,Day,
7551,YouTube,Story,2021-10-07,5284,4059,1308,92,72,1047,85,121,Organic,0,Motivation,Day,
7552,Instagram,Story,2021-12-05,1970,1798,1340,205,95,318,12,142,Organic,0,Entertainment,Day,
7553,YouTube,Story,2021-02-17,4558,3036,1056,13,295,758,225,110,Organic,0,Promotion,Day,
7554,Instagram,Story,2024-03-11,9276,5998,2137,178,81,163,12,120,Organic,0,Education,Day,
7555,Instagram,Story,2025-05-10,11791,9639,6811,286,112,399,56,166,Organic,0,Entertainment,Day,
7556,Facebook,Reel,2021-02-23,14822,11376,6678,75,261,2465,331,71,Organic,0,Education,Night,
7557,YouTube,Reel,2021-11-09,16796,13114,11659,50,146,2770,502,35,Organic,0,Education,Day,
7558,YouTube,Reel,2022-09-06,7438,4503,4179,256,484,830,25,79,Paid,557,Promotion,Night,
7559,Instagram,Video,2022-08-17,12999,12128,9825,298,416,2365,636,75,Organic,0,Education,Day,
7560,Facebook,Video,2025-02-02,1699,1443,1130,289,65,306,73,70,Organic,0,Motivation,Day,
7561,Instagram,Story,2021-05-03,8308,8212,964,253,49,1934,73,74,Paid,1066,Entertainment,Day,
7562,Instagram,Video,2022-06-04,4425,3112,1576,272,460,675,108,45,Organic,0,Promotion,Day,
7563,YouTube,Reel,2024-01-09,18295,14802,9810,51,72,4216,643,164,Paid,4259,Promotion,Night,
7564,YouTube,Image,2022-11-20,16093,13619,5453,38,368,2530,38,24,Organic,0,Education,Day,
7565,Instagram,Reel,2025-02-04,17615,16257,16218,295,231,2792,217,157,Organic,0,Education,Day,
7566,Instagram,Reel,2025-02-08,2763,2127,950,263,1,582,118,144,Paid,2013,Awareness,Day,
7567,YouTube,Reel,2024-09-29,2000,1458,1337,213,373,46,4,43,Organic,0,Awareness,Day,
7568,Instagram,Reel,2025-08-12,11237,9206,3362,72,477,504,2,2900,Organic,0,Promotion,Night,
7569,Instagram,Reel,2024-01-25,1459,909,713,97,480,198,23,49,Organic,0,Promotion,Night,
7570,YouTube,Reel,2023-12-09,8313,6050,2444,85,459,1150,248,143,Organic,0,Education,Night,
7571,Instagram,Image,2024-08-13,4055,2563,1919,161,439,291,56,74,Organic,0,Motivation,Day,
7572,YouTube,Story,2022-10-11,16936,11958,1785,170,451,692,179,129,Organic,0,Motivation,Day,
7573,YouTube,Reel,2025-11-06,14754,9425,4584,115,76,1869,194,155,Paid,1852,Education,Day,
7574,YouTube,Story,2024-03-18,4794,4369,3880,204,58,1190,234,95,Paid,207,Awareness,Night,
7575,Facebook,Reel,2022-11-02,16153,11934,11596,19,20,198,14,74,Organic,0,Awareness,Day,
7576,Instagram,Reel,2021-09-11,11884,10272,8017,107,138,2132,277,170,Paid,1484,Motivation,Night,
7577,Instagram,Story,2025-07-17,2827,2496,478,116,396,578,125,134,Organic,0,Promotion,Night,
7578,YouTube,Video,2024-12-24,6965,5751,2620,28,466,397,91,88,Organic,0,Education,Night,
7579,Facebook,Reel,2021-09-27,19070,16691,1468,77,74,4740,269,93,Paid,378,Promotion,Day,
7580,Instagram,Story,2021-03-04,3475,2544,170,110,331,211,59,83,Paid,3795,Awareness,Day,
7581,Facebook,Story,2021-12-03,17851,14065,3176,17,210,131,31,117,Paid,4017,Motivation,Night,
7582,Instagram,Story,2025-04-30,5571,5405,1011,70,293,936,96,97,Organic,0,Promotion,Night,
7583,Facebook,Reel,2024-10-12,13096,8814,8797,171,170,2518,452,76,Organic,0,Awareness,Night,
7584,Instagram,Video,2021-09-02,18785,14413,10573,79,242,4089,495,169,Paid,2623,Awareness,Day,
7585,Instagram,Image,2025-01-08,17813,14169,13355,214,398,1607,373,53,Organic,0,Awareness,Night,
7586,Facebook,Video,2021-09-30,12848,10919,6688,178,476,3054,97,56,Organic,0,Promotion,Day,
7587,Facebook,Story,2021-03-14,11418,8143,1737,40,203,511,26,37,Organic,0,Entertainment,Day,
7588,Instagram,Story,2023-03-12,4601,3444,2512,227,386,783,207,26,Paid,3629,Motivation,Night,
7589,YouTube,Reel,2021-08-21,4426,3087,2588,274,350,274,9,118,Organic,0,Awareness,Day,
7590,YouTube,Story,2021-12-12,18028,11365,10267,92,129,35,4,137,Organic,0,Promotion,Night,
7591,Instagram,Story,2024-11-11,15777,14545,5823,22,412,3279,327,22,Organic,0,Education,Day,
7592,Facebook,Story,2024-01-13,17424,13104,9840,263,438,1323,133,170,Organic,0,Motivation,Day,
7593,Facebook,Image,2022-05-08,2438,1858,1054,270,276,51,9,122,Paid,4325,Education,Day,
7594,Facebook,Story,2024-08-04,19956,16707,9173,0,202,2364,636,121,Organic,0,Education,Day,
7595,YouTube,Story,2024-04-02,2270,1511,1220,157,24,403,49,41,Organic,0,Promotion,Day,
7596,YouTube,Image,2022-01-19,12317,8477,7617,255,99,431,4,68,Organic,0,Entertainment,Day,
7597,YouTube,Reel,2022-04-16,2673,2633,2375,112,105,92,10,142,Organic,0,Promotion,Night,
7598,Instagram,Video,2023-08-11,7646,6173,2831,72,288,1633,464,83,Organic,0,Promotion,Day,
7599,Facebook,Story,2022-04-25,17160,15033,1656,73,479,1119,180,174,Organic,0,Motivation,Night,
7600,Instagram,Reel,2021-10-21,15708,14240,4072,71,359,851,114,827,Organic,0,Promotion,Day,
7601,Instagram,Video,2023-11-09,12714,11888,4977,40,216,3101,574,48,Organic,0,Motivation,Night,
7602,YouTube,Reel,2021-10-08,6662,5988,5502,57,45,563,45,86,Paid,4567,Awareness,Day,
7603,Facebook,Story,2022-09-27,11684,9476,252,74,346,2668,278,91,Paid,2360,Motivation,Day,
7604,Facebook,Video,2021-02-07,10786,9810,6371,273,47,2859,74,20,Organic,0,Promotion,Night,
7605,Instagram,Image,2025-12-28,1115,922,694,297,433,52,7,58,Organic,0,Awareness,Day,
7606,Facebook,Story,2021-07-15,17047,12124,10392,201,5,60,10,106,Paid,4214,Awareness,Night,
7607,Instagram,Video,2021-04-27,15642,10943,3986,91,481,2021,176,167,Organic,0,Entertainment,Day,
7608,YouTube,Reel,2021-02-11,10776,6539,617,227,284,581,77,102,Organic,0,Promotion,Night,
7609,YouTube,Story,2025-12-17,12220,10811,3276,204,35,2898,655,160,Paid,4000,Education,Day,
7610,YouTube,Reel,2021-03-08,9974,7364,4915,8,128,1493,421,6,Organic,0,Promotion,Day,
7611,Facebook,Image,2023-06-10,8825,5634,3505,234,224,326,67,98,Organic,0,Education,Day,
7612,Facebook,Reel,2024-06-03,12312,10527,6271,123,105,1202,204,145,Organic,0,Entertainment,Day,
7613,YouTube,Image,2025-03-04,5938,3704,2078,181,97,578,133,173,Organic,0,Promotion,Day,
7614,YouTube,Video,2025-07-23,3798,3470,3097,155,194,3,0,63,Paid,4220,Entertainment,Day,
7615,Facebook,Reel,2025-05-25,4703,3876,1951,116,455,961,29,73,Organic,0,Education,Day,
7616,YouTube,Video,2024-01-08,5240,4235,2497,198,143,798,118,123,Organic,0,Motivation,Night,
7617,Facebook,Reel,2025-07-17,6167,5067,1947,72,396,59,16,96,Paid,2946,Promotion,Night,
7618,Facebook,Image,2023-04-22,9677,8396,4999,229,347,812,159,49,Paid,494,Awareness,Day,
7619,YouTube,Story,2023-10-05,17076,11989,9689,84,309,608,63,152,Organic,0,Awareness,Day,
7620,Instagram,Video,2021-10-11,6429,4212,3222,36,264,505,59,28,Organic,0,Entertainment,Day,
7621,Instagram,Image,2021-02-11,14202,14134,9641,76,466,2364,413,95,Organic,0,Motivation,Night,
7622,Facebook,Image,2023-01-21,15673,11469,10119,183,341,1519,13,98,Paid,2549,Awareness,Day,
7623,Instagram,Video,2025-10-20,18165,12274,3271,141,494,1566,42,62,Organic,0,Awareness,Night,
7624,Instagram,Video,2021-11-16,8289,7547,1518,163,442,2139,72,159,Organic,0,Promotion,Day,
7625,Instagram,Image,2023-06-26,13842,9691,7140,24,153,341,76,158,Organic,0,Awareness,Day,
7626,YouTube,Story,2022-06-30,10734,6917,1199,213,161,1217,75,132,Organic,0,Education,Day,
7627,Instagram,Video,2025-11-19,13294,9245,4200,206,152,1730,72,11,Organic,0,Entertainment,Day,
7628,YouTube,Story,2023-06-18,9069,5550,3793,201,457,1472,13,174,Organic,0,Awareness,Day,
7629,YouTube,Video,2025-01-11,13680,8291,3568,246,387,1462,396,51,Organic,0,Promotion,Night,
7630,Instagram,Image,2023-09-06,18331,12716,11825,114,252,1893,290,57,Organic,0,Education,Day,
7631,Facebook,Reel,2022-09-17,16479,15849,14656,131,86,3944,379,42,Organic,0,Awareness,Day,
7632,YouTube,Image,2021-05-28,16816,14266,10492,211,394,2555,708,57,Organic,0,Entertainment,Night,
7633,YouTube,Image,2023-10-31,4472,2956,432,81,143,772,188,147,Paid,2060,Entertainment,Day,
7634,Facebook,Video,2024-09-11,19143,15266,9549,159,354,3672,586,158,Paid,1130,Entertainment,Day,
7635,Instagram,Story,2025-10-01,2218,1746,822,46,370,124,11,52,Organic,0,Awareness,Night,
7636,Instagram,Reel,2023-05-22,1350,1111,293,165,405,18,4,99,Organic,0,Education,Night,
7637,YouTube,Video,2023-12-03,18078,14063,6200,81,141,4123,545,151,Organic,0,Motivation,Day,
7638,Facebook,Reel,2023-03-14,16078,10254,8773,214,456,1585,177,141,Organic,0,Entertainment,Night,
7639,Instagram,Video,2022-11-20,11385,7400,2906,65,257,746,6,68,Organic,0,Education,Day,
7640,Instagram,Image,2025-12-09,1862,1612,1569,247,3,256,53,97,Organic,0,Promotion,Day,
7641,Facebook,Reel,2021-02-03,4721,3692,2717,122,98,768,35,129,Paid,4592,Promotion,Day,
7642,Instagram,Reel,2023-03-31,13461,9104,1182,106,415,2013,31,43,Organic,0,Education,Day,
7643,YouTube,Reel,2024-11-13,16473,14307,5370,150,441,2711,396,8,Organic,0,Promotion,Night,
7644,Facebook,Video,2021-11-30,8400,6536,2551,184,279,1330,34,130,Organic,0,Promotion,Night,
7645,Facebook,Story,2024-12-20,19542,18379,11923,70,148,3404,224,7,Paid,3128,Entertainment,Day,
7646,Instagram,Video,2022-07-23,2573,2238,89,204,329,40,0,68,Organic,0,Awareness,Day,
7647,Facebook,Video,2024-02-14,13492,11432,9480,161,291,51,11,33,Paid,1872,Awareness,Night,
7648,Instagram,Reel,2021-06-24,6124,4743,1335,79,484,432,128,120,Organic,0,Awareness,Night,
7649,YouTube,Image,2021-08-15,13276,11971,8894,199,206,229,21,15,Paid,1487,Awareness,Day,
7650,Facebook,Reel,2024-06-01,2419,1615,1074,47,131,418,68,101,Paid,2926,Education,Day,
7651,Instagram,Video,2022-12-18,17577,15510,13543,246,282,3226,933,106,Paid,4324,Entertainment,Night,
7652,Facebook,Reel,2024-10-15,4617,4337,3145,44,379,749,66,159,Organic,0,Education,Night,
7653,YouTube,Image,2022-03-28,3259,2602,1591,156,145,247,71,25,Organic,0,Promotion,Day,
7654,YouTube,Reel,2022-04-14,7446,5625,2412,72,220,955,144,43,Organic,0,Entertainment,Night,
7655,Instagram,Image,2025-06-30,16259,14238,11990,33,55,2197,349,106,Paid,3178,Motivation,Day,
7656,YouTube,Image,2024-08-14,11783,9937,54,196,157,1634,287,50,Organic,0,Awareness,Day,
7657,Instagram,Image,2023-10-08,2885,2488,112,38,241,449,130,70,Organic,0,Promotion,Day,
7658,YouTube,Story,2023-02-20,18854,12602,12271,241,116,2769,637,95,Organic,0,Awareness,Day,
7659,YouTube,Reel,2025-01-13,1558,1397,934,254,374,149,34,168,Organic,0,Awareness,Night,
7660,Facebook,Image,2021-08-18,5385,5263,5119,299,156,414,1,115,Organic,0,Awareness,Day,
7661,YouTube,Video,2025-07-08,13952,11426,7785,149,447,3256,801,86,Organic,0,Motivation,Day,
7662,Facebook,Story,2024-04-06,13185,11118,3200,283,216,1287,284,127,Organic,0,Promotion,Night,
7663,Facebook,Video,2024-11-11,19416,14072,10941,200,451,2484,231,103,Organic,0,Awareness,Day,
7664,Instagram,Story,2023-02-05,18121,13113,5689,232,100,435,77,39,Paid,3988,Awareness,Night,
7665,Instagram,Image,2024-07-20,19118,18553,15362,67,271,537,87,163,Paid,1517,Entertainment,Night,
7666,Facebook,Video,2022-01-21,3635,2885,512,116,438,434,21,160,Paid,484,Awareness,Day,
7667,YouTube,Image,2024-05-03,6280,5738,5174,145,398,824,55,107,Organic,0,Entertainment,Day,
7668,Instagram,Image,2024-03-29,17362,12105,8575,237,348,3158,841,133,Paid,4314,Promotion,Night,
7669,Instagram,Video,2022-08-29,13562,11139,8736,41,345,2389,418,29,Organic,0,Promotion,Day,
7670,Facebook,Image,2021-03-21,16805,13002,1764,294,463,929,136,47,Organic,0,Promotion,Day,
7671,Instagram,Story,2021-06-28,15456,14439,6867,111,420,2819,116,88,Organic,0,Entertainment,Night,
7672,YouTube,Video,2021-04-13,10278,8454,570,51,453,239,52,55,Organic,0,Motivation,Day,
7673,Instagram,Image,2024-06-25,13545,9622,2663,232,403,1774,425,134,Organic,0,Motivation,Day,
7674,YouTube,Image,2021-12-25,17525,16222,15113,106,499,1957,219,130,Paid,3459,Awareness,Night,
7675,Facebook,Reel,2023-04-26,17126,11908,4990,99,215,266,72,73,Organic,0,Promotion,Night,
7676,YouTube,Video,2025-12-23,17388,11016,7053,242,284,3089,129,13,Organic,0,Education,Day,
7677,Instagram,Image,2021-09-04,15704,10715,9582,44,326,1728,469,6,Organic,0,Awareness,Day,
7678,Facebook,Reel,2021-11-19,10886,10370,9617,130,351,60,2,166,Organic,0,Motivation,Day,
7679,Instagram,Video,2022-07-19,12690,10011,7986,55,179,321,48,163,Organic,0,Motivation,Night,
7680,YouTube,Story,2022-12-13,2381,1429,410,25,16,220,50,14,Organic,0,Promotion,Night,
7681,Facebook,Image,2024-11-24,9531,7060,4374,171,316,1533,240,118,Paid,4526,Entertainment,Day,
7682,Facebook,Video,2025-11-08,6975,4799,151,197,474,310,16,80,Organic,0,Awareness,Night,
7683,Facebook,Video,2022-09-19,12352,11329,4864,139,69,2648,462,168,Organic,0,Entertainment,Day,
7684,Instagram,Reel,2022-03-08,2841,1873,2,193,375,519,0,89,Paid,3205,Motivation,Night,
7685,YouTube,Story,2023-10-21,19004,15229,13674,219,213,1417,34,53,Paid,416,Promotion,Day,
7686,Instagram,Image,2025-06-26,18200,14791,2320,63,41,225,15,74,Paid,534,Motivation,Night,
7687,YouTube,Story,2022-04-27,15213,13087,6382,175,259,445,37,135,Organic,0,Promotion,Night,
7688,Facebook,Video,2024-05-21,8404,6669,6125,49,208,1651,186,137,Organic,0,Education,Night,
7689,YouTube,Image,2025-08-31,14602,11693,6679,83,85,2235,104,94,Organic,0,Entertainment,Night,
7690,YouTube,Video,2025-11-04,6017,3767,570,51,121,1112,192,30,Paid,952,Awareness,Night,
7691,YouTube,Story,2025-08-28,1685,1383,993,281,99,12,3,76,Paid,3961,Promotion,Night,
7692,Facebook,Reel,2021-01-13,10655,6981,2130,227,154,1089,203,9,Organic,0,Education,Night,
7693,Instagram,Story,2022-03-02,1507,1383,583,57,343,290,38,19,Organic,0,Education,Night,
7694,Instagram,Video,2025-10-03,16305,12805,9837,203,95,1542,219,127,Paid,1878,Entertainment,Night,
7695,YouTube,Story,2024-04-10,3869,2776,40,58,469,174,15,148,Organic,0,Promotion,Day,
7696,YouTube,Reel,2021-03-23,16836,16736,3353,200,173,3150,84,5,Organic,0,Awareness,Day,
7697,YouTube,Image,2023-07-31,17458,16260,10959,243,347,37,8,148,Organic,0,Awareness,Day,
7698,Facebook,Video,2021-06-05,2110,1977,1269,114,432,339,84,169,Organic,0,Awareness,Day,
7699,YouTube,Story,2024-05-19,18175,15289,5597,261,44,1752,63,7,Paid,2334,Motivation,Night,
7700,YouTube,Reel,2024-05-15,13932,13809,160,138,66,3851,382,51,Organic,0,Motivation,Day,
7701,YouTube,Story,2024-04-14,2084,1339,327,244,116,287,46,99,Organic,0,Promotion,Day,
7702,Instagram,Story,2023-06-18,4639,2943,1683,251,472,783,140,17,Organic,0,Awareness,Day,
7703,Facebook,Image,2021-11-17,7084,5010,2747,12,358,562,27,124,Organic,0,Education,Day,
7704,YouTube,Video,2021-09-13,9138,8948,5798,297,309,2114,319,59,Organic,0,Awareness,Day,
7705,YouTube,Story,2024-04-13,7119,4924,2087,134,14,371,33,153,Organic,0,Promotion,Night,
7706,Facebook,Reel,2024-03-20,14106,12002,11361,65,68,351,44,70,Organic,0,Awareness,Night,
7707,Instagram,Image,2024-10-14,2726,2639,269,282,96,394,89,159,Organic,0,Entertainment,Day,
7708,Instagram,Video,2025-12-08,19376,13001,4827,112,90,1427,411,170,Paid,4555,Awareness,Day,
7709,Instagram,Image,2022-07-27,3436,2295,248,176,39,494,43,94,Organic,0,Education,Night,
7710,YouTube,Image,2024-07-31,17768,12092,1865,231,481,227,67,66,Organic,0,Promotion,Night,
7711,YouTube,Story,2021-08-16,17820,10709,3669,265,367,2155,506,106,Paid,2710,Promotion,Day,
7712,YouTube,Video,2022-06-28,11057,10257,5865,237,30,803,38,178,Organic,0,Education,Day,
7713,Instagram,Reel,2025-04-19,8316,6753,2588,244,13,745,145,143,Paid,293,Promotion,Day,
7714,Instagram,Reel,2025-12-18,17138,16243,9852,0,358,1530,404,12,Organic,0,Awareness,Day,
7715,YouTube,Image,2025-12-19,9578,8647,2349,43,332,1763,73,101,Paid,1331,Promotion,Day,
7716,Instagram,Video,2024-12-09,8468,7046,3136,250,47,209,11,121,Paid,2716,Awareness,Night,
7717,YouTube,Reel,2023-10-16,13656,12084,2374,149,40,740,209,68,Organic,0,Promotion,Night,
7718,YouTube,Video,2021-11-28,2240,2148,845,6,281,169,26,25,Paid,1679,Awareness,Day,
7719,Instagram,Reel,2021-06-27,7766,5423,5220,62,428,38,9,119,Paid,1154,Awareness,Night,
7720,Instagram,Reel,2025-05-21,19912,13894,1480,35,361,2090,68,89,Organic,0,Education,Night,
7721,Instagram,Reel,2021-04-20,17912,15613,1305,117,301,1372,117,24,Organic,0,Education,Night,
7722,Instagram,Reel,2023-11-30,16160,10864,8669,230,476,2325,553,12,Organic,0,Motivation,Night,
7723,YouTube,Reel,2022-09-12,16116,10265,8314,240,343,861,20,62,Paid,4318,Education,Night,
7724,Facebook,Video,2025-02-27,14078,12577,230,247,416,,46,50,Organic,0,Awareness,Day,
7725,Facebook,Image,2021-11-19,16037,14673,14355,233,377,3497,576,35,Organic,0,Awareness,Day,
7726,Instagram,Reel,2025-05-23,2128,1896,764,125,431,473,135,97,Organic,0,Promotion,Night,
7727,Instagram,Video,2025-10-11,3150,2275,924,62,441,536,82,13,Organic,0,Promotion,Day,
7728,Facebook,Story,2024-01-06,16091,14791,13248,62,407,2139,256,19,Organic,0,Motivation,Night,
7729,YouTube,Reel,2024-10-06,12751,9720,4263,130,21,1151,87,98,Organic,0,Awareness,Night,
7730,Facebook,Story,2024-08-29,6741,5571,2714,32,4,1469,284,158,Paid,3754,Motivation,Day,
7731,YouTube,Image,2025-07-29,18220,15232,1572,0,456,1247,324,142,Organic,0,Awareness,Day,
7732,Instagram,Reel,2024-01-02,18146,16329,1313,173,308,3711,560,33,Organic,0,Education,Day,
7733,YouTube,Image,2024-11-30,15200,11474,11148,68,422,2761,406,84,Organic,0,Promotion,Day,
7734,Instagram,Reel,2023-10-18,12098,9313,8379,280,60,2045,507,40,Organic,0,Motivation,Day,
7735,YouTube,Reel,2023-01-25,15743,13007,4511,241,268,2199,230,88,Organic,0,Entertainment,Day,
7736,Instagram,Reel,2025-06-13,3611,2395,467,266,291,11,0,113,Organic,0,Awareness,Day,
7737,Facebook,Reel,2023-05-14,16739,12135,1474,214,286,3198,291,122,Organic,0,Education,Day,
7738,YouTube,Image,2024-10-14,3911,3771,1177,58,365,706,173,41,Organic,0,Entertainment,Day,
7739,Instagram,Video,2022-07-24,1619,1476,1227,192,147,24,4,90,Organic,0,Education,Night,
7740,YouTube,Image,2025-03-16,19871,19068,13951,33,435,1481,122,75,Organic,0,Education,Night,
7741,Facebook,Story,2025-05-21,1448,985,167,163,82,245,34,155,Paid,3191,Awareness,Day,
7742,YouTube,Reel,2023-08-09,9806,9398,1020,195,365,1675,431,173,Organic,0,Education,Day,
7743,YouTube,Image,2024-04-02,10713,10421,5778,98,174,814,176,97,Paid,2730,Motivation,Night,
7744,YouTube,Story,2022-02-22,18480,16444,6831,168,341,4621,1146,84,Paid,672,Entertainment,Day,
7745,YouTube,Image,2022-04-09,12839,8632,6106,137,100,965,97,106,Organic,0,Education,Day,
7746,Facebook,Reel,2023-05-01,5370,4224,2873,182,63,375,35,160,Paid,3189,Education,Day,
7747,YouTube,Image,2023-11-24,14711,13881,13309,242,246,4065,1129,170,Organic,0,Promotion,Day,
7748,Instagram,Video,2024-02-27,6173,3922,2056,262,280,630,58,163,Organic,0,Promotion,Day,
7749,Instagram,Image,2025-02-19,9945,6547,2591,213,144,953,56,18,Organic,0,Motivation,Day,
7750,Facebook,Reel,2025-06-06,12640,10528,8535,133,9,3005,223,121,Paid,715,Promotion,Day,
7751,Instagram,Story,2024-05-09,7657,5684,3038,136,476,997,221,77,Organic,0,Education,Day,
7752,Facebook,Story,2023-11-27,11034,6623,1224,174,110,855,201,1831,Paid,57145,Education,Day,
7753,YouTube,Video,2024-04-06,6292,5885,5126,283,15,386,50,94,Organic,0,Entertainment,Night,
7754,Facebook,Image,2025-09-08,3406,2243,716,58,333,663,171,33,Paid,2590,Promotion,Day,
7755,YouTube,Reel,2025-02-01,7219,6656,293,14,414,1113,96,53,Organic,0,Awareness,Day,
7756,Instagram,Reel,2022-12-01,12595,11063,10905,103,274,2568,662,175,Organic,0,Promotion,Night,
7757,YouTube,Video,2025-02-11,15051,14494,8930,219,35,1008,208,76,Organic,0,Education,Day,
7758,Instagram,Video,2024-10-18,4540,4534,3384,170,484,499,110,137,Organic,0,Entertainment,Day,
7759,YouTube,Story,2025-03-06,18726,11497,760,151,329,3202,369,46,Organic,0,Promotion,Day,
7760,YouTube,Video,2021-03-15,17187,14308,8398,270,154,1976,362,139,Paid,3695,Entertainment,Night,
7761,YouTube,Reel,2022-04-04,16072,12045,8624,160,181,261,49,46,Organic,0,Promotion,Night,
7762,Facebook,Video,2023-04-15,14316,10420,3010,114,171,942,216,168,Paid,2581,Motivation,Day,
7763,YouTube,Video,2024-09-08,5810,3865,482,285,89,1019,293,109,Organic,0,Education,Day,
7764,Facebook,Story,2021-02-26,18516,15810,1215,10,79,568,63,31,Paid,2914,Education,Day,
7765,Facebook,Video,2022-12-22,15856,10216,4345,235,444,2500,18,62,Organic,0,Awareness,Night,
7766,Instagram,Reel,2022-11-13,19838,15339,3984,111,18,420,90,50,Organic,0,Education,Night,
7767,Facebook,Story,2023-11-22,9374,7502,5948,136,101,1844,413,70,Paid,4340,Awareness,Day,
7768,Instagram,Story,2025-06-24,9555,8973,8290,79,312,2634,394,29,Organic,0,Education,Day,
7769,Instagram,Reel,2022-02-26,11623,9092,4068,112,479,1650,429,77,Organic,0,Promotion,Day,
7770,Instagram,Video,2022-07-12,1323,835,390,207,415,57,0,121,Organic,0,Promotion,Day,
7771,Instagram,Reel,2021-12-28,5966,4543,382,61,465,582,166,159,Organic,0,Motivation,Night,
7772,YouTube,Video,2025-03-21,5120,3437,367,69,300,590,3,133,Organic,0,Promotion,Day,
7773,Facebook,Video,2024-09-21,12270,8461,8110,149,50,211,62,91,Paid,4104,Entertainment,Day,
7774,Instagram,Reel,2025-08-20,10940,9729,7382,22,252,1425,213,78,Organic,0,Promotion,Night,
7775,Facebook,Image,2024-08-04,2219,1977,399,233,360,266,30,174,Organic,0,Awareness,Day,
7776,YouTube,Story,2023-02-05,13038,8486,5759,134,219,1045,120,157,Organic,0,Motivation,Night,
7777,Facebook,Story,2024-01-02,6418,4366,3753,207,198,312,87,129,Organic,0,Entertainment,Day,
7778,Facebook,Video,2022-09-21,2165,1356,1178,46,330,312,62,71,Organic,0,Entertainment,Day,
7779,Facebook,Video,2023-02-04,6050,5188,3021,51,152,220,28,10,Paid,304,Education,Night,
7780,Instagram,Video,2025-08-17,4164,3612,236,159,488,759,159,129,Paid,3823,Awareness,Night,
7781,YouTube,Story,2023-06-10,17698,15577,6334,288,188,3290,343,62,Organic,0,Promotion,Day,
7782,Instagram,Image,2025-10-25,9874,8669,7648,236,184,1114,305,74,Paid,892,Promotion,Night,
7783,YouTube,Story,2021-11-25,13077,11355,283,23,41,3125,68,57,Organic,0,Education,Night,
7784,Instagram,Video,2021-02-23,11743,8138,5152,45,182,732,156,70,Paid,3169,Promotion,Night,
7785,Facebook,Story,2024-04-30,1839,1597,349,11,50,220,21,62,Organic,0,Entertainment,Night,
7786,YouTube,Video,2025-05-11,5842,3952,2425,153,113,940,69,86,Organic,0,Promotion,Day,
7787,YouTube,Story,2023-11-27,9380,6340,693,280,334,383,3,91,Organic,0,Promotion,Day,
7788,YouTube,Story,2023-08-31,12778,11460,1808,122,491,1865,524,6,Organic,0,Entertainment,Night,
7789,Facebook,Image,2025-01-09,15611,10587,3701,161,252,851,20,154,Organic,0,Awareness,Day,
7790,YouTube,Image,2025-02-15,4262,3862,1910,130,295,434,99,41,Organic,0,Awareness,Night,
7791,Facebook,Story,2025-03-04,17297,14588,2671,164,273,2947,213,152,Organic,0,Entertainment,Day,
7792,Facebook,Story,2024-07-25,11445,8889,1964,161,138,1304,165,107,Organic,0,Entertainment,Night,
7793,Instagram,Reel,2021-04-21,4452,3268,2242,252,65,254,53,28,Organic,0,Motivation,Day,
7794,Instagram,Image,2023-11-16,10401,8167,5985,16,218,9,2,116,Organic,0,Motivation,Day,
7795,Facebook,Reel,2022-09-07,9622,8436,5943,25,290,486,76,3466,Organic,0,Promotion,Night,
7796,Instagram,Story,2025-05-19,13507,12847,11461,248,293,786,63,133,Organic,0,Promotion,Night,
7797,Facebook,Video,2021-02-04,2597,1764,876,103,293,334,45,121,Organic,0,Motivation,Day,
7798,Instagram,Video,2022-07-11,12133,11543,10280,164,459,1180,170,120,Paid,1075,Promotion,Day,
7799,Instagram,Video,2022-05-05,6927,6626,2082,242,210,796,88,109,Paid,3662,Awareness,Night,
7800,Instagram,Reel,2022-12-27,17461,10980,5125,27,181,2491,566,7,Organic,0,Awareness,Night,
7801,YouTube,Reel,2022-09-23,4203,3597,1875,185,185,485,70,50,Organic,0,Education,Day,
7802,Instagram,Reel,2021-09-12,9579,8345,5563,10,123,2008,54,59,Organic,0,Motivation,Day,
7803,Facebook,Reel,2023-02-19,7593,6307,2450,18,79,1179,125,79,Paid,2931,Awareness,Day,
7804,Instagram,Video,2022-12-10,4362,2869,2572,147,199,29,4,49,Organic,0,Education,Night,
7805,Facebook,Reel,2022-09-20,1862,1521,42,216,210,184,12,158,Organic,0,Entertainment,Day,
7806,Instagram,Image,2021-09-12,15320,10808,882,191,380,1269,308,81,Organic,0,Awareness,Day,
7807,Facebook,Video,2025-10-07,11591,10992,4275,183,172,1841,194,28,Organic,0,Education,Day,
7808,YouTube,Reel,2025-07-08,10691,7987,660,108,37,1705,190,39,Organic,0,Promotion,Night,
7809,YouTube,Video,2021-09-12,6096,3961,888,277,250,95,17,28,Organic,0,Education,Night,
7810,YouTube,Image,2021-02-23,16443,11431,8183,286,307,2976,561,32,Organic,0,Awareness,Day,
7811,Instagram,Video,2024-02-05,17925,11525,11363,213,441,2340,412,20,Organic,0,Promotion,Day,
7812,YouTube,Reel,2022-09-04,13634,11701,1448,221,164,2086,519,63,Organic,0,Promotion,Day,
7813,YouTube,Reel,2023-12-27,2064,1849,1004,71,403,218,28,148,Organic,0,Education,Day,
7814,Instagram,Story,2021-04-22,10614,6733,1632,117,143,221,34,19,Organic,0,Education,Day,
7815,Instagram,Image,2023-12-04,13340,13096,10754,125,263,2116,615,15,Paid,1804,Awareness,Night,
7816,YouTube,Image,2025-07-29,10236,8173,1457,188,369,2427,324,83,Organic,0,Promotion,Night,
7817,YouTube,Story,2022-11-20,17949,10872,8539,144,292,370,104,119,Organic,0,Motivation,Night,
7818,YouTube,Reel,2022-02-23,14540,9975,578,83,5,72,1,72,Organic,0,Education,Day,
7819,Facebook,Image,2023-02-17,4658,4269,495,56,251,1245,69,47,Organic,0,Motivation,Day,
7820,Instagram,Story,2024-11-13,8507,7182,2899,25,176,1453,165,73,Organic,0,Motivation,Night,
7821,Facebook,Image,2025-08-18,4118,3751,3474,192,479,1113,47,145,Organic,0,Promotion,Day,
7822,Instagram,Reel,2025-06-09,4004,3018,1211,156,116,163,24,142,Organic,0,Awareness,Day,
7823,Instagram,Video,2025-08-22,14497,12748,1422,8,256,1955,3,79,Organic,0,Motivation,Day,
7824,Instagram,Story,2024-08-12,2319,1445,1265,52,103,323,22,107,Organic,0,Awareness,Night,
7825,Instagram,Image,2024-04-28,11538,8408.385817,4356,71,190,1059,269,45,Organic,0,Education,Night,
7826,YouTube,Image,2022-03-16,5917,5563,4000,299,478,693,190,63,Organic,0,Promotion,Day,
7827,Instagram,Reel,2022-04-18,3299,1992,733,209,176,371,99,43,Organic,0,Entertainment,Day,
7828,Instagram,Reel,2022-02-10,13612,10001,5036,279,283,853,254,7,Organic,0,Promotion,Night,
7829,YouTube,Video,2025-04-06,3430,3322,690,128,90,61,0,11,Organic,0,Entertainment,Night,
7830,Instagram,Video,2023-08-05,1726,1108,796,203,450,67,14,53,Organic,0,Education,Night,
7831,Instagram,Image,2023-01-29,5353,4739,2423,152,56,1371,298,30,Organic,0,Awareness,Day,
7832,Facebook,Story,2022-09-29,4183,2773,715,47,247,749,128,165,Organic,0,Education,Day,
7833,Facebook,Story,2021-06-09,6748,6039,450,147,440,519,38,105,Paid,4668,Promotion,Night,
7834,Instagram,Video,2023-06-05,16494,14459,7154,35,322,706,51,83,Paid,668,Entertainment,Night,
7835,Facebook,Video,2024-09-30,14682,13109,10368,78,196,1206,301,6,Organic,0,Entertainment,Day,
7836,Facebook,Story,2023-07-14,8717,8056,709,156,179,2175,129,131,Organic,0,Promotion,Day,
7837,YouTube,Reel,2025-11-24,12277,7392,7307,23,308,1907,244,164,Organic,0,Promotion,Day,
7838,Facebook,Reel,2025-10-17,18084,14754,11540,140,430,380,28,136,Organic,0,Education,Day,
7839,YouTube,Image,2025-03-15,6568,6366,487,149,314,1119,184,24,Paid,761,Motivation,Day,
7840,Instagram,Image,2022-09-19,15608,14500,14401,107,412,1895,284,121,Paid,289,Entertainment,Night,
7841,Facebook,Image,2022-06-12,10651,9527,5541,290,62,1068,246,168,Paid,1606,Promotion,Day,
7842,Instagram,Reel,2021-05-25,9172,5906,1355,37,442,170,0,36,Organic,0,Education,Day,
7843,Instagram,Video,2024-04-12,18404,11806,2686,100,217,1438,386,32,Organic,0,Motivation,Day,
7844,Facebook,Reel,2021-03-09,19379,15942,3804,75,121,3373,393,81,Paid,1492,Awareness,Night,
7845,Facebook,Story,2024-09-06,13171,8730,2704,88,165,292,31,5,Organic,0,Promotion,Night,
7846,YouTube,Reel,2023-07-10,9667,8156,655,240,205,1172,185,60,Paid,3981,Motivation,Day,
7847,YouTube,Reel,2025-08-04,18886,16730,5188,142,240,841,14,39,Organic,0,Awareness,Day,
7848,YouTube,Story,2023-11-13,2764,2642,322,142,92,192,3,116,Organic,0,Awareness,Day,
7849,Facebook,Story,2022-07-19,8301,6777,5575,140,425,733,112,34,Organic,0,Education,Day,
7850,Facebook,Reel,2025-04-01,13258,8957,82,34,208,1808,237,58,Organic,0,Entertainment,Day,
7851,Instagram,Image,2023-03-15,12098,9406,8694,46,490,2079,466,40,Organic,0,Promotion,Night,
7852,Instagram,Story,2023-03-12,13175,12520,10420,47,404,301,53,84,Organic,0,Motivation,Day,
7853,YouTube,Video,2022-05-29,15370,10410,3550,222,27,2284,396,62,Organic,0,Awareness,Night,
7854,YouTube,Reel,2023-09-18,4726,3818,3340,64,310,190,19,87,Organic,0,Entertainment,Day,
7855,Facebook,Image,2021-07-22,10306,8891,5199,41,196,820,242,69,Organic,0,Awareness,Day,
7856,YouTube,Story,2024-09-17,10242,8525,4392,5,14,403,70,73,Organic,0,Promotion,Day,
7857,Facebook,Video,2023-11-27,18007,13467,10891,139,393,2975,230,132,Paid,3767,Promotion,Day,
7858,YouTube,Video,2024-11-20,6226,3812,3524,237,302,954,203,55,Organic,0,Education,Day,
7859,Facebook,Video,2022-11-06,18758,17755,7410,51,53,4846,872,26,Organic,0,Promotion,Night,
7860,Facebook,Image,2025-09-30,19218,18776,17017,39,170,4092,45,111,Paid,263,Promotion,Day,
7861,YouTube,Image,2024-10-27,15668,11537,7962,34,216,2842,598,113,Paid,1987,Promotion,Day,
7862,Facebook,Image,2024-10-15,11503,10452,7051,252,415,1933,50,120,Organic,0,Entertainment,Night,
7863,Instagram,Reel,2025-02-07,18918,15732,378,103,494,2702,121,105,Paid,1575,Motivation,Night,
7864,Facebook,Story,2024-09-02,19241,19173,15338,153,413,3011,149,104,Organic,0,Motivation,Night,
7865,YouTube,Story,2024-12-03,2977,1921,37,204,263,345,36,168,Organic,0,Promotion,Night,
7866,Facebook,Video,2024-01-18,19270,14346,1318,194,347,732,27,72,Organic,0,Motivation,Day,
7867,Facebook,Video,2022-07-11,17062,14620,9166,164,59,4013,408,40,Organic,0,Promotion,Day,
7868,Instagram,Story,2023-04-23,9270,8080,3752,51,356,1653,442,173,Paid,2942,Motivation,Day,
7869,YouTube,Reel,2021-02-19,13472,12763,1537,102,389,1296,148,150,Paid,1877,Motivation,Night,
7870,Facebook,Image,2022-02-07,10411,7756,4815,176,236,1576,286,26,Paid,3866,Awareness,Day,
7871,Facebook,Story,2024-07-24,4115,2919,1900,11,23,832,229,70,Paid,4064,Entertainment,Day,
7872,Facebook,Reel,2021-05-15,4484,3555,689,138,452,598,88,25,Organic,0,Awareness,Day,
7873,Instagram,Reel,2025-04-06,3032,2175,181,103,275,226,66,104,Organic,0,Awareness,Day,
7874,YouTube,Story,2023-03-15,4777,4713,21,293,202,605,119,132,Paid,1806,Motivation,Day,
7875,YouTube,Story,2021-11-25,7028,5946,4651,182,103,295,72,48,Paid,4156,Education,Day,
7876,YouTube,Story,2025-10-22,15489,12781,3265,92,366,688,30,107,Paid,3609,Education,Day,
7877,YouTube,Image,2025-06-21,15577,10406,6502,237,188,1799,139,51,Paid,3271,Entertainment,Day,
7878,Instagram,Image,2021-01-31,9984,9596,3504,8,123,2383,663,43,Organic,0,Promotion,Day,
7879,Instagram,Story,2023-08-26,15968,12231,11288,31,485,2728,247,33,Paid,3131,Motivation,Day,
7880,Facebook,Image,2021-01-09,17600,16851,4546,288,133,4231,417,58,Paid,4787,Entertainment,Night,
7881,YouTube,Story,2025-12-22,17918,11757,9485,214,249,3503,905,94,Paid,3913,Awareness,Day,
7882,Facebook,Video,2025-01-14,5881,4750,575,219,464,277,57,89,Organic,0,Motivation,Night,
7883,YouTube,Video,2023-12-08,7954,6623,2206,229,74,1420,315,21,Organic,0,Awareness,Day,
7884,Facebook,Reel,2023-12-23,1050,715,218,296,226,177,46,84,Organic,0,Entertainment,Day,
7885,Facebook,Image,2025-04-20,19432,19187,15600,19,441,3999,5,163,Organic,0,Education,Night,
7886,Instagram,Reel,2025-03-05,3264,2605,1095,145,127,683,43,77,Organic,0,Entertainment,Day,
7887,YouTube,Video,2022-03-21,3859,2405,88,109,206,129,36,53,Organic,0,Motivation,Day,
7888,Facebook,Reel,2021-03-14,16458,15224,11960,174,421,2162,36,105,Organic,0,Motivation,Night,
7889,Facebook,Reel,2025-06-13,9634,6382,883,263,437,1017,12,6,Organic,0,Promotion,Day,
7890,Instagram,Reel,2022-05-01,4996,4930,240,233,53,1116,31,146,Organic,0,Education,Day,
7891,Instagram,Story,2025-03-10,10888,8311,408,281,67,171,21,63,Organic,0,Motivation,Night,
7892,Facebook,Image,2025-12-25,17189,15530,8494,188,283,2933,702,101,Organic,0,Education,Day,
7893,Facebook,Story,2023-11-03,4172,3721,1705,224,132,1010,143,103,Organic,0,Motivation,Night,
7894,YouTube,Image,2022-01-25,18916,18558,8322,84,418,1279,87,107,Organic,0,Education,Day,
7895,Instagram,Video,2022-07-25,11967,7248,5706,248,149,1240,208,6,Organic,0,Entertainment,Day,
7896,Facebook,Story,2025-08-03,5544,4910,437,208,222,741,208,45,Organic,0,Education,Day,
7897,YouTube,Video,2021-02-22,3780,2575,1773,19,414,276,44,127,Organic,0,Awareness,Day,
7898,Facebook,Video,2022-07-08,4293,2896,2271,53,51,819,163,86,Paid,2105,Entertainment,Night,
7899,Facebook,Video,2022-01-01,14416,9081,376,299,480,1869,406,148,Organic,0,Motivation,Night,
7900,Instagram,Reel,2021-11-30,14100,13460,1513,192,287,2659,737,136,Organic,0,Motivation,Day,
7901,YouTube,Video,2021-02-08,9888,7852,3110,99,35,739,187,144,Paid,4069,Promotion,Night,
7902,Instagram,Story,2021-09-25,11223,7288,1756,93,299,142,37,33,Organic,0,Awareness,Day,
7903,Instagram,Image,2022-12-06,12707,10057,4675,75,486,17,5,139,Paid,3832,Promotion,Day,
7904,Facebook,Image,2021-09-10,19783,18491,5665,141,405,3226,762,18,Paid,997,Entertainment,Night,
7905,YouTube,Video,2024-10-14,16005,16003,8598,284,291,1126,251,16,Organic,0,Promotion,Day,
7906,Instagram,Image,2022-09-25,17082,10552,2328,8,107,1778,48,103,Organic,0,Entertainment,Day,
7907,YouTube,Video,2023-09-01,15513,11614,10928,223,348,1179,181,137,Organic,0,Promotion,Day,
7908,Facebook,Video,2025-10-13,16626,11613,4165,74,487,1153,75,85,Organic,0,Education,Day,
7909,Facebook,Video,2023-08-08,3998,2601,946,223,339,285,3,110,Organic,0,Entertainment,Day,
7910,Facebook,Video,2025-08-19,13465,10638,8103,29,98,2447,135,36,Organic,0,Entertainment,Night,
7911,Instagram,Video,2021-12-21,17961,17431,7215,135,73,1816,298,78,Paid,988,Education,Night,
7912,Instagram,Reel,2024-09-28,10753,10460,2100,65,161,232,53,175,Organic,0,Education,Day,
7913,Instagram,Video,2025-01-23,15584,15573,13003,14,143,796,107,85,Organic,0,Awareness,Day,
7914,YouTube,Story,2025-08-12,17416,16231,1920,136,113,4680,737,73,Organic,0,Education,Day,
7915,Instagram,Image,2022-09-23,10202,9343,3575,246,40,1489,219,49,Organic,0,Promotion,Day,
7916,YouTube,Image,2025-02-08,17403,10785,3397,123,181,368,17,110,Organic,0,Education,Night,
7917,Facebook,Image,2024-06-08,17190,13236,10151,139,305,2607,592,141,Organic,0,Education,Night,
7918,Instagram,Image,2023-08-02,16321,12376,4592,193,337,3664,828,165,Organic,0,Entertainment,Night,
7919,Instagram,Video,2023-06-23,14830,12961,3600,154,359,1544,203,104,Paid,2151,Entertainment,Night,
7920,Facebook,Story,2024-04-11,17725,11480,198,108,85,1609,469,150,Organic,0,Education,Night,
7921,Facebook,Story,2023-05-17,10887,7693,6085,180,102,661,28,13,Organic,0,Awareness,Day,
7922,YouTube,Video,2024-07-23,5449,4431,2508,204,48,587,176,66,Organic,0,Entertainment,Day,
7923,YouTube,Story,2023-11-19,1432,875,635,21,428,145,36,33,Organic,0,Promotion,Day,
7924,Facebook,Reel,2025-04-15,2729,2321,1730,187,38,514,25,129,Organic,0,Promotion,Night,
7925,Facebook,Video,2022-10-23,10595,9636,8797,116,246,2380,58,118,Paid,1610,Education,Day,
7926,Facebook,Video,2023-07-26,14524,11609,595,164,234,837,158,157,Paid,1337,Education,Day,
7927,YouTube,Video,2021-07-06,18658,12968,8158,183,18,3135,261,147,Organic,0,Awareness,Day,
7928,Instagram,Video,2022-07-12,11875,7607,1716,220,500,866,165,138,Organic,0,Education,Night,
7929,Instagram,Reel,2025-12-28,10019,6164,5964,76,352,257,77,124,Organic,0,Motivation,Night,
7930,Instagram,Video,2024-04-14,2428,2137,783,51,74,574,85,174,Organic,0,Motivation,Day,
7931,Facebook,Story,2023-01-01,4171,3239,2336,88,467,344,73,161,Organic,0,Education,Night,
7932,YouTube,Image,2023-06-19,9781,6155,3206,173,165,1244,355,83,Organic,0,Motivation,Day,
7933,Facebook,Video,2021-08-30,8101,6412,894,240,392,1659,23,97,Organic,0,Promotion,Night,
7934,Facebook,Reel,2021-04-01,1009,709,154,181,102,33,8,8,Organic,0,Education,Day,
7935,Instagram,Story,2025-11-30,18606,12799,11393,62,240,1625,36,86,Paid,4836,Promotion,Day,
7936,Instagram,Story,2024-09-02,19990,13272,1200,159,427,3371,72,1549,Paid,28245,Promotion,Day,
7937,Instagram,Image,2021-07-23,18872,12311,9060,255,486,3582,129,79,Organic,0,Motivation,Day,
7938,YouTube,Image,2023-10-08,6824,5647,118,88,62,236,15,18,Organic,0,Awareness,Night,
7939,YouTube,Reel,2022-12-18,13284,9681,5939,166,321,2232,263,135,Paid,2946,Promotion,Night,
7940,Facebook,Video,2022-02-12,14017,12189,2487,60,103,916,45,118,Organic,0,Motivation,Day,
7941,Facebook,Image,2022-06-07,3441,2442,1554,198,65,317,25,66,Paid,4668,Awareness,Day,
7942,YouTube,Story,2022-01-01,4645,3199,929,141,488,944,193,110,Organic,0,Motivation,Night,
7943,YouTube,Story,2021-01-05,9449,5728,3433,57,356,1562,196,68,Organic,0,Motivation,Day,
7944,Instagram,Story,2024-02-07,5296,3215,1055,231,190,351,91,106,Organic,0,Education,Day,
7945,YouTube,Image,2021-05-07,8204,7457,2426,264,55,819,108,177,Paid,4306,Entertainment,Day,
7946,YouTube,Reel,2022-04-28,7621,7378,3511,140,32,773,94,110,Organic,0,Awareness,Night,
7947,Facebook,Video,2021-03-02,15519,12179,7345,179,197,454,128,24,Organic,0,Motivation,Night,
7948,Instagram,Reel,2022-11-03,13042,12210,8294,218,285,581,86,62,Organic,0,Promotion,Night,
7949,Instagram,Image,2024-10-24,13311,8708,34,173,2,577,50,116,Paid,1773,Promotion,Day,
7950,Facebook,Video,2024-12-09,16705,16674,15769,65,289,1685,21,61,Paid,660,Entertainment,Night,
7951,YouTube,Image,2023-03-03,9196,8313,6980,206,226,2166,321,123,Paid,3506,Awareness,Day,
7952,YouTube,Image,2025-03-14,7349,4809,2023,104,278,437,103,101,Paid,2502,Education,Day,
7953,YouTube,Video,2023-09-30,19918,15709,10954,40,92,2736,315,96,Organic,0,Awareness,Night,
7954,Instagram,Reel,2024-12-26,3736,2829,2531,116,291,201,54,56,Organic,0,Promotion,Night,
7955,Facebook,Reel,2021-12-15,9505,6363,4363,261,61,1840,455,41,Organic,0,Promotion,Night,
7956,Instagram,Video,2024-07-03,12508,10917,4814,27,89,1507,380,12,Organic,0,Education,Night,
7957,Instagram,Image,2022-09-17,19194,16904,610,196,143,3806,576,48,Paid,408,Education,Night,
7958,Instagram,Reel,2022-11-22,18791,11918,10123,79,137,842,61,102,Paid,466,Promotion,Night,
7959,YouTube,Image,2025-05-06,10305,7253,4475,264,159,949,166,137,Organic,0,Motivation,Night,
7960,YouTube,Image,2025-06-26,8054,7935,217,200,358,1014,302,122,Organic,0,Motivation,Day,
7961,YouTube,Reel,2024-12-11,5750,5179,5080,56,306,402,69,73,Paid,1787,Education,Day,
7962,Facebook,Image,2024-11-08,5499,4510,2282,181,404,963,257,163,Organic,0,Motivation,Night,
7963,Facebook,Video,2025-01-07,9402,8936,3147,62,332,,214,49,Organic,0,Education,Night,
7964,Facebook,Reel,2023-01-09,18776,14635,7779,159,474,4131,789,141,Organic,0,Awareness,Day,
7965,Facebook,Image,2021-12-28,17915,11682,4830,164,497,3357,646,36,Organic,0,Awareness,Night,
7966,Facebook,Story,2021-09-13,10326,7259,4950,41,487,1886,507,37,Organic,0,Awareness,Day,
7967,Facebook,Reel,2021-08-15,4986,4268,3270,152,158,1202,134,130,Organic,0,Education,Night,
7968,YouTube,Story,2021-07-17,15595,13213,5087,22,375,658,148,71,Organic,0,Education,Night,
7969,Facebook,Video,2025-05-16,4809,4517,1448,101,45,523,114,34,Paid,2544,Motivation,Day,
7970,Facebook,Reel,2022-12-24,13353,8914,8456,132,352,1932,146,118,Organic,0,Motivation,Night,
7971,Facebook,Video,2021-08-29,9597,9506,4335,184,166,698,113,33,Organic,0,Motivation,Night,
7972,Instagram,Video,2024-03-03,3998,2757,660,55,325,555,155,135,Paid,4888,Entertainment,Night,
7973,Instagram,Story,2022-09-24,16643,12490,6942,117,200,3079,653,34,Organic,0,Education,Night,
7974,Instagram,Video,2025-05-24,12203,8337,4965,234,21,2063,222,141,Organic,0,Awareness,Day,
7975,Facebook,Reel,2024-09-05,6375,4614,2971,11,192,928,63,158,Paid,1091,Awareness,Day,
7976,YouTube,Story,2021-01-16,17697,12135,8427,61,399,454,35,134,Organic,0,Entertainment,Night,
7977,Instagram,Story,2024-09-10,8872,8479,1359,221,324,2527,644,66,Paid,1405,Entertainment,Night,
7978,YouTube,Story,2022-06-26,6964,5259,2966,259,289,766,38,7,Organic,0,Awareness,Day,
7979,YouTube,Story,2024-05-04,16266,11182,5866,80,434,954,185,178,Organic,0,Education,Day,
7980,Instagram,Video,2023-06-18,6554,6390,1491,186,322,319,78,72,Organic,0,Awareness,Day,
7981,Instagram,Story,2025-07-15,19067,13762,4667,69,80,2909,573,29,Organic,0,Awareness,Day,
7982,Instagram,Reel,2025-01-25,2246,1676,1606,295,56,150,32,145,Paid,3174,Entertainment,Night,
7983,Instagram,Reel,2023-04-04,7088,6711,2035,187,346,1032,288,48,Organic,0,Entertainment,Day,
7984,YouTube,Reel,2025-03-09,8723,7100,1688,26,1,117,27,2021,Paid,149198,Motivation,Day,
7985,Facebook,Story,2025-10-27,3433,2961,1458,244,406,87,19,59,Paid,4743,Entertainment,Night,
7986,Instagram,Video,2025-12-16,15095,10604,6438,211,64,543,152,141,Organic,0,Awareness,Day,
7987,Instagram,Story,2024-07-25,3312,2699,2283,192,105,707,108,134,Paid,1977,Motivation,Night,
7988,YouTube,Video,2021-04-15,17279,12682,3483,211,201,3344,503,45,Organic,0,Awareness,Day,
7989,Facebook,Video,2024-09-29,8973,8899,2088,197,320,2115,437,176,Organic,0,Education,Night,
7990,Facebook,Story,2022-11-15,17756,14380,325,170,115,954,233,68,Paid,1038,Education,Day,
7991,Instagram,Story,2023-04-13,3187,3000,747,95,259,641,141,35,Organic,0,Entertainment,Day,
7992,YouTube,Image,2025-02-11,17850,15942,2570,236,139,3842,799,51,Organic,0,Motivation,Day,
7993,Instagram,Video,2025-12-03,14674,9278,0,191,443,42,3,134,Organic,0,Promotion,Night,
7994,Facebook,Image,2025-07-06,19378,19345,919,120,190,4562,353,100,Organic,0,Education,Day,
7995,Instagram,Image,2024-04-19,3907,3320,1056,173,7,88,18,81,Organic,0,Education,Day,
7996,Instagram,Story,2023-05-25,1665,1617,103,242,337,244,6,114,Organic,0,Education,Night,
7997,YouTube,Story,2022-10-19,3352,3321,1712,54,49,177,43,73,Organic,0,Education,Day,
7998,Instagram,Video,2022-01-09,11644,9677,2252,224,286,2563,342,62,Organic,0,Entertainment,Night,
7999,YouTube,Video,2024-02-06,7045,4447,1876,15,457,232,46,110,Organic,0,Motivation,Day,
8000,YouTube,Video,2022-01-26,17841,16045,12589,222,326,1870,359,48,Organic,0,Education,Day,
8001,YouTube,Reel,2021-09-18,11593,7965,2153,167,405,1443,411,78,Organic,0,Entertainment,Day,
8002,YouTube,Reel,2025-05-27,2794,2541,1999,196,196,29,7,60,Paid,4098,Motivation,Day,
8003,YouTube,Image,2025-11-28,16320,9891,163,219,27,2692,574,175,Organic,0,Motivation,Day,
8004,Instagram,Video,2021-02-27,12255,7843,721,276,117,1719,296,131,Organic,0,Promotion,Day,
8005,Facebook,Video,2021-02-15,6832,6358,5401,150,371,1495,141,166,Organic,0,Awareness,Day,
8006,YouTube,Reel,2022-07-14,10189,6279,2631,115,51,930,10,34,Organic,0,Education,Night,
8007,Instagram,Image,2025-11-05,15893,11092,1788,179,461,3025,149,75,Organic,0,Entertainment,Night,
8008,Facebook,Video,2024-08-26,12740,8924,1093,127,476,635,74,122,Paid,3549,Motivation,Night,
8009,YouTube,Reel,2025-08-14,9536,6044,3398,281,289,601,141,2582,Paid,84829,Promotion,Day,
8010,YouTube,Story,2024-11-25,5366,4794,1429,241,122,757,138,71,Paid,4880,Awareness,Night,
8011,Facebook,Story,2025-06-02,18589,12829,6682,13,366,3479,839,145,Paid,2586,Motivation,Day,
8012,Instagram,Story,2025-03-28,14410,13649,7193,26,491,1099,166,7,Organic,0,Motivation,Night,
8013,Facebook,Image,2023-10-04,8052,5161,2706,289,53,1268,191,30,Organic,0,Education,Day,
8014,Instagram,Story,2025-11-18,6912,6736,5052,111,2,499,64,61,Paid,4812,Awareness,Night,
8015,Facebook,Story,2023-07-20,16168,15042,4103,31,376,2530,336,130,Organic,0,Awareness,Night,
8016,Instagram,Video,2025-07-31,6525,4872,2536,197,421,119,30,156,Paid,320,Entertainment,Night,
8017,YouTube,Video,2023-05-15,11808,7343,624,259,127,612,142,57,Paid,4045,Promotion,Night,
8018,Facebook,Video,2021-03-06,15567,12687,8959,276,49,3420,137,47,Paid,3084,Entertainment,Day,
8019,YouTube,Story,2021-08-15,8177,6842,3760,1,260,225,14,53,Organic,0,Promotion,Night,
8020,YouTube,Reel,2022-10-10,9771,6997,2859,207,240,1036,130,46,Paid,4338,Entertainment,Day,
8021,Instagram,Video,2024-10-25,5386,3597,354,3,290,131,36,15,Organic,0,Promotion,Day,
8022,Facebook,Reel,2022-12-26,9930,7441,580,208,174,540,102,107,Organic,0,Education,Day,
8023,Facebook,Video,2021-12-20,12688,8337,2,3,272,1228,222,102,Organic,0,Promotion,Night,
8024,Instagram,Story,2024-08-08,17789,15114,12201,54,157,4268,965,150,Paid,690,Entertainment,Day,
8025,YouTube,Story,2021-11-24,8863,7192,2670,219,403,1823,169,89,Paid,3245,Awareness,Day,
8026,YouTube,Story,2022-01-24,19987,19894,18471,118,181,5939,1402,104,Organic,0,Motivation,Day,
8027,YouTube,Reel,2023-10-06,10415,6837,3796,213,441,183,46,108,Organic,0,Promotion,Night,
8028,YouTube,Reel,2025-01-19,3363,3227,1833,241,231,691,155,50,Organic,0,Promotion,Night,
8029,YouTube,Story,2025-06-13,9095,5819,5655,98,400,199,0,48,Paid,2417,Awareness,Day,
8030,YouTube,Story,2022-03-26,15896,14938,8909,160,58,2608,594,26,Organic,0,Education,Day,
8031,YouTube,Video,2022-07-16,12368,7977,4054,135,472,1210,294,118,Organic,0,Entertainment,Day,
8032,Instagram,Video,2024-04-18,15142,12959,1705,268,495,550,58,129,Organic,0,Education,Day,
8033,YouTube,Image,2025-03-13,17543,11708,6189,16,165,394,96,128,Organic,0,Promotion,Night,
8034,Facebook,Image,2024-01-02,19937,19503,1477,128,73,2977,325,34,Organic,0,Promotion,Day,
8035,Instagram,Image,2023-08-18,13076,9674,7839,127,67,2835,448,12,Organic,0,Education,Day,
8036,YouTube,Image,2023-02-22,13230,10159,124,90,280,2406,401,102,Paid,2486,Entertainment,Night,
8037,YouTube,Reel,2023-10-12,16386,11589,9008,14,184,3082,814,61,Paid,2951,Promotion,Day,
8038,Facebook,Image,2023-04-06,15933,10515,2947,196,344,638,29,115,Organic,0,Promotion,Night,
8039,Instagram,Reel,2022-01-07,13650,12469,4343,86,268,2583,704,77,Paid,1141,Education,Night,
8040,Instagram,Story,2021-12-15,19473,18803,9543,148,201,481,67,119,Organic,0,Motivation,Day,
8041,Facebook,Story,2023-12-16,1097,980,959,259,497,206,32,24,Organic,0,Awareness,Day,
8042,Facebook,Reel,2021-06-07,8838,5898,1545,16,471,144,39,29,Organic,0,Promotion,Day,
8043,Facebook,Story,2023-09-07,10106,7280,1722,153,490,518,24,23,Organic,0,Entertainment,Day,
8044,Instagram,Video,2022-05-31,18432,17440,9280,159,212,2837,426,9,Paid,1402,Motivation,Day,
8045,Facebook,Story,2024-11-03,6516,4966,790,207,477,50,9,79,Organic,0,Education,Night,
8046,Instagram,Video,2025-04-22,8068,5215,3988,28,27,869,197,132,Organic,0,Education,Night,
8047,YouTube,Story,2024-04-15,3044,2278,1805,136,408,224,56,76,Paid,4732,Entertainment,Day,
8048,Facebook,Image,2023-05-22,5096,3296,87,191,446,135,2,159,Organic,0,Motivation,Night,
8049,Instagram,Image,2024-01-02,17404,10656,9723,3,385,2841,851,44,Paid,513,Entertainment,Day,
8050,Facebook,Video,2023-10-23,5317,3586,1797,72,141,1019,26,30,Paid,4314,Promotion,Night,
8051,YouTube,Image,2022-04-27,5927,3810,3568,236,74,977,168,31,Organic,0,Motivation,Day,
8052,Instagram,Image,2025-05-06,5965,5132,1848,142,317,1225,216,87,Paid,321,Awareness,Day,
8053,YouTube,Video,2023-06-13,11325,11071,5320,18,22,2852,805,132,Organic,0,Awareness,Night,
8054,Facebook,Video,2022-07-10,18341,14048,11663,149,353,2642,777,174,Organic,0,Entertainment,Day,
8055,Facebook,Reel,2023-10-14,13742,11113,1810,73,225,276,55,161,Organic,0,Awareness,Day,
8056,Instagram,Video,2021-10-18,3135,3115,1978,62,262,872,163,171,Organic,0,Entertainment,Day,
8057,YouTube,Image,2023-11-01,14728,12688,2298,13,34,246,55,173,Paid,4168,Promotion,Day,
8058,Instagram,Video,2022-06-16,15320,11283,4037,112,68,2217,322,37,Organic,0,Promotion,Night,
8059,Facebook,Image,2024-04-13,11687,11549,3420,129,283,375,89,101,Organic,0,Entertainment,Night,
8060,Facebook,Reel,2022-09-14,3951,2837,1572,73,500,18,0,115,Paid,1929,Promotion,Day,
8061,YouTube,Story,2024-03-07,13189,13171,4026,122,3,3768,800,20,Organic,0,Awareness,Day,
8062,Instagram,Image,2024-01-09,12259,11914,2708,144,1,3227,82,27,Organic,0,Promotion,Day,
8063,YouTube,Video,2021-07-09,10199,9897,572,222,496,1755,387,139,Organic,0,Awareness,Night,
8064,YouTube,Image,2023-11-06,3132,3051,375,270,313,355,95,30,Paid,4421,Awareness,Day,
8065,Facebook,Image,2024-11-26,7642,7516,2656,98,219,608,146,100,Organic,0,Education,Night,
8066,Facebook,Video,2021-02-05,13612,9091,9067,36,287,1224,182,16,Organic,0,Promotion,Night,
8067,Instagram,Story,2022-04-11,16714,14608,12325,103,197,2974,58,76,Organic,0,Promotion,Day,
8068,YouTube,Image,2022-08-07,3451,2432,399,269,493,347,8,137,Organic,0,Entertainment,Day,
8069,Facebook,Reel,2022-11-03,3606,2430,273,79,41,319,8,110,Paid,2207,Entertainment,Night,
8070,YouTube,Video,2022-02-28,8868,8557,6329,19,407,869,232,121,Organic,0,Motivation,Day,
8071,Instagram,Story,2024-04-22,8697,7879,7759,236,116,654,129,30,Organic,0,Awareness,Day,
8072,Facebook,Story,2023-06-12,16336,15884,10542,52,11,3781,752,137,Organic,0,Education,Night,
8073,YouTube,Image,2021-10-10,19025,16250,2070,172,311,2523,378,26,Paid,3407,Awareness,Night,
8074,Instagram,Story,2023-10-12,9928,9004,4897,40,98,25,3,17,Paid,906,Promotion,Day,
8075,Instagram,Story,2025-11-06,8754,5347,2957,79,365,1214,262,160,Organic,0,Motivation,Day,
8076,Facebook,Story,2025-11-09,5428,4789,1026,86,260,663,74,165,Organic,0,Awareness,Day,
8077,Instagram,Reel,2022-04-27,12177,7888,1211,179,451,1061,46,111,Organic,0,Motivation,Night,
8078,YouTube,Reel,2025-10-21,11331,11122,3458,97,474,3171,441,27,Organic,0,Awareness,Night,
8079,Facebook,Reel,2021-07-23,7997,4842,883,39,63,712,109,101,Organic,0,Promotion,Night,
8080,Instagram,Image,2024-11-27,8999,7416,5873,27,261,572,52,22,Organic,0,Promotion,Night,
8081,Facebook,Reel,2025-01-27,6911,4656,1243,39,416,432,94,121,Organic,0,Awareness,Day,
8082,Facebook,Reel,2024-03-18,4840,3060,2714,25,259,106,1,34,Paid,2999,Education,Day,
8083,YouTube,Video,2022-02-28,16796,14867,3084,264,412,1747,224,30,Organic,0,Promotion,Day,
8084,YouTube,Reel,2021-11-28,3701,3510,2301,288,208,865,10,148,Paid,2274,Entertainment,Night,
8085,Instagram,Reel,2021-09-02,17595,15765,3341,162,472,968,279,43,Organic,0,Education,Day,
8086,Instagram,Video,2022-05-24,18016,14263,5936,277,268,1468,277,165,Paid,1465,Awareness,Night,
8087,Facebook,Video,2023-06-12,15808,13465,7492,208,284,2699,607,158,Organic,0,Education,Night,
8088,Instagram,Image,2022-07-27,17218,14990,4280,139,81,421,22,170,Organic,0,Entertainment,Night,
8089,Facebook,Image,2023-12-21,7541,7211,2226,263,139,1410,294,134,Paid,1527,Promotion,Night,
8090,Instagram,Video,2025-05-02,1925,1862,1803,74,295,190,43,117,Organic,0,Promotion,Day,
8091,YouTube,Reel,2022-06-08,2324,2220,1079,283,298,496,95,138,Organic,0,Promotion,Day,
8092,Instagram,Reel,2023-08-08,19102,11763,6580,97,331,371,38,50,Organic,0,Entertainment,Day,
8093,Facebook,Image,2023-01-02,4531,3405,1706,268,368,917,200,54,Paid,1615,Education,Day,
8094,Instagram,Story,2025-09-06,4495,3256,1394,141,166,55,7,170,Organic,0,Awareness,Day,
8095,YouTube,Image,2024-08-28,8919,7076,1556,111,133,1862,192,110,Paid,960,Awareness,Day,
8096,YouTube,Video,2024-10-03,12291,11018,7765,183,426,238,64,150,Organic,0,Education,Night,
8097,Instagram,Story,2024-12-12,13379,11369,10812,217,199,3298,88,3483,Organic,0,Promotion,Day,
8098,YouTube,Story,2024-04-13,13227,12191,7710,62,25,2733,274,173,Organic,0,Awareness,Night,
8099,Instagram,Video,2021-07-16,16839,10457,2881,85,337,1573,59,76,Organic,0,Promotion,Day,
8100,YouTube,Image,2023-05-06,8014,7431,2873,266,171,1390,301,78,Organic,0,Motivation,Night,
8101,Instagram,Video,2024-04-17,12531,8940,4929,147,109,728,194,21,Organic,0,Motivation,Day,
8102,Instagram,Image,2023-11-19,15251,9302,1086,272,55,1111,273,161,Organic,0,Awareness,Day,
8103,Instagram,Image,2025-03-12,17244,12674,6597,267,487,1323,225,74,Organic,0,Education,Day,
8104,Instagram,Video,2025-06-18,5259,4925,297,259,297,1334,109,154,Organic,0,Education,Night,
8105,Instagram,Story,2022-03-29,16611,11883,10089,17,238,2655,48,10,Paid,2576,Education,Day,
8106,Instagram,Reel,2025-07-16,16348,12060,3197,152,477,1735,448,30,Paid,3441,Promotion,Night,
8107,Instagram,Story,2022-10-19,1212,1017,808,15,56,233,6,171,Paid,2191,Motivation,Night,
8108,Instagram,Reel,2025-05-07,7537,5368,730,240,371,398,104,144,Organic,0,Promotion,Day,
8109,Instagram,Reel,2024-06-28,5393,5229,791,256,259,1432,147,103,Paid,2585,Entertainment,Day,
8110,YouTube,Image,2025-04-13,12671,9522,2035,24,62,1054,10,146,Organic,0,Entertainment,Night,
8111,YouTube,Reel,2023-02-20,11868,11385,3408,42,23,1310,77,26,Organic,0,Awareness,Day,
8112,Instagram,Story,2023-08-20,15579,15103,6861,72,494,4261,689,55,Paid,738,Entertainment,Night,
8113,YouTube,Video,2021-10-03,2048,1608,184,265,214,429,74,155,Paid,2057,Education,Day,
8114,Instagram,Reel,2021-12-04,13863,12500,12175,155,23,708,120,108,Organic,0,Awareness,Night,
8115,Facebook,Image,2022-08-03,3607,3207,2935,225,370,558,23,93,Organic,0,Motivation,Night,
8116,Facebook,Reel,2025-08-10,9392,6077,3794,40,331,1125,38,145,Organic,0,Motivation,Night,
8117,Facebook,Story,2021-08-14,12659,8440,2777,275,286,792,192,142,Organic,0,Entertainment,Day,
8118,Instagram,Reel,2022-03-25,5594,5268,4883,134,221,849,178,13,Paid,1810,Entertainment,Night,
8119,Facebook,Image,2023-12-26,8635,6701,5216,275,388,914,53,83,Organic,0,Motivation,Night,
8120,Instagram,Story,2022-04-18,7453,5770,2726,235,56,573,120,56,Paid,4663,Entertainment,Day,
8121,Facebook,Image,2022-06-25,11198,10381,9756,103,63,757,114,134,Organic,0,Entertainment,Night,
8122,YouTube,Reel,2021-09-20,18692,11426,6946,226,262,1811,75,157,Paid,4875,Promotion,Day,
8123,Instagram,Story,2022-11-11,4379,4027,3838,81,425,296,13,17,Paid,4951,Motivation,Night,
8124,Facebook,Image,2024-10-31,8190,6711,3703,10,138,502,150,55,Organic,0,Motivation,Night,
8125,Facebook,Image,2024-01-12,4374,3136,343,110,202,852,172,38,Organic,0,Entertainment,Day,
8126,Facebook,Video,2023-01-24,9847,6705,3264,124,65,308,31,39,Paid,4319,Education,Day,
8127,Instagram,Story,2025-04-01,17572,14292,11791,256,146,3700,656,3298,Organic,0,Promotion,Night,
8128,YouTube,Video,2021-11-04,2228,2199,1991,266,265,15,2,124,Organic,0,Education,Day,
8129,YouTube,Image,2021-01-10,11937,10923,6844,199,351,1668,363,74,Organic,0,Entertainment,Night,
8130,Facebook,Reel,2024-04-05,15491,13982,8084,275,344,1676,421,151,Organic,0,Motivation,Night,
8131,Facebook,Image,2021-03-07,7379,6018,4764,,305,1307,365,71,Paid,2278,Education,Day,
8132,Facebook,Reel,2025-02-16,2361,2147,67,255,337,580,124,107,Organic,0,Awareness,Day,
8133,YouTube,Video,2023-12-02,19889,16123,1771,96,206,1921,249,77,Paid,4081,Education,Day,
8134,Facebook,Story,2021-06-17,5269,4309,1227,193,133,11,1,120,Organic,0,Motivation,Night,
8135,Instagram,Reel,2022-10-21,13951,12316,11917,91,74,1171,129,137,Paid,4345,Entertainment,Day,
8136,Instagram,Image,2024-08-21,11778,7250,6034,267,442,1496,156,71,Organic,0,Education,Day,
8137,Facebook,Video,2025-11-23,18059,17633,12266,295,169,2358,512,143,Organic,0,Entertainment,Night,
8138,YouTube,Reel,2021-01-16,9587,7714,4367,291,376,1174,92,125,Organic,0,Promotion,Day,
8139,Instagram,Video,2024-09-17,5889,4452,2426,89,435,622,56,98,Paid,1930,Awareness,Day,
8140,YouTube,Reel,2021-05-04,10315,7766,7457,236,443,2061,526,133,Organic,0,Motivation,Day,
8141,Facebook,Story,2021-11-18,6836,6804,6773,16,400,558,155,95,Paid,3173,Motivation,Day,
8142,YouTube,Story,2023-10-04,19735,15142,3828,238,161,3434,648,96,Organic,0,Entertainment,Day,
8143,YouTube,Video,2023-09-20,4575,3105,1301,292,347,154,0,67,Organic,0,Awareness,Day,
8144,YouTube,Reel,2023-02-26,18808,16473,6025,76,137,390,42,33,Paid,2181,Motivation,Day,
8145,Facebook,Video,2021-12-12,17253,15691,3879,97,237,290,29,16,Organic,0,Education,Day,
8146,Facebook,Story,2023-03-07,18513,18285,336,209,142,138,3,81,Organic,0,Motivation,Night,
8147,Instagram,Story,2024-02-22,5863,5861,3000,20,224,1681,118,45,Organic,0,Education,Night,
8148,Facebook,Reel,2024-11-11,7188,5029,1048,153,136,15,0,134,Organic,0,Motivation,Day,
8149,YouTube,Video,2023-02-25,4970,3432,2096,189,162,80,20,41,Organic,0,Education,Day,
8150,YouTube,Image,2024-03-31,16921,10600,4172,0,414,1144,62,177,Organic,0,Promotion,Day,
8151,YouTube,Video,2025-09-17,13520,10357,8343,69,93,403,47,28,Organic,0,Entertainment,Day,
8152,Facebook,Reel,2024-10-05,6575,5122,4727,190,31,230,28,103,Paid,2053,Promotion,Day,
8153,YouTube,Reel,2022-01-02,3553,2183,495,111,291,130,15,154,Paid,4795,Education,Night,
8154,Facebook,Video,2022-10-07,19928,17178,9277,95,253,1112,276,104,Organic,0,Entertainment,Day,
8155,YouTube,Story,2021-10-09,8649,6487,6402,43,200,74,5,143,Organic,0,Awareness,Day,
8156,Facebook,Story,2021-06-22,4050,2537,916,72,493,706,194,3175,Organic,0,Education,Night,
8157,Facebook,Story,2023-09-09,4009,2405,733,276,45,336,78,178,Paid,1676,Motivation,Night,
8158,Facebook,Story,2024-12-28,10610,8387,2001,292,239,1325,61,33,Organic,0,Motivation,Night,
8159,YouTube,Video,2023-04-13,18607,18281,3476,52,55,710,124,167,Organic,0,Awareness,Day,
8160,Instagram,Image,2025-07-25,12396,9700,849,40,341,856,58,147,Paid,1530,Promotion,Day,
8161,Facebook,Reel,2024-10-12,10580,7246,6677,14,208,5,1,64,Organic,0,Education,Day,
8162,Facebook,Video,2021-10-26,9597,8479,419,280,96,1425,194,99,Paid,1349,Motivation,Day,
8163,Instagram,Reel,2025-04-20,6781,6094,5309,288,498,390,55,46,Organic,0,Entertainment,Day,
8164,Facebook,Reel,2023-02-04,7703,7119,420,161,193,1866,133,692,Organic,0,Awareness,Night,
8165,Facebook,Video,2023-08-09,12494,10871,6973,227,484,2816,748,78,Paid,3450,Promotion,Night,
8166,Instagram,Video,2025-07-05,3350,2301,396,116,11,475,79,164,Organic,0,Promotion,Day,
8167,YouTube,Reel,2022-10-20,12408,12166,10626,84,158,1845,133,68,Paid,894,Entertainment,Day,
8168,Instagram,Image,2021-02-03,15896,9893,8979,260,241,1876,202,6,Organic,0,Entertainment,Night,
8169,YouTube,Video,2024-03-22,19058,18314,4471,72,278,3579,237,156,Paid,3499,Awareness,Day,
8170,YouTube,Image,2021-01-29,12292,9741,1512,219,442,184,17,70,Organic,0,Entertainment,Night,
8171,Facebook,Video,2022-10-17,13785,12529,1642,163,407,2689,261,170,Organic,0,Motivation,Night,
8172,Facebook,Story,2022-12-03,15149,14434,8492,58,318,1064,84,35,Organic,0,Promotion,Night,
8173,Facebook,Reel,2022-11-12,1585,1368,898,281,33,6,1,119,Organic,0,Entertainment,Night,
8174,Facebook,Image,2024-09-21,10279,10048,4933,236,346,145,21,30,Organic,0,Education,Day,
8175,YouTube,Image,2021-09-11,4148,3478,2307,262,48,298,74,33,Organic,0,Entertainment,Night,
8176,YouTube,Reel,2023-01-06,11276,8762,4878,106,10,912,138,82,Organic,0,Promotion,Day,
8177,Facebook,Reel,2023-11-01,5532,5029,1715,60,25,1231,232,29,Organic,0,Motivation,Day,
8178,YouTube,Video,2024-11-09,6777,4270,2975,204,132,1030,174,52,Organic,0,Entertainment,Day,
8179,Instagram,Video,2022-06-13,12076,11534,5581,275,413,39,3,69,Organic,0,Motivation,Day,
8180,Instagram,Video,2024-06-15,12736,11221,9567,241,382,1460,375,71,Organic,0,Education,Day,
8181,Instagram,Story,2021-03-13,9423,8515,4928,288,374,998,176,94,Paid,4330,Promotion,Day,
8182,Instagram,Story,2022-10-18,5591,3425,2468,44,93,761,71,150,Organic,0,Awareness,Day,
8183,Instagram,Story,2025-07-10,18245,12673,9562,150,462,296,12,141,Organic,0,Promotion,Night,
8184,Facebook,Reel,2025-09-16,9843,9629,2304,293,171,538,47,42,Organic,0,Awareness,Day,
8185,Facebook,Image,2023-06-17,,14208,12147,112,1,,159,91,Paid,4009,Awareness,Day,
8186,YouTube,Story,2022-11-30,10117,8589,7233,272,333,1313,331,153,Organic,0,Promotion,Day,
8187,Facebook,Reel,2022-02-08,13446,10402,8294,32,6,275,55,69,Organic,0,Awareness,Day,
8188,YouTube,Reel,2022-12-14,12023,11830,1715,61,445,3108,164,153,Organic,0,Motivation,Night,
8189,YouTube,Video,2021-11-23,17513,15349,1368,222,500,2312,390,31,Organic,0,Education,Night,
8190,Facebook,Image,2022-04-02,13320,11016,3646,0,24,1510,199,110,Paid,3206,Entertainment,Day,
8191,YouTube,Video,2024-04-04,10679,7990,2854,202,420,829,81,127,Organic,0,Awareness,Day,
8192,Instagram,Image,2025-09-11,10677,6510,4644,146,434,938,186,48,Organic,0,Awareness,Night,
8193,YouTube,Story,2023-06-27,4006,2944,2535,74,353,399,93,104,Paid,2856,Promotion,Day,
8194,Facebook,Image,2025-09-05,17529,12115,2435,188,386,2956,695,32,Organic,0,Motivation,Day,
8195,Instagram,Video,2024-09-06,16550,13675,13227,216,471,2146,103,177,Paid,4468,Entertainment,Night,
8196,Instagram,Image,2025-03-19,12926,11164,6586,158,6,2815,402,21,Organic,0,Awareness,Night,
8197,Instagram,Image,2023-01-03,14023,10154,1876,229,59,997,196,131,Paid,613,Motivation,Day,
8198,Facebook,Image,2023-07-31,3760,2370,923,94,143,432,104,127,Paid,891,Entertainment,Day,
8199,YouTube,Image,2022-08-04,14325,9859,9840,88,257,928,159,172,Organic,0,Promotion,Night,
8200,Facebook,Reel,2022-01-16,11340,7488,4068,145,227,1411,212,135,Paid,4317,Awareness,Day,
8201,Facebook,Reel,2023-10-21,15658,14561,3659,126,212,2373,70,80,Organic,0,Promotion,Night,
8202,Instagram,Image,2024-01-07,2828,1933,784,23,188,54,15,50,Organic,0,Promotion,Day,
8203,YouTube,Story,2021-03-16,8035,5979,4486,51,219,1528,171,162,Organic,0,Awareness,Day,
8204,Facebook,Video,2025-12-21,12879,10261,6435,55,261,2502,738,73,Organic,0,Motivation,Day,
8205,Instagram,Image,2025-06-03,11215,9858,101,267,342,1235,283,141,Paid,3410,Motivation,Night,
8206,YouTube,Reel,2023-05-29,13155,11594,6157,103,338,1602,156,89,Organic,0,Promotion,Night,
8207,Instagram,Image,2025-05-17,6536,5080,1463,73,255,266,68,15,Paid,2919,Promotion,Night,
8208,YouTube,Image,2023-07-25,4227,3809,1586,172,222,290,11,73,Organic,0,Education,Day,
8209,Facebook,Video,2023-02-13,14722,12577,8004,81,254,948,28,103,Organic,0,Entertainment,Night,
8210,Instagram,Story,2022-02-04,17214,16535,14623,211,38,1336,341,95,Organic,0,Promotion,Night,
8211,Facebook,Image,2022-12-24,9481,7570,5150,60,213,1771,421,163,Organic,0,Promotion,Day,
8212,YouTube,Reel,2023-03-20,9360,5730,1603,130,440,320,20,165,Paid,1927,Entertainment,Night,
8213,YouTube,Story,2023-07-08,9361,8952,4301,44,233,1389,372,171,Paid,3427,Awareness,Night,
8214,YouTube,Story,2023-05-16,15106,11282,8606,37,13,2203,188,98,Paid,3771,Motivation,Night,
8215,Facebook,Video,2023-09-07,19949,16846,8003,104,265,2786,660,178,Paid,4386,Awareness,Night,
8216,YouTube,Video,2024-07-18,1554,1434,718,201,391,6,0,169,Organic,0,Entertainment,Night,
8217,YouTube,Video,2022-01-31,14688,12771,8729,168,44,38,5,119,Organic,0,Entertainment,Night,
8218,Instagram,Image,2021-04-28,18549,12761,11300,93,157,2224,394,35,Organic,0,Education,Day,
8219,Facebook,Video,2025-02-27,18940,16319,1040,21,431,2982,426,15,Organic,0,Education,Night,
8220,Instagram,Image,2023-06-22,7366,4474,1744,284,354,1111,301,91,Organic,0,Motivation,Day,
8221,Instagram,Video,2025-04-26,1926,1419,796,38,202,28,4,125,Organic,0,Promotion,Night,
8222,YouTube,Image,2025-06-26,14296,13786,3292,167,145,800,51,134,Organic,0,Entertainment,Night,
8223,YouTube,Video,2023-05-09,18241,13806,4763,263,402,1587,293,109,Organic,0,Education,Night,
8224,Facebook,Image,2022-10-07,1650,1517,536,298,267,287,0,31,Paid,3686,Awareness,Night,
8225,Facebook,Video,2025-05-21,16885,13081,2773,153,390,2170,259,6,Organic,0,Education,Day,
8226,YouTube,Reel,2025-08-21,8989,7447,3755,290,352,1883,68,107,Organic,0,Awareness,Day,
8227,Instagram,Story,2025-03-29,8534,6505,2757,277,463,1370,144,105,Organic,0,Education,Day,
8228,YouTube,Video,2025-07-22,1762,1407,255,165,67,376,56,25,Paid,3487,Awareness,Day,
8229,Facebook,Image,2025-06-13,13969,8994,8480,87,424,1135,180,62,Paid,3212,Education,Night,
8230,YouTube,Image,2023-05-20,10668,9412,3510,24,183,2621,411,137,Organic,0,Education,Day,
8231,YouTube,Image,2023-04-23,4621,3055,2528,299,222,529,21,177,Organic,0,Motivation,Day,
8232,YouTube,Story,2022-02-08,8490,5459,3243,282,322,943,124,89,Paid,2900,Promotion,Day,
8233,Facebook,Video,2021-03-23,9188,7127,6498,58,168,1365,229,97,Organic,0,Entertainment,Day,
8234,YouTube,Image,2022-02-23,2110,1988,314,90,102,248,34,24,Paid,278,Promotion,Night,
8235,YouTube,Story,2025-10-13,11542,10243,3184,122,189,754,31,65,Paid,1676,Motivation,Night,
8236,Instagram,Image,2025-12-27,15641,10108,5080,65,419,708,4,42,Organic,0,Awareness,Day,
8237,YouTube,Image,2023-05-21,3256,2401,2065,95,271,655,136,152,Organic,0,Promotion,Night,
8238,YouTube,Reel,2023-07-09,15772,15742,4133,189,205,1090,261,29,Organic,0,Entertainment,Day,
8239,YouTube,Image,2024-10-15,11146,9368,6525,299,359,955,61,134,Organic,0,Entertainment,Night,
8240,Facebook,Image,2025-04-18,2823,2671,166,281,293,30,0,125,Paid,1314,Awareness,Day,
8241,Facebook,Story,2022-04-12,15292,12983,9602,115,142,1253,135,164,Paid,360,Entertainment,Night,
8242,Facebook,Video,2024-12-06,12926,11792,5942,217,105,290,52,30,Paid,1625,Motivation,Day,
8243,YouTube,Video,2024-10-22,9057,7028,6146,40,432,77,13,173,Organic,0,Promotion,Night,
8244,YouTube,Reel,2021-05-23,8948,8174,176,116,455,670,54,71,Organic,0,Entertainment,Day,
8245,Instagram,Image,2023-10-29,14076,12516,3748,20,277,653,109,5,Organic,0,Promotion,Day,
8246,Instagram,Video,2022-02-09,3829,3138,848,139,496,608,10,55,Organic,0,Education,Day,
8247,Facebook,Story,2023-11-06,5192,3294,2991,269,381,409,18,9,Organic,0,Promotion,Day,
8248,Instagram,Video,2024-02-10,1289,1054,157,220,269,69,9,17,Organic,0,Awareness,Night,
8249,YouTube,Story,2021-05-30,19294,17594,8073,193,253,1825,163,151,Organic,0,Motivation,Day,
8250,Facebook,Story,2022-02-02,19035,14256,6335,193,479,3699,478,144,Paid,1755,Entertainment,Night,
8251,YouTube,Reel,2023-12-24,16809,13595,892,13,378,3818,817,52,Organic,0,Motivation,Night,
8252,Facebook,Image,2022-05-07,16999,11909,8095,148,433,1932,14,157,Paid,1720,Promotion,Day,
8253,Instagram,Video,2024-09-21,15172,11304,8598,265,436,951,259,61,Organic,0,Entertainment,Day,
8254,Instagram,Story,2021-03-04,6474,5407,2761,178,129,1377,230,119,Organic,0,Motivation,Night,
8255,Facebook,Image,2024-07-21,6366,6104,5150,130,88,503,94,39,Paid,1850,Awareness,Day,
8256,Facebook,Video,2022-04-24,4194,2612,1426,144,351,595,68,80,Paid,1317,Education,Day,
8257,Facebook,Reel,2024-04-23,15917,14387,108,61,266,2162,523,98,Organic,0,Education,Night,
8258,Facebook,Image,2025-04-30,14945,9372,6022,112,293,2194,29,9,Organic,0,Awareness,Day,
8259,Instagram,Image,2025-04-19,8514,7809,6247,216,401,2262,369,26,Organic,0,Education,Day,
8260,Instagram,Video,2022-01-07,1292,804,604,263,122,220,32,107,Organic,0,Awareness,Day,
8261,Facebook,Story,2025-12-03,14474,11432,10353,100,349,1194,269,179,Paid,4977,Promotion,Night,
8262,Instagram,Reel,2025-02-06,8084,8054,7617,210,118,2104,8,135,Organic,0,Awareness,Day,
8263,Instagram,Video,2023-03-05,9250,7367,2110,227,333,325,88,128,Organic,0,Education,Night,
8264,Facebook,Story,2024-11-04,19156,11999,4102,178,403,1411,322,57,Paid,4001,Promotion,Day,
8265,Instagram,Video,2022-01-17,5297,3880,1175,279,3,759,131,163,Organic,0,Awareness,Day,
8266,YouTube,Video,2024-03-17,19298,15249,10663,259,293,2120,334,73,Organic,0,Awareness,Night,
8267,Facebook,Image,2022-12-11,7633,4979,3185,266,204,1458,20,108,Organic,0,Promotion,Day,
8268,Instagram,Video,2024-01-31,9420,8940,6294,165,375,1556,33,165,Organic,0,Entertainment,Day,
8269,Instagram,Image,2024-09-17,17322,10905,5115,60,15,1065,53,20,Organic,0,Education,Day,
8270,YouTube,Image,2025-12-07,11711,10312,2920,141,216,1684,99,120,Organic,0,Entertainment,Night,
8271,Facebook,Image,2022-11-28,8147,5018,4446,212,172,369,98,80,Organic,0,Promotion,Day,
8272,Instagram,Image,2023-02-25,8625,6548,3770,109,218,984,282,113,Paid,2383,Promotion,Night,
8273,Facebook,Reel,2021-08-16,1921,1376,567,164,287,74,3,43,Paid,2875,Motivation,Day,
8274,Facebook,Story,2023-09-16,15073,9715,4349,51,278,1466,140,93,Organic,0,Motivation,Day,
8275,Facebook,Reel,2022-02-21,12405,7986,3939,214,482,1683,262,178,Organic,0,Promotion,Day,
8276,Facebook,Reel,2021-04-30,5624,5557,1797,248,56,1205,323,116,Organic,0,Motivation,Night,
8277,YouTube,Reel,2021-01-24,1905,1525,462,260,10,303,53,51,Organic,0,Awareness,Night,
8278,YouTube,Reel,2023-10-03,10058,7859,2233,97,357,1005,77,176,Paid,2052,Entertainment,Night,
8279,Instagram,Reel,2021-07-30,17037,12807,5635,293,199,2213,100,141,Organic,0,Promotion,Day,
8280,YouTube,Story,2021-05-25,15621,9901,7237,226,238,2062,377,132,Organic,0,Awareness,Day,
8281,Instagram,Reel,2024-11-09,4906,3729,2144,25,304,414,14,81,Organic,0,Education,Night,
8282,Facebook,Image,2023-08-10,14158,9659,1823,47,265,2665,753,19,Organic,0,Education,Night,
8283,YouTube,Story,2024-02-18,19800,12416,11665,137,18,2318,168,40,Organic,0,Motivation,Night,
8284,YouTube,Reel,2025-08-09,5279,4943,2726,284,459,1313,365,67,Paid,1862,Motivation,Day,
8285,Facebook,Reel,2022-08-01,18766,17374,12278,156,31,4641,951,73,Paid,2658,Awareness,Night,
8286,YouTube,Video,2022-08-18,17681,17113,9815,185,321,2580,561,173,Paid,412,Education,Day,
8287,Instagram,Image,2023-10-12,9226,8061,5486,173,221,733,128,78,Paid,4855,Promotion,Day,
8288,Instagram,Video,2023-04-19,15786,12058,5109,175,330,931,266,28,Paid,757,Entertainment,Night,
8289,YouTube,Reel,2025-07-30,7964,7870,6085,103,250,532,78,53,Organic,0,Motivation,Night,
8290,Instagram,Video,2024-09-11,7675,5375,4263,49,307,354,50,150,Organic,0,Awareness,Day,
8291,YouTube,Reel,2024-03-14,10804,9022,391,266,151,1173,287,11,Paid,3903,Motivation,Night,
8292,Facebook,Video,2024-06-03,5603,5276,4683,65,47,478,91,8,Organic,0,Awareness,Day,
8293,Instagram,Story,2023-05-27,11343,10708,8696,83,288,2736,519,94,Organic,0,Education,Day,
8294,Instagram,Reel,2025-06-06,15195,9766,8364,229,14,687,3,64,Organic,0,Motivation,Night,
8295,YouTube,Story,2023-02-11,2166,1422,873,190,77,294,6,59,Organic,0,Awareness,Day,
8296,YouTube,Story,2023-04-11,3152,2149,1189,112,236,155,22,20,Organic,0,Awareness,Day,
8297,YouTube,Image,2025-01-21,14593,10010,6859,179,133,2496,159,33,Organic,0,Motivation,Day,
8298,Instagram,Video,2023-05-12,13028,11212,3107,225,497,2632,652,155,Organic,0,Entertainment,Day,
8299,YouTube,Story,2025-08-17,2572,2443,1495,247,397,48,1,18,Paid,4192,Promotion,Day,
8300,YouTube,Story,2025-01-27,12576,9458,7423,284,130,2079,541,83,Organic,0,Education,Night,
8301,Facebook,Video,2023-09-01,7745,6526,5540,284,179,190,6,37,Paid,4065,Motivation,Day,
8302,Facebook,Image,2025-01-10,14220,13592,13443,279,41,437,16,157,Organic,0,Motivation,Day,
8303,Facebook,Video,2025-06-20,17424,15043,5888,281,301,3995,673,25,Organic,0,Entertainment,Night,
8304,Facebook,Reel,2022-04-29,4918,4032,1910,265,136,879,71,149,Organic,0,Education,Night,
8305,Facebook,Story,2021-05-19,2868,2751,1953,40,176,663,118,27,Organic,0,Motivation,Night,
8306,YouTube,Story,2021-04-11,14182,9957,7981,35,403,434,2,61,Organic,0,Entertainment,Day,
8307,Facebook,Story,2023-06-09,19719,18015,14198,264,173,2387,45,146,Paid,4638,Promotion,Day,
8308,YouTube,Image,2023-06-29,2259,2184,259,154,216,56,6,97,Paid,3509,Awareness,Night,
8309,Instagram,Story,2021-10-18,7725,7047,1420,111,241,337,6,24,Paid,3185,Promotion,Day,
8310,YouTube,Video,2021-10-10,17590,12144,11856,140,241,1827,433,162,Organic,0,Promotion,Day,
8311,YouTube,Story,2024-11-04,1135,728,416,80,319,37,6,23,Organic,0,Promotion,Night,
8312,YouTube,Image,2021-11-29,5220,4782,1097,26,48,794,150,107,Organic,0,Promotion,Day,
8313,Facebook,Image,2022-05-31,8605,6347,3581,117,15,289,13,81,Organic,0,Awareness,Night,
8314,YouTube,Video,2023-10-26,5824,5544,4513,9,103,806,33,155,Organic,0,Education,Night,
8315,Facebook,Story,2023-12-03,4921,4156,1573,186,302,800,176,37,Organic,0,Education,Night,
8316,Facebook,Image,2022-01-18,3261,2348,1022,254,465,357,64,22,Organic,0,Entertainment,Night,
8317,Facebook,Reel,2025-10-31,10236,9799,4866,169,350,2150,535,77,Organic,0,Entertainment,Day,
8318,YouTube,Reel,2023-12-30,5081,4292,1747,290,61,1066,255,165,Organic,0,Motivation,Night,
8319,Facebook,Reel,2021-09-24,17108,11481,10536,115,316,809,195,164,Organic,0,Promotion,Night,
8320,YouTube,Image,2021-07-09,6999,6072,405,190,472,654,78,21,Organic,0,Promotion,Day,
8321,Instagram,Story,2025-06-21,11449,9208,7967,165,180,1152,13,23,Paid,3103,Awareness,Night,
8322,Instagram,Video,2022-02-17,7296,5126,3906,17,407,604,28,74,Organic,0,Promotion,Night,
8323,Instagram,Video,2021-08-29,6182,4935,103,240,442,1195,314,124,Organic,0,Awareness,Night,
8324,Instagram,Image,2024-03-03,4212,3493,3075,182,378,940,263,105,Organic,0,Motivation,Night,
8325,YouTube,Story,2021-01-22,7675,7424,6828,160,384,1567,468,38,Organic,0,Entertainment,Day,
8326,Instagram,Story,2021-10-14,10955,9373,3772,238,109,2040,288,88,Paid,1438,Entertainment,Day,
8327,Facebook,Story,2025-10-05,15901,11240,3295,230,75,680,101,157,Paid,2274,Motivation,Day,
8328,Facebook,Video,2023-09-03,9378,6905,1338,81,193,1122,291,78,Organic,0,Motivation,Day,
8329,Facebook,Reel,2025-12-23,11304,7380,3410,83,473,1188,332,92,Organic,0,Promotion,Day,
8330,YouTube,Story,2025-05-10,2524,1575,1471,261,191,296,12,89,Paid,3408,Entertainment,Day,
8331,Facebook,Image,2021-10-03,8724,6511,138,260,472,1524,26,15,Organic,0,Education,Night,
8332,Facebook,Image,2025-05-26,19869,14826,361,222,339,1933,519,95,Paid,1102,Motivation,Day,
8333,Instagram,Story,2025-10-31,9518,5853,4541,294,200,156,13,148,Organic,0,Entertainment,Day,
8334,YouTube,Image,2025-09-10,17376,14985,6229,64,134,1067,219,131,Organic,0,Entertainment,Day,
8335,Facebook,Reel,2025-01-14,14031,8985,1829,279,464,25,5,117,Paid,1156,Awareness,Night,
8336,Instagram,Story,2025-05-10,1753,1352,52,167,19,341,38,84,Organic,0,Entertainment,Night,
8337,Facebook,Video,2022-07-14,11751,7897,3351,31,124,1365,299,11,Organic,0,Motivation,Night,
8338,YouTube,Image,2023-08-03,11816,10528,1235,9,336,2594,165,20,Organic,0,Promotion,Day,
8339,YouTube,Story,2023-09-22,12861,8040,2004,225,76,238,12,20,Organic,0,Entertainment,Day,
8340,Facebook,Story,2023-09-17,19221,18793,199,285,314,787,118,172,Paid,2520,Education,Night,
8341,Instagram,Story,2024-03-28,19277,15862,10760,108,38,2551,484,16,Organic,0,Motivation,Day,
8342,YouTube,Image,2025-03-12,4849,3651,1224,109,381,594,82,39,Organic,0,Promotion,Night,
8343,Facebook,Reel,2021-09-25,8994,8220,6320,236,494,2414,541,25,Paid,4192,Promotion,Day,
8344,YouTube,Image,2022-06-01,1051,650,564,70,393,151,29,175,Organic,0,Motivation,Day,
8345,YouTube,Image,2023-09-30,19094,17086,6131,99,26,4023,722,21,Organic,0,Promotion,Day,
8346,Instagram,Image,2025-08-27,15389,12026,10653,48,194,2841,355,36,Paid,3780,Education,Night,
8347,YouTube,Video,2025-03-03,11375,11365,606,104,477,1032,51,45,Paid,3002,Entertainment,Day,
8348,Instagram,Reel,2022-08-22,6275,4437,176,215,333,44,6,138,Organic,0,Motivation,Day,
8349,YouTube,Image,2023-10-24,15030,13016,12783,43,303,704,157,31,Organic,0,Entertainment,Day,
8350,Facebook,Reel,2025-10-22,11001,7274,4888,206,103,118,11,152,Paid,3024,Entertainment,Day,
8351,Instagram,Reel,2023-06-12,17742,16274,13652,286,27,37,2,157,Paid,3102,Promotion,Night,
8352,YouTube,Reel,2024-07-10,8566,5444,3529,161,328,709,27,70,Paid,4930,Motivation,Day,
8353,Instagram,Reel,2023-06-24,18242,11642,9528,94,176,2867,802,141,Organic,0,Entertainment,Day,
8354,Instagram,Video,2022-04-25,16342,14156,2088,113,8,1615,217,96,Organic,0,Awareness,Day,
8355,Instagram,Video,2021-10-11,11662,8800,667,35,325,608,83,65,Organic,0,Education,Day,
8356,YouTube,Image,2022-05-16,3905,3447,870,268,269,219,23,170,Paid,4082,Promotion,Day,
8357,YouTube,Reel,2024-07-13,19398,17023,2860,69,135,501,19,7,Paid,4782,Motivation,Day,
8358,YouTube,Video,2021-09-19,7514,7302,634,16,226,1701,179,107,Organic,0,Motivation,Night,
8359,Instagram,Video,2025-01-25,9937,7324,282,295,40,731,12,59,Organic,0,Promotion,Night,
8360,YouTube,Story,2023-08-04,3190,3158,2066,14,261,643,185,5,Organic,0,Entertainment,Day,
8361,YouTube,Story,2024-11-21,13172,13045,380,155,54,505,21,105,Paid,3278,Promotion,Night,
8362,YouTube,Video,2025-09-15,6424,4515,1364,257,233,703,15,49,Organic,0,Motivation,Night,
8363,Instagram,Video,2023-03-21,11862,7608,1598,289,28,2135,186,179,Organic,0,Awareness,Day,
8364,Facebook,Video,2023-06-18,16893,12152,4657,123,252,2284,8,30,Organic,0,Entertainment,Day,
8365,Instagram,Video,2022-07-19,4521,3941,1241,62,130,190,2,125,Organic,0,Promotion,Night,
8366,Instagram,Story,2025-06-02,13498,12505,12318,209,32,2054,123,146,Organic,0,Motivation,Night,
8367,Instagram,Reel,2022-04-11,2380,2007,694,33,418,357,71,50,Paid,1824,Motivation,Day,
8368,Facebook,Reel,2023-05-05,6216,5644,2467,242,314,687,58,126,Paid,3157,Motivation,Day,
8369,Facebook,Reel,2022-04-16,2833,2423,1261,243,172,187,48,35,Organic,0,Awareness,Day,
8370,Instagram,Image,2022-01-31,1442,936,196,193,476,247,70,63,Organic,0,Entertainment,Day,
8371,Facebook,Story,2024-07-16,9851,9365,8641,169,259,143,40,33,Paid,1682,Promotion,Night,
8372,Instagram,Image,2023-01-31,19108,12062,7784,43,241,411,69,110,Organic,0,Entertainment,Night,
8373,Instagram,Image,2023-01-10,1766,1512,887,67,466,431,115,21,Organic,0,Motivation,Night,
8374,YouTube,Story,2021-07-31,16135,10265,2826,16,127,238,49,146,Paid,998,Awareness,Day,
8375,Facebook,Image,2022-04-25,1686,1495,1083,73,439,105,22,168,Paid,4670,Awareness,Day,
8376,Instagram,Video,2025-08-26,17403,10977,153,239,476,1318,318,28,Paid,2711,Motivation,Night,
8377,YouTube,Video,2024-05-23,19392,14781,13459,266,162,953,219,113,Organic,0,Entertainment,Day,
8378,Instagram,Video,2022-11-02,9040,6491,6115,224,152,1462,238,95,Organic,0,Entertainment,Night,
8379,YouTube,Story,2022-09-19,18199,11733,4599,210,381,1058,153,29,Organic,0,Awareness,Night,
8380,YouTube,Story,2023-04-29,6509,5542,784,299,493,816,,36,Organic,0,Education,Night,
8381,Facebook,Reel,2022-04-13,18114,11748,3090,143,468,2926,844,120,Paid,2202,Awareness,Night,
8382,Facebook,Reel,2022-01-05,10969,7231,3785,236,241,1306,172,86,Organic,0,Awareness,Night,
8383,Facebook,Image,2023-12-29,15872,10252,1923,200,11,779,94,114,Paid,2481,Promotion,Day,
8384,YouTube,Image,2021-08-27,2915,1914,1027,227,34,209,6,150,Organic,0,Awareness,Night,
8385,Facebook,Reel,2024-08-05,18726,15097,9365,123,29,3778,1074,41,Organic,0,Education,Day,
8386,YouTube,Story,2023-08-25,19817,12361,9080,152,24,3190,461,30,Paid,926,Awareness,Night,
8387,Facebook,Story,2022-01-18,2697,1628,53,299,394,438,106,141,Organic,0,Entertainment,Day,
8388,YouTube,Story,2023-03-20,9909,7617,7239,0,213,1573,341,68,Organic,0,Promotion,Day,
8389,Instagram,Story,2025-07-27,17937,15407,12028,80,441,215,23,76,Organic,0,Promotion,Night,
8390,Facebook,Story,2023-08-01,17565,14806,418,226,337,3728,404,152,Organic,0,Awareness,Night,
8391,Instagram,Video,2021-12-22,1362,1086,840,53,253,58,0,110,Organic,0,Promotion,Night,
8392,Facebook,Image,2024-03-13,15673,10522,3753,16,290,781,127,90,Organic,0,Promotion,Day,
8393,YouTube,Video,2025-04-06,1487,1228,1210,82,168,114,12,162,Organic,0,Awareness,Night,
8394,Instagram,Video,2022-08-01,5073,4779,2116,270,190,1079,218,57,Paid,3879,Education,Day,
8395,YouTube,Image,2021-06-18,11403,7215,6179,150,363,698,52,96,Organic,0,Awareness,Day,
8396,Instagram,Image,2025-10-18,9870,9357,5868,26,111,2000,123,103,Organic,0,Entertainment,Night,
8397,YouTube,Video,2024-12-20,16513,10718,7933,131,284,1324,377,15,Organic,0,Motivation,Night,
8398,Instagram,Reel,2021-11-02,17872,12538,904,41,73,3649,1045,35,Organic,0,Education,Day,
8399,Instagram,Reel,2021-08-09,2128,1423,828,88,24,367,100,104,Organic,0,Awareness,Day,
8400,Instagram,Image,2024-03-18,16851,15511,5128,236,53,3486,966,91,Organic,0,Education,Night,
8401,YouTube,Video,2023-01-23,17566,14088,7147,238,125,3674,288,151,Organic,0,Motivation,Night,
8402,Facebook,Story,2023-07-08,14887,11739,9657,75,436,3229,527,144,Paid,1573,Promotion,Day,
8403,YouTube,Video,2021-08-10,7899,5228,5184,285,40,1295,177,19,Paid,840,Promotion,Night,
8404,Instagram,Image,2022-04-13,17170,14500,1162,30,302,1621,40,163,Paid,3962,Motivation,Night,
8405,YouTube,Image,2025-01-12,7458,7310,3354,184,259,1678,217,175,Organic,0,Promotion,Day,
8406,YouTube,Image,2025-12-21,17621,11274,6188,11,215,2153,522,105,Organic,0,Education,Day,
8407,Instagram,Video,2022-12-29,3218,2852,1846,176,276,79,4,169,Paid,4860,Promotion,Day,
8408,Facebook,Image,2021-08-27,9703,8170,7836,274,81,801,156,33,Organic,0,Motivation,Night,
8409,Instagram,Story,2022-02-08,14730,11017,5027,106,140,238,70,118,Paid,3506,Motivation,Day,
8410,Facebook,Story,2022-11-17,3012,2181,347,28,261,529,133,111,Organic,0,Motivation,Night,
8411,Instagram,Image,2022-10-05,15965,13286,11923,126,160,443,125,158,Organic,0,Entertainment,Night,
8412,Facebook,Video,2025-08-24,17051,14996,8830,217,389,8,0,112,Paid,4495,Education,Night,
8413,Instagram,Reel,2021-01-20,18033,12472,9069,201,168,661,15,134,Paid,3195,Motivation,Day,
8414,YouTube,Reel,2021-08-05,10498,8209,6449,299,91,1822,3,88,Paid,712,Education,Day,
8415,Instagram,Image,2021-10-01,18204,15912,6676,46,488,3760,279,19,Paid,1189,Entertainment,Night,
8416,Instagram,Image,2023-10-10,8179,6177,357,49,113,1670,273,136,Organic,0,Education,Night,
8417,Instagram,Reel,2023-12-29,4337,2647,1069,186,101,730,159,54,Organic,0,Awareness,Day,
8418,YouTube,Reel,2023-10-06,3599,2411,1599,171,68,321,96,170,Paid,745,Entertainment,Day,
8419,Facebook,Story,2023-04-05,6909,6012,3352,216,430,239,1,27,Organic,0,Entertainment,Night,
8420,Facebook,Story,2023-01-20,15295,12104,532,145,94,3518,854,63,Organic,0,Promotion,Day,
8421,Instagram,Story,2022-03-17,19981,12675,9553,231,99,2640,63,94,Organic,0,Motivation,Night,
8422,YouTube,Reel,2023-10-13,14903,11393,1289,82,153,1487,212,119,Organic,0,Entertainment,Day,
8423,Instagram,Video,2024-08-03,19097,17428,10535,180,242,3651,885,79,Organic,0,Education,Night,
8424,Facebook,Video,2024-11-25,5462,3773,1013,298,193,507,16,160,Organic,0,Awareness,Day,
8425,Facebook,Video,2025-11-20,18218,12910,2765,256,81,3287,605,127,Paid,1027,Education,Night,
8426,YouTube,Reel,2025-01-24,19899,15635,12686,8,253,3547,994,140,Paid,2384,Education,Day,
8427,YouTube,Reel,2023-01-20,3760,3573,773,208,211,157,13,161,Organic,0,Awareness,Day,
8428,Facebook,Story,2025-08-05,18018,16965,4612,253,286,4835,588,143,Organic,0,Promotion,Day,
8429,Instagram,Image,2022-07-26,7736,6387,1536,86,490,974,246,22,Organic,0,Motivation,Night,
8430,Instagram,Story,2024-03-18,10498,9015,4444,289,389,1849,117,54,Organic,0,Entertainment,Day,
8431,Instagram,Image,2021-11-19,15259,13579,695,133,35,1036,243,146,Organic,0,Motivation,Day,
8432,YouTube,Image,2023-10-21,6703,6246,738,197,299,189,30,122,Organic,0,Promotion,Night,
8433,Facebook,Reel,2024-08-16,10392,8460,6201,109,481,1269,94,141,Organic,0,Awareness,Day,
8434,Instagram,Reel,2021-01-23,6688,5126,4791,190,495,1009,20,143,Organic,0,Motivation,Day,
8435,YouTube,Video,2021-12-05,11558,9155,7225,118,492,1922,118,112,Organic,0,Education,Night,
8436,YouTube,Image,2024-01-05,3889,3117,2296,92,138,568,10,71,Organic,0,Entertainment,Night,
8437,Instagram,Image,2024-05-14,5620,4376,3209,246,495,1267,324,171,Organic,0,Entertainment,Day,
8438,Facebook,Reel,2024-03-06,11483,8511,1656,282,245,520,145,82,Organic,0,Promotion,Night,
8439,Facebook,Story,2023-10-26,12159,11994,1918,298,389,209,23,160,Organic,0,Promotion,Day,
8440,Instagram,Video,2023-05-05,11152,10891,1093,270,267,751,70,79,Paid,3185,Awareness,Day,
8441,Instagram,Video,2023-04-02,1131,1108,36,216,54,118,17,43,Organic,0,Promotion,Day,
8442,YouTube,Video,2023-10-02,14845,13838,480,202,125,1759,271,29,Paid,1344,Motivation,Day,
8443,YouTube,Story,2021-12-11,17327,10432,599,287,65,2804,449,25,Organic,0,Entertainment,Day,
8444,Instagram,Video,2022-05-24,5485,4901,2815,144,199,132,25,142,Paid,905,Awareness,Day,
8445,YouTube,Image,2025-03-27,10360,8892,5688,87,420,2518,20,175,Organic,0,Promotion,Day,
8446,Instagram,Story,2023-07-20,11137,7183,201,149,303,32,1,19,Paid,3771,Education,Day,
8447,YouTube,Reel,2022-08-14,8803,6614,3864,248,12,921,58,52,Organic,0,Entertainment,Day,
8448,Facebook,Image,2025-12-04,3480,2826,2447,69,338,245,24,90,Paid,2684,Awareness,Day,
8449,YouTube,Reel,2024-05-01,18656,13148,3945,257,344,3443,344,153,Organic,0,Entertainment,Day,
8450,Instagram,Story,2024-02-08,5055,4535,370,28,400,164,41,120,Organic,0,Motivation,Day,
8451,YouTube,Story,2023-03-03,17244,12410,3472,85,491,915,73,54,Paid,2746,Promotion,Night,
8452,Facebook,Reel,2021-03-26,8329,7702,2617,193,242,1992,393,155,Organic,0,Promotion,Night,
8453,Instagram,Reel,2022-08-09,5541,4467,1133,80,462,560,37,145,Paid,977,Promotion,Night,
8454,YouTube,Reel,2023-10-25,14887,11279,3592,156,382,1961,152,73,Organic,0,Education,Night,
8455,Facebook,Reel,2021-04-01,8735,5890,1476,69,76,1295,193,8,Organic,0,Motivation,Day,
8456,Facebook,Story,2023-10-19,15598,12063,8645,109,156,1537,51,82,Paid,2588,Education,Night,
8457,YouTube,Video,2022-03-25,9916,8699,8446,42,367,293,58,13,Organic,0,Motivation,Night,
8458,Facebook,Reel,2025-02-07,,17703,9174,56,415,1174,147,125,Organic,0,Motivation,Day,
8459,Facebook,Image,2022-12-31,6588,6407,3035,82,70,895,115,119,Paid,4413,Motivation,Night,
8460,YouTube,Reel,2021-11-02,17801,16381,9644,250,393,4163,466,167,Paid,3136,Promotion,Day,
8461,YouTube,Reel,2025-08-02,9576,8275,3776,208,226,2241,36,105,Paid,4310,Promotion,Day,
8462,Instagram,Story,2021-06-19,15379,13598,5629,138,394,1506,425,153,Organic,0,Promotion,Day,
8463,Facebook,Image,2021-10-16,11213,9054,3645,250,75,1119,156,150,Organic,0,Education,Night,
8464,YouTube,Reel,2025-06-11,15036,13626,13124,129,272,770,41,101,Organic,0,Awareness,Night,
8465,Facebook,Image,2023-02-01,7986,5621,5225,112,252,993,180,85,Organic,0,Motivation,Night,
8466,YouTube,Video,2024-05-01,18739,14030,1754,199,168,756,59,47,Paid,889,Education,Day,
8467,Instagram,Image,2022-06-01,8064,5304,5041,193,227,297,53,99,Organic,0,Promotion,Night,
8468,YouTube,Image,2023-09-06,12534,11150,1533,185,318,143,22,10,Organic,0,Promotion,Day,
8469,YouTube,Reel,2025-06-05,3845,3642,1499,202,85,456,58,71,Organic,0,Awareness,Day,
8470,Instagram,Story,2022-02-26,13187,10670,1855,28,361,70,3,144,Paid,4359,Promotion,Night,
8471,YouTube,Image,2021-06-09,8955,8357,3154,71,12,1066,42,104,Paid,4755,Motivation,Day,
8472,YouTube,Reel,2023-07-22,5196,3658,3481,64,322,65,2,16,Organic,0,Entertainment,Day,
8473,Facebook,Image,2023-03-18,15093,9377,6900,117,0,1625,275,70,Organic,0,Promotion,Day,
8474,Instagram,Image,2023-04-27,16748,10183,3741,260,437,2558,637,6,Paid,1813,Awareness,Day,
8475,YouTube,Story,2024-03-25,15844,12068,9406,41,44,1758,100,147,Organic,0,Entertainment,Day,
8476,Facebook,Reel,2022-09-18,1589,1084,1077,97,163,316,67,155,Organic,0,Motivation,Day,
8477,Instagram,Reel,2023-06-27,1465,1461,263,198,310,125,9,161,Organic,0,Motivation,Day,
8478,Facebook,Reel,2022-01-27,10498,10399,904,41,432,3048,405,85,Organic,0,Motivation,Day,
8479,Instagram,Reel,2025-09-10,8946,8339,3302,87,121,53,12,139,Organic,0,Awareness,Day,
8480,Facebook,Image,2024-09-16,13845,13296,6228,158,452,289,12,160,Paid,3984,Entertainment,Night,
8481,Instagram,Story,2025-03-14,4632,2930,2874,129,473,347,11,146,Organic,0,Motivation,Night,
8482,Facebook,Image,2022-01-28,14528,11445,6141,241,287,2478,150,176,Organic,0,Promotion,Night,
8483,Facebook,Video,2021-04-17,5959,5346,29,144,233,1197,9,162,Paid,1349,Entertainment,Night,
8484,YouTube,Video,2023-05-03,1101,761,540,258,395,47,2,164,Paid,1909,Motivation,Day,
8485,YouTube,Reel,2024-02-28,18411,13553,11373,136,317,3517,388,74,Organic,0,Entertainment,Night,
8486,YouTube,Reel,2023-01-18,16057,11642,1652,82,319,482,5,119,Organic,0,Promotion,Night,
8487,YouTube,Reel,2023-10-27,1267,919,755,215,63,139,10,92,Organic,0,Education,Day,
8488,Facebook,Image,2024-09-21,15134,9352,2429,286,319,349,2,10,Organic,0,Motivation,Day,
8489,YouTube,Video,2021-05-21,7777,7584,321,49,495,2177,175,31,Organic,0,Promotion,Night,
8490,Facebook,Image,2021-04-07,12858,8529,8433,154,288,23,3,86,Organic,0,Awareness,Day,
8491,Facebook,Reel,2024-10-12,16799,15619,11462,17,297,214,36,92,Organic,0,Motivation,Night,
8492,Instagram,Reel,2025-09-25,15339,14717,1680,16,25,3750,830,124,Organic,0,Education,Night,
8493,Facebook,Story,2024-05-07,11156,9429,2287,68,468,823,19,28,Organic,0,Promotion,Day,
8494,YouTube,Reel,2025-07-14,8035,6392,3873,40,132,669,190,106,Organic,0,Promotion,Day,
8495,Instagram,Video,2024-10-21,16780,16421,15789,193,415,1463,329,38,Organic,0,Entertainment,Night,
8496,Instagram,Story,2025-05-12,5995,4400,323,297,339,467,32,172,Organic,0,Motivation,Day,
8497,YouTube,Video,2023-11-20,9953,9687,8119,146,382,1264,132,51,Organic,0,Education,Night,
8498,YouTube,Image,2023-03-27,8016,6509,5855,262,242,18,0,28,Organic,0,Awareness,Day,
8499,Instagram,Reel,2022-02-14,13565,9969,2490,161,246,126,31,69,Organic,0,Entertainment,Night,
8500,Instagram,Reel,2022-05-09,13195,12383,9825,60,227,1070,271,22,Organic,0,Motivation,Day,
8501,Facebook,Video,2024-06-12,2069,1345,12,73,291,108,32,48,Organic,0,Education,Night,
8502,YouTube,Reel,2021-09-17,11528,10534,3802,172,271,2274,532,80,Paid,2964,Entertainment,Day,
8503,YouTube,Reel,2025-11-04,15069,10157,3730,149,465,877,140,61,Paid,1994,Education,Day,
8504,YouTube,Video,2021-06-05,5296,3767,1058,140,487,855,154,111,Organic,0,Education,Night,
8505,Instagram,Story,2023-02-20,5624,4161,3587,231,215,11,2,160,Paid,2729,Entertainment,Day,
8506,YouTube,Image,2023-01-02,1411,1259,528,121,154,55,4,128,Organic,0,Entertainment,Day,
8507,YouTube,Reel,2022-09-30,6651,4500,218,127,360,57,17,155,Organic,0,Motivation,Day,
8508,Instagram,Video,2023-03-10,4285,3462,3136,76,422,843,66,166,Paid,3621,Entertainment,Day,
8509,Facebook,Story,2025-03-02,13858,13760,1817,52,228,3895,597,143,Organic,0,Motivation,Day,
8510,Instagram,Image,2021-10-29,14899,14373,13131,192,471,3498,234,167,Organic,0,Education,Night,
8511,Instagram,Image,2023-05-22,19077,14116,9233,80,470,3736,774,120,Organic,0,Entertainment,Day,
8512,Facebook,Video,2025-12-31,15188,12123,2997,281,488,2449,693,97,Organic,0,Motivation,Day,
8513,Facebook,Story,2023-04-21,6244,5683,4462,93,170,931,152,46,Organic,0,Motivation,Day,
8514,Instagram,Story,2022-05-14,10533,8886,7408,285,87,1916,388,32,Organic,0,Awareness,Night,
8515,Facebook,Image,2023-10-02,2338,1450,1047,126,185,55,6,127,Organic,0,Motivation,Night,
8516,YouTube,Story,2023-09-21,6217,5869,1416,23,485,158,15,28,Organic,0,Motivation,Day,
8517,Instagram,Reel,2025-11-29,10428,9692,1089,252,325,1501,116,140,Organic,0,Awareness,Night,
8518,Instagram,Image,2023-02-14,3024,2505,2344,281,98,486,34,110,Paid,4285,Promotion,Night,
8523,YouTube,Video,2024-02-16,15066,10360,6295,102,36,1988,125,9,Organic,0,Entertainment,Night,
8524,Facebook,Video,2025-03-08,18514,14108,7076,199,230,2333,282,53,Organic,0,Education,Day,
8525,Facebook,Video,2021-10-15,13497,10317,6911,165,32,2891,443,102,Organic,0,Awareness,Day,
8526,Instagram,Story,2023-04-02,14075,11296,7806,100,247,349,16,34,Paid,1481,Promotion,Day,
8527,YouTube,Story,2024-08-24,2219,1610,244,186,73,84,25,76,Organic,0,Entertainment,Night,
8528,Facebook,Image,2025-06-30,8719,7503,6534,30,392,1842,449,107,Organic,0,Entertainment,Day,
8529,Instagram,Story,2022-11-30,1880,1134,114,208,326,290,67,67,Organic,0,Awareness,Day,
8530,YouTube,Reel,2023-03-28,7722,6027,4218,59,95,1281,243,179,Organic,0,Motivation,Night,
8531,YouTube,Reel,2024-08-14,7362,5743,3523,23,493,1702,152,30,Organic,0,Motivation,Day,
8532,Instagram,Video,2023-10-08,13871,9588,2120,19,322,23,1,41,Organic,0,Promotion,Day,
8533,YouTube,Image,2023-08-21,17321,10654,6869,274,22,1825,252,11,Organic,0,Awareness,Night,
8534,YouTube,Image,2023-06-11,8927,5726,4966,7,137,889,226,131,Organic,0,Entertainment,Night,
8535,Instagram,Story,2021-04-01,13598,13433,9694,121,378,1767,22,172,Organic,0,Awareness,Day,
8536,YouTube,Story,2024-03-20,3123,3068,1098,34,334,593,71,96,Paid,2454,Education,Night,
8537,YouTube,Image,2021-03-31,13738,8941,2492,213,335,1490,316,171,Paid,544,Entertainment,Night,
8538,Instagram,Story,2022-11-14,6664,4568,879,133,368,664,86,107,Organic,0,Promotion,Day,
8539,Instagram,Image,2021-03-20,12298,7734,205,118,212,2135,627,57,Organic,0,Promotion,Day,
8540,Instagram,Video,2024-12-24,8632,6267,3408,289,111,27,1,136,Organic,0,Entertainment,Night,
8541,YouTube,Story,2023-02-13,5041,3526,1322,88,273,404,31,112,Organic,0,Motivation,Day,
8542,YouTube,Image,2022-01-22,2017,1485,527,142,136,340,28,116,Paid,1587,Entertainment,Day,
8543,Facebook,Story,2022-09-11,13271,12145,6812,49,404,390,51,157,Organic,0,Entertainment,Night,
8544,YouTube,Story,2024-02-04,11757,8349,1790,185,211,2065,419,11,Organic,0,Education,Day,
8545,Facebook,Image,2021-02-07,16280,12239,11321,300,129,2668,769,160,Paid,4630,Entertainment,Day,
8546,YouTube,Video,2023-05-18,19715,12611,2280,176,225,1797,29,71,Paid,2322,Awareness,Day,
8547,Facebook,Reel,2024-11-26,3033,2623,605,135,467,31,2,112,Organic,0,Awareness,Night,
8548,Instagram,Video,2022-10-02,19022,16201,6713,249,178,3587,137,115,Organic,0,Promotion,Day,
8549,Facebook,Video,2025-05-07,13863,11014,2991,57,347,134,1,2034,Organic,0,Motivation,Night,
8550,Facebook,Image,2025-04-30,19651,17892,9942,227,3,3693,912,87,Paid,4118,Promotion,Night,
8551,Instagram,Story,2021-06-18,11167,10055,6526,35,72,2714,29,128,Paid,935,Education,Day,
8552,Instagram,Story,2022-11-12,11171,10277,1052,72,433,1686,68,143,Organic,0,Entertainment,Night,
8553,Facebook,Video,2023-10-25,13179,8451,2867,195,464,1728,138,108,Organic,0,Promotion,Night,
8554,Facebook,Story,2021-11-08,4579,4358,4088,146,196,562,45,71,Organic,0,Entertainment,Day,
8555,Instagram,Video,2022-03-08,16947,14439,9945,140,460,2816,125,11,Organic,0,Promotion,Day,
8556,Facebook,Image,2022-06-30,18682,11388,3800,172,351,2627,281,155,Organic,0,Entertainment,Day,
8557,Facebook,Reel,2025-03-07,19029,11736,7375,70,312,3353,43,114,Organic,0,Promotion,Day,
8558,YouTube,Reel,2021-09-12,4065,3353,447,92,312,104,17,38,Organic,0,Awareness,Day,
8559,YouTube,Reel,2022-08-20,2332,1753,800,86,192,514,128,110,Paid,2054,Education,Day,
8560,Instagram,Image,2024-04-13,7894,5107,225,238,262,453,77,151,Organic,0,Promotion,Day,
8561,YouTube,Video,2022-11-23,3259,3001,2414,120,278,163,39,62,Organic,0,Awareness,Day,
8562,YouTube,Video,2024-06-14,12224,8675,1073,159,478,548,42,13,Organic,0,Motivation,Day,
8563,Instagram,Image,2023-01-13,7068,5160,4767,231,322,162,5,52,Paid,573,Promotion,Day,
8564,Facebook,Reel,2024-09-18,1279,1030,160,89,8,292,68,119,Organic,0,Entertainment,Day,
8565,Instagram,Story,2024-04-08,13411,8337,4005,85,463,1286,117,45,Paid,4327,Education,Day,
8566,YouTube,Reel,2021-06-06,17854,12980,8777,234,356,1420,329,52,Organic,0,Awareness,Night,
8567,YouTube,Image,2021-06-07,18100,15041,4794,292,459,2214,206,177,Paid,4284,Awareness,Day,
8568,Instagram,Reel,2023-04-30,3627,2714,1809,111,2,540,115,29,Paid,339,Education,Night,
8569,YouTube,Image,2025-09-03,1200,1019,62,214,326,85,1,120,Organic,0,Promotion,Day,
8570,Instagram,Video,2021-10-30,18829,12911,1304,58,193,605,146,82,Paid,3492,Entertainment,Night,
8571,Instagram,Video,2025-05-09,6662,6085,3803,123,492,41,1,112,Organic,0,Motivation,Day,
8572,Instagram,Video,2025-12-14,6628,6100,3724,251,76,214,59,29,Organic,0,Promotion,Night,
8573,Instagram,Story,2023-06-02,3430,3089,2633,28,339,850,9,151,Organic,0,Education,Day,
8574,Instagram,Video,2022-04-23,11952,10658,822,76,222,1481,189,43,Organic,0,Promotion,Night,
8575,YouTube,Image,2023-07-21,17157,10970,7290,162,119,1687,35,123,Paid,3148,Promotion,Day,
8576,YouTube,Video,2025-12-03,19555,19345,14016,48,428,2711,265,83,Paid,4673,Education,Day,
8577,YouTube,Story,2023-11-26,3410,3151,2926,88,333,416,75,84,Organic,0,Education,Day,
8578,Facebook,Reel,2022-01-05,4785,3909,211,12,450,757,147,31,Organic,0,Motivation,Night,
8579,Facebook,Story,2021-11-18,10668,8648,6761,282,319,2483,148,108,Organic,0,Education,Night,
8580,Instagram,Video,2023-04-15,16340,13089,1908,274,190,2577,104,78,Organic,0,Education,Day,
8581,YouTube,Reel,2025-08-29,16183,10006,981,243,118,202,5,72,Organic,0,Education,Night,
8582,Instagram,Image,2022-10-21,15519,13829,1888,172,487,3577,822,151,Paid,3422,Awareness,Night,
8583,YouTube,Story,2021-03-29,11857,11066,1133,117,279,676,145,32,Organic,0,Education,Day,
8584,Instagram,Reel,2023-02-27,14705,11391,10627,244,76,294,59,127,Organic,0,Education,Night,
8585,Facebook,Video,2025-06-24,16894,11531,6525,97,176,1411,301,165,Paid,2748,Education,Day,
8586,Instagram,Video,2024-11-30,8177,5401,381,15,310,320,15,142,Organic,0,Motivation,Day,
8587,YouTube,Story,2023-12-16,4547,3085,2141,221,48,639,150,87,Organic,0,Promotion,Night,
8588,YouTube,Story,2021-01-01,8143,7687,7440,266,13,341,12,34,Organic,0,Education,Day,
8589,Facebook,Video,2021-04-27,15896,13347,2721,29,479,3554,175,26,Organic,0,Education,Night,
8590,YouTube,Image,2024-04-03,9315,8529,5897,192,115,1398,344,7,Paid,3701,Motivation,Night,
8591,Instagram,Story,2022-05-27,18095,16242,14119,200,279,2478,329,105,Organic,0,Promotion,Night,
8592,YouTube,Video,2021-12-21,4718,4099,74,97,444,854,196,109,Organic,0,Motivation,Day,
8593,Facebook,Story,2023-08-12,15539,11232,7838,18,265,1601,100,6,Organic,0,Entertainment,Day,
8594,Facebook,Video,2025-08-25,3285,2649,1865,253,449,65,17,58,Organic,0,Entertainment,Day,
8595,YouTube,Image,2023-12-15,18722,13087,1045,148,354,877,218,2965,Paid,92594,Entertainment,Night,
8596,Instagram,Story,2023-01-17,10923,9801,3639,34,31,1082,181,111,Paid,1442,Education,Day,
8597,Instagram,Image,2025-11-09,2439,2419,1269,93,242,139,26,172,Paid,280,Motivation,Day,
8598,Facebook,Video,2023-12-08,11456,10514,2882,190,179,290,34,127,Organic,0,Education,Day,
8599,Facebook,Image,2022-02-20,5306,3583,2324,128,141,830,88,6,Organic,0,Entertainment,Day,
8600,Facebook,Story,2024-09-27,15793,11535,9032,211,419,39,1,115,Organic,0,Promotion,Day,
8601,YouTube,Image,2024-03-29,14666,13110,2616,184,131,3530,578,6,Organic,0,Promotion,Day,
8602,Facebook,Reel,2025-09-16,11845,8493,4495,14,416,2169,193,97,Organic,0,Motivation,Day,
8603,Facebook,Video,2025-02-13,5530,4089,558,82,451,66,16,105,Organic,0,Promotion,Night,
8604,Instagram,Video,2025-03-10,10243,7738,876,24,76,1802,107,101,Paid,3686,Entertainment,Night,
8605,Facebook,Reel,2022-09-25,9088,7793,5511,28,31,1222,59,115,Organic,0,Motivation,Night,
8606,Instagram,Story,2023-06-24,19627,14255,10221,49,290,331,15,10,Organic,0,Motivation,Day,
8607,Facebook,Story,2022-08-29,6732,6125,793,57,3,414,17,131,Organic,0,Entertainment,Night,
8608,YouTube,Story,2024-10-30,14983,14724,10205,32,37,3698,63,108,Organic,0,Entertainment,Night,
8609,Instagram,Image,2025-06-16,14568,13472,10544,285,392,3534,457,151,Organic,0,Entertainment,Night,
8610,Instagram,Story,2024-05-30,15843,13300,12219,199,225,1696,73,159,Organic,0,Entertainment,Day,
8611,Facebook,Image,2021-08-30,7847,4716,4543,89,37,945,75,5,Organic,0,Motivation,Night,
8612,YouTube,Image,2025-01-02,5466,5260,4202,129,486,1236,14,3548,Organic,0,Promotion,Day,
8613,YouTube,Story,2023-10-21,13894,10716,5992,226,477,727,136,44,Paid,3225,Entertainment,Day,
8614,Facebook,Image,2023-11-17,13682,9771,3160,49,44,2768,374,36,Organic,0,Awareness,Day,
8615,Facebook,Reel,2025-01-31,3799,2719,1284,287,195,374,36,21,Organic,0,Motivation,Night,
8616,Instagram,Story,2025-06-13,16393,12080,3676,61,105,1309,208,130,Organic,0,Education,Day,
8617,YouTube,Reel,2023-03-02,6373,6020,3440,256,95,226,47,12,Organic,0,Promotion,Day,
8618,Facebook,Video,2021-10-25,8185,5875,5803,149,220,1354,371,61,Paid,1998,Motivation,Night,
8619,Facebook,Image,2023-03-02,1125,1112,609,17,240,264,37,46,Organic,0,Entertainment,Day,
8620,Facebook,Video,2025-04-02,5367,4398,4208,244,319,1082,23,102,Organic,0,Awareness,Day,
8621,Facebook,Video,2023-09-27,16834,10938,8859,130,285,3200,954,141,Paid,2778,Education,Day,
8622,Instagram,Video,2023-10-01,3664,2850,296,183,376,715,40,124,Organic,0,Promotion,Day,
8623,Instagram,Reel,2021-01-29,6312,5807,3486,42,435,658,179,91,Organic,0,Entertainment,Day,
8624,Instagram,Reel,2021-04-27,8827,6063,1333,87,99,72,9,167,Organic,0,Motivation,Day,
8625,Facebook,Image,2021-07-15,13690,9622,9224,40,409,2632,518,58,Organic,0,Motivation,Night,
8626,Instagram,Reel,2021-02-23,4421,4268,3444,198,46,168,13,88,Paid,3513,Promotion,Night,
8627,Instagram,Image,2024-03-30,14268,12308,9731,224,268,3677,224,29,Organic,0,Awareness,Day,
8628,Instagram,Video,2023-02-17,3203,2700,1109,32,221,177,25,71,Organic,0,Entertainment,Day,
8629,Instagram,Image,2024-11-13,18880,12751,672,27,227,1667,339,178,Organic,0,Promotion,Day,
8630,YouTube,Reel,2023-07-15,8051,5491,697,181,63,227,17,156,Organic,0,Promotion,Day,
8631,Instagram,Reel,2025-09-24,15554,14663,7515,112,55,155,38,50,Organic,0,Motivation,Day,
8632,Facebook,Reel,2022-06-02,15051,12920,9079,132,73,832,212,26,Organic,0,Promotion,Day,
8633,YouTube,Image,2025-02-14,15133,13078,8195,143,4,2128,424,143,Organic,0,Education,Day,
8634,YouTube,Reel,2024-08-24,11618,9429,283,208,54,2219,356,12,Organic,0,Education,Day,
8635,YouTube,Image,2025-11-30,5150,4636,103,54,138,1049,243,43,Paid,1725,Entertainment,Day,
8636,YouTube,Story,2023-09-19,9723,8366,2056,252,284,2057,467,167,Organic,0,Promotion,Night,
8637,Facebook,Reel,2023-01-03,4214,4021,880,288,350,297,87,53,Organic,0,Motivation,Night,
8638,Facebook,Reel,2025-12-23,19441,12292,6877,256,215,2420,503,50,Organic,0,Entertainment,Night,
8639,YouTube,Reel,2021-05-19,9714,6478,5792,200,34,240,40,42,Paid,2520,Awareness,Night,
8640,Facebook,Reel,2023-12-17,1225,1035,981,249,161,33,2,140,Paid,2774,Motivation,Day,
8641,Facebook,Reel,2024-03-06,13371,10900,8042,219,366,782,155,58,Paid,409,Awareness,Night,
8642,Instagram,Reel,2023-05-14,16307,11654,7137,212,394,3282,160,169,Organic,0,Entertainment,Day,
8643,Instagram,Reel,2021-06-28,15751,13075,3311,174,337,867,14,96,Paid,2005,Education,Night,
8644,Instagram,Reel,2024-10-12,5482,5278,2315,19,473,1382,314,44,Organic,0,Motivation,Night,
8645,Instagram,Reel,2025-03-12,15998,10191,7950,205,223,2867,759,38,Organic,0,Motivation,Day,
8646,Instagram,Video,2023-12-05,9500,7669,5249,161,196,2164,314,100,Organic,0,Entertainment,Day,
8647,YouTube,Image,2024-12-21,9222,6015,3291,201,466,469,20,83,Paid,210,Motivation,Day,
8648,Instagram,Reel,2024-12-08,2453,2212,1243,170,60,157,39,131,Paid,960,Motivation,Day,
8649,Facebook,Video,2021-01-14,7628,7555,623,133,407,1452,210,21,Paid,1527,Entertainment,Night,
8650,YouTube,Image,2021-05-27,18050,10946,10266,173,443,1647,283,165,Paid,1377,Promotion,Night,
8651,YouTube,Reel,2023-03-29,12942,7775,3522,87,116,835,164,179,Organic,0,Entertainment,Day,
8652,Facebook,Story,2025-02-20,16559,12575,3433,78,488,88,10,114,Organic,0,Motivation,Day,
8653,Facebook,Story,2023-09-14,7056,5950,3187,93,145,20,1,56,Organic,0,Entertainment,Day,
8654,Instagram,Story,2022-02-24,2822,2462,2437,132,367,704,132,122,Paid,2692,Motivation,Night,
8655,YouTube,Reel,2025-06-21,12682,11912,298,241,326,1979,55,13,Organic,0,Awareness,Night,
8656,YouTube,Video,2022-09-19,3135,1969,845,230,482,336,48,37,Paid,2657,Awareness,Day,
8657,Instagram,Story,2023-02-28,11010,7474,5516,67,146,1526,268,117,Organic,0,Education,Night,
8658,Instagram,Video,2024-12-08,1740,1692,647,189,458,274,63,153,Organic,0,Entertainment,Night,
8659,Instagram,Story,2023-04-30,1555,1397,1183,192,320,169,31,89,Organic,0,Entertainment,Day,
8660,Instagram,Video,2021-07-16,9114,9013,6459,159,85,2344,187,14,Organic,0,Awareness,Night,
8661,YouTube,Image,2025-04-19,10026,8947,5993,148,381,252,36,10,Paid,2510,Awareness,Day,
8662,Instagram,Video,2025-09-25,11594,7605,413,90,362,305,91,119,Organic,0,Awareness,Day,
8663,Instagram,Image,2024-12-28,5521,3933,3589,80,215,874,169,125,Organic,0,Education,Day,
8664,Instagram,Video,2025-10-20,13302,9082,7595,278,336,1238,117,145,Organic,0,Education,Night,
8665,Facebook,Image,2024-01-06,3131,2496,1476,285,195,535,10,69,Organic,0,Promotion,Day,
8666,Facebook,Video,2021-11-08,4386,3242,2834,39,434,417,78,24,Organic,0,Entertainment,Night,
8667,Instagram,Image,2023-08-09,8285,7756,2254,46,87,1562,275,61,Organic,0,Education,Night,
8668,YouTube,Story,2023-09-22,6691,6095,2187,157,474,969,219,50,Paid,4512,Motivation,Night,
8669,Facebook,Story,2023-03-04,16540,16502,2084,116,458,581,137,140,Organic,0,Entertainment,Night,
8670,Facebook,Image,2021-04-18,2698,2138,575,266,389,37,8,14,Organic,0,Promotion,Day,
8671,Facebook,Image,2022-11-02,8585,6451,827,144,94,1490,358,117,Organic,0,Awareness,Day,
8672,Facebook,Video,2021-06-21,16299,10037,2993,32,77,2403,223,143,Organic,0,Promotion,Day,
8673,Instagram,Reel,2022-04-15,11992,11969,10302,68,368,3341,343,16,Organic,0,Entertainment,Day,
8674,Instagram,Reel,2023-04-29,10443,7242,5382,23,217,674,108,142,Organic,0,Awareness,Night,
8675,YouTube,Video,2023-04-25,19403,18957,4989,263,280,2674,401,157,Organic,0,Promotion,Night,
8676,YouTube,Video,2025-09-04,11853,9599,2156,14,46,281,8,15,Organic,0,Promotion,Day,
8677,YouTube,Story,2025-12-03,12755,7929,3026,130,368,633,96,122,Organic,0,Entertainment,Night,
8678,YouTube,Story,2024-10-05,5957,5473,529,26,159,1415,228,168,Paid,1761,Education,Night,
8679,Instagram,Story,2023-08-25,12725,8752,7074,259,481,2135,548,43,Paid,4145,Motivation,Night,
8680,Facebook,Story,2024-12-20,17741,10819,10224,164,79,2532,25,57,Organic,0,Promotion,Day,
8681,YouTube,Story,2025-12-01,13473,8309,4804,196,141,1373,360,60,Organic,0,Motivation,Night,
8682,Facebook,Video,2025-07-28,4073,2856,432,65,85,497,37,108,Organic,0,Entertainment,Day,
8683,Facebook,Image,2024-02-18,7844,5024,1875,212,216,620,67,133,Organic,0,Entertainment,Day,
8684,Instagram,Story,2022-10-13,17521,10783,8923,175,386,717,155,60,Paid,3927,Education,Day,
8685,Instagram,Reel,2023-07-05,19468,17445,13498,177,447,5184,1221,122,Paid,506,Awareness,Day,
8686,YouTube,Story,2023-04-21,17024,10525,4649,98,450,232,44,136,Organic,0,Motivation,Day,
8687,Instagram,Video,2021-07-10,5784,3603,2920,210,91,180,45,34,Organic,0,Promotion,Day,
8688,Facebook,Image,2025-05-24,9066,7754,749,99,195,1337,372,16,Organic,0,Awareness,Night,
8689,YouTube,Reel,2021-01-18,4049,3093,2030,132,321,811,26,39,Organic,0,Motivation,Night,
8690,YouTube,Video,2025-06-23,19736,17460,13743,262,398,1215,63,81,Paid,545,Motivation,Night,
8691,Instagram,Image,2025-01-07,13659,8493,5372,228,473,201,44,163,Organic,0,Awareness,Day,
8692,Instagram,Reel,2022-11-08,4055,3174,2827,96,294,370,100,106,Organic,0,Awareness,Night,
8693,Facebook,Video,2023-04-17,10304,10251,4620,172,233,1704,316,91,Organic,0,Education,Night,
8694,Facebook,Video,2025-08-27,17719,17146,11019,61,308,3064,634,56,Organic,0,Promotion,Day,
8695,Facebook,Video,2024-05-06,19047,18992,11739,192,9,237,40,84,Organic,0,Promotion,Night,
8696,Instagram,Reel,2025-11-08,8051,5354,2786,49,28,798,214,139,Organic,0,Promotion,Night,
8697,YouTube,Image,2022-05-24,8629,5574,274,122,116,745,218,26,Organic,0,Awareness,Day,
8698,Instagram,Image,2023-09-19,1025,698,680,215,283,70,13,79,Paid,4583,Education,Night,
8699,Instagram,Video,2023-05-21,19184,19054,1855,260,27,3651,10,62,Paid,3155,Entertainment,Night,
8700,Facebook,Image,2024-02-28,3175,1920,1014,87,90,481,39,97,Organic,0,Education,Night,
8701,Facebook,Image,2022-11-30,10298,8952,588,103,132,1438,59,107,Paid,4738,Awareness,Night,
8702,Instagram,Video,2021-07-09,7652,5750,5439,25,27,1624,293,144,Organic,0,Education,Night,
8703,Facebook,Video,2023-10-06,8642,7858,2740,273,116,1403,418,11,Paid,4545,Awareness,Night,
8704,YouTube,Image,2022-07-30,8185,7564,2329,251,191,1261,303,132,Paid,2157,Motivation,Night,
8705,Instagram,Reel,2024-02-18,2929,2636,2309,94,259,213,51,59,Organic,0,Motivation,Night,
8706,Facebook,Reel,2024-08-28,14073,10122,4125,40,497,1539,298,110,Paid,2999,Entertainment,Night,
8707,Instagram,Video,2023-05-08,3091,2599,1635,181,480,140,22,66,Organic,0,Motivation,Night,
8708,YouTube,Video,2024-12-16,2613,2450,1414,151,31,303,27,94,Organic,0,Entertainment,Day,
8709,Instagram,Reel,2021-07-24,14240,13213,6310,285,90,1743,378,102,Organic,0,Promotion,Night,
8710,YouTube,Reel,2025-04-11,15945,10724,604,31,297,1388,208,81,Paid,443,Awareness,Day,
8711,Instagram,Image,2021-07-07,5846,4142,968,188,180,570,18,123,Paid,2614,Promotion,Day,
8712,Facebook,Image,2021-08-19,7291,6131,2383,80,402,1004,123,40,Organic,0,Promotion,Day,
8713,Facebook,Reel,2021-07-29,3162,2110,1775,121,214,350,16,93,Organic,0,Entertainment,Day,
8714,Instagram,Reel,2021-03-22,1234,1035,759,186,51,300,63,156,Organic,0,Awareness,Day,
8715,Facebook,Image,2022-05-08,8622,5556,4433,266,480,48,12,176,Paid,4478,Entertainment,Night,
8716,YouTube,Reel,2022-08-28,15078,10639,3690,4,343,1363,304,149,Organic,0,Education,Night,
8717,Instagram,Story,2023-07-10,16478,12800,4083,238,485,1551,388,134,Paid,1341,Promotion,Day,
8718,YouTube,Reel,2022-06-04,17038,10517,6015,211,106,2488,404,145,Organic,0,Awareness,Night,
8719,YouTube,Reel,2023-06-10,17654,16946,3587,79,32,2980,69,163,Organic,0,Promotion,Night,
8720,YouTube,Video,2025-02-20,3660,2810,1276,169,430,271,16,97,Organic,0,Education,Day,
8721,Facebook,Story,2023-09-04,10039,6255,840,175,130,501,35,118,Paid,3656,Education,Day,
8722,Instagram,Reel,2023-01-16,15193,11172,2235,255,37,749,39,32,Organic,0,Awareness,Day,
8723,Instagram,Video,2022-09-12,7005,6783,5495,54,150,19,3,159,Paid,1295,Awareness,Night,
8724,Facebook,Image,2025-08-17,17975,13937,8327,96,67,1340,311,147,Organic,0,Education,Day,
8725,YouTube,Reel,2023-12-03,17518,12850,12517,292,378,1323,98,37,Organic,0,Promotion,Night,
8726,YouTube,Story,2023-06-08,5089,4908,97,14,377,1285,222,24,Paid,2655,Motivation,Day,
8727,Instagram,Image,2025-02-13,19991,16559,1372,33,240,4787,461,174,Paid,4123,Promotion,Day,
8728,Facebook,Story,2021-06-27,5746,3758,2647,238,492,752,177,144,Paid,1590,Motivation,Day,
8729,Instagram,Story,2021-05-04,10274,8285,4093,46,498,170,3,105,Organic,0,Entertainment,Day,
8730,Instagram,Story,2025-08-19,6301,4300,1521,113,79,334,91,27,Organic,0,Awareness,Night,
8731,Facebook,Story,2022-09-24,15491,10647,560,113,257,1216,324,116,Organic,0,Education,Day,
8732,Instagram,Story,2023-09-13,19940,19321,19158,164,93,1710,311,18,Organic,0,Entertainment,Day,
8733,Instagram,Image,2025-01-31,7146,4906,2424,92,80,653,51,95,Paid,2669,Promotion,Day,
8734,Facebook,Story,2022-08-13,14475,12306,3953,176,62,258,48,157,Organic,0,Motivation,Night,
8735,YouTube,Image,2023-04-09,10393,9178,654,165,175,1173,344,81,Organic,0,Awareness,Night,
8736,Facebook,Story,2022-12-18,8496,7158,4682,50,375,1487,181,89,Organic,0,Motivation,Night,
8737,Instagram,Image,2022-07-03,18347,15646,11207,129,140,511,56,113,Organic,0,Promotion,Night,
8738,Facebook,Video,2024-12-13,19915,14811,2026,35,114,2739,216,35,Organic,0,Promotion,Day,
8739,YouTube,Reel,2025-02-17,2791,2765,428,218,51,212,18,126,Organic,0,Education,Day,
8740,Facebook,Image,2021-07-07,15825,12932,3390,51,327,570,91,111,Organic,0,Entertainment,Day,
8741,Facebook,Reel,2024-05-16,1986,1342,447,48,73,326,84,58,Organic,0,Awareness,Day,
8742,Facebook,Video,2024-08-30,15321,11861,27,28,462,3305,144,137,Paid,4566,Education,Day,
8743,Facebook,Image,2025-04-03,15567,11661,1237,4,182,3283,873,145,Organic,0,Motivation,Night,
8744,YouTube,Video,2022-07-16,9380,7769,469,277,477,1194,18,160,Organic,0,Entertainment,Night,
8745,Facebook,Video,2023-11-30,13469,11432,5153,106,318,1681,169,47,Paid,1607,Awareness,Day,
8746,YouTube,Reel,2025-11-30,9130,7026,5034,107,197,637,37,93,Paid,1600,Motivation,Day,
8747,Facebook,Story,2022-07-02,10044,9195,7060,184,356,1758,357,119,Paid,1209,Awareness,Night,
8748,Instagram,Story,2023-01-13,19451,19083,1684,239,461,1175,7,103,Paid,3606,Awareness,Night,
8749,YouTube,Image,2024-05-16,7958,5389,1513,29,444,754,118,51,Organic,0,Entertainment,Day,
8750,YouTube,Story,2024-05-26,16758,13958,3054,107,472,1356,212,75,Organic,0,Motivation,Day,
8751,Instagram,Image,2024-08-25,5238,3304,599,231,456,616,156,170,Organic,0,Education,Night,
8752,YouTube,Reel,2021-01-24,5369,4613,305,6,436,68,15,71,Organic,0,Education,Night,
8753,Facebook,Reel,2023-01-19,19016,13737,2135,74,245,374,60,66,Paid,2748,Education,Day,
8754,Facebook,Reel,2024-04-28,5162,4376,518,253,263,1049,164,113,Organic,0,Awareness,Day,
8755,Facebook,Image,2025-08-12,11956,11310,3362,139,27,1928,517,171,Paid,334,Promotion,Day,
8756,Facebook,Image,2023-09-09,12509,9412,7196,233,465,2212,405,41,Paid,3059,Entertainment,Night,
8757,Facebook,Image,2023-06-25,1399,1031,973,72,284,246,24,123,Organic,0,Education,Day,
8758,YouTube,Story,2025-12-10,2282,1576,1401,206,379,209,28,90,Paid,2341,Entertainment,Night,
8759,Instagram,Image,2022-01-31,13097,8128,4311,74,490,361,23,130,Organic,0,Awareness,Day,
8760,Facebook,Image,2022-07-11,6713,4833,299,277,112,1310,315,2529,Organic,0,Entertainment,Night,
8761,YouTube,Story,2023-02-10,11029,7016,5537,118,202,1780,155,56,Paid,364,Education,Night,
8762,Instagram,Image,2024-01-09,11237,9272,7211,150,173,299,34,95,Organic,0,Education,Day,
8763,Facebook,Reel,2021-09-06,19680,17807,12421,263,387,4638,564,37,Paid,3187,Awareness,Day,
8764,Facebook,Video,2024-12-12,1172,980,600,98,85,269,67,85,Organic,0,Awareness,Day,
8765,Instagram,Video,2022-08-07,1645,1436,974,181,486,306,49,46,Organic,0,Motivation,Night,
8766,Facebook,Video,2022-04-17,12630,8639,2989,179,164,1374,363,116,Paid,2980,Awareness,Day,
8767,YouTube,Video,2025-04-04,5541,4638,4457,294,352,57,0,130,Organic,0,Promotion,Night,
8768,Instagram,Video,2025-11-15,16270,11403,10848,89,240,3003,487,159,Organic,0,Promotion,Night,
8769,YouTube,Reel,2025-11-05,17985,14673,14472,58,429,459,50,140,Organic,0,Education,Day,
8770,Instagram,Reel,2024-07-12,12099,11362,650,100,361,3166,214,155,Paid,3952,Awareness,Night,
8771,Instagram,Image,2025-02-13,5115,4115,2223,114,491,706,134,110,Organic,0,Promotion,Night,
8772,Facebook,Reel,2024-11-03,13602,8345,3953,200,70,1195,257,129,Paid,3432,Promotion,Night,
8773,Instagram,Video,2025-02-08,18975,17004,14200,20,352,935,224,117,Organic,0,Motivation,Day,
8774,Facebook,Video,2025-07-04,10618,10177,6386,176,36,266,68,68,Organic,0,Awareness,Night,
8775,Instagram,Reel,2025-12-20,8616,5514,4627,208,229,1198,62,127,Paid,4680,Motivation,Day,
8776,Facebook,Image,2023-03-12,7568,4603,1673,275,499,914,129,118,Organic,0,Entertainment,Night,
8777,YouTube,Image,2021-06-06,13369,10449,8986,50,87,1592,428,24,Organic,0,Motivation,Day,
8778,YouTube,Image,2024-06-23,15793,13217,6955,166,435,3480,526,20,Paid,588,Entertainment,Night,
8779,YouTube,Reel,2023-11-09,11483,11086,9821,33,209,2500,565,149,Paid,3604,Entertainment,Night,
8780,YouTube,Story,2024-07-03,5750,5426,5250,60,267,70,9,23,Organic,0,Awareness,Day,
8781,YouTube,Reel,2022-05-01,12898,11147,1800,205,255,523,60,124,Organic,0,Entertainment,Day,
8782,Instagram,Reel,2022-04-26,6885,6510,5570,157,328,96,1,140,Paid,1694,Entertainment,Day,
8783,Facebook,Story,2024-04-12,17099,10742,1951,183,498,3027,677,170,Paid,2951,Motivation,Day,
8784,Instagram,Story,2022-09-02,3828,2696,602,17,325,53,15,42,Paid,1747,Awareness,Night,
8785,YouTube,Video,2025-11-13,1263,858,375,244,331,179,39,97,Organic,0,Awareness,Night,
8786,YouTube,Reel,2024-10-28,2117,1836,851,123,408,201,37,109,Paid,4236,Entertainment,Day,
8787,YouTube,Image,2023-10-31,1071,747,67,209,402,13,3,104,Organic,0,Motivation,Day,
8788,Facebook,Image,2022-07-19,9524,6318,827,75,322,1489,310,94,Organic,0,Motivation,Night,
8789,Facebook,Video,2024-09-21,12564,11539,11382,84,96,2498,548,163,Organic,0,Motivation,Day,
8790,YouTube,Video,2021-03-01,7222,4813,4418,94,347,1402,215,48,Organic,0,Motivation,Night,
8791,Instagram,Video,2021-06-28,13183,11207,2786,48,179,985,40,80,Organic,0,Education,Day,
8792,Instagram,Video,2025-07-14,7876,4929,1315,235,431,1042,7,149,Organic,0,Entertainment,Night,
8793,YouTube,Reel,2024-01-23,14525,9305,8401,127,125,1911,500,83,Organic,0,Entertainment,Day,
8794,YouTube,Reel,2022-06-10,5327,4093,3105,105,342,564,95,77,Organic,0,Entertainment,Day,
8795,YouTube,Image,2023-11-25,3794,3253,727,57,373,696,127,171,Organic,0,Awareness,Day,
8796,Instagram,Image,2023-05-01,9987,9896,5547,224,425,655,121,174,Organic,0,Awareness,Night,
8797,Facebook,Story,2021-05-19,1705,1512,247,209,111,217,19,144,Organic,0,Motivation,Day,
8798,YouTube,Video,2022-08-05,11258,7204,186,193,333,569,16,100,Organic,0,Awareness,Night,
8799,YouTube,Video,2025-11-29,4941,3213,3062,199,490,872,134,93,Organic,0,Promotion,Day,
8800,YouTube,Video,2022-01-17,10277,8800,4173,32,354,1382,257,107,Organic,0,Entertainment,Day,
8801,Instagram,Video,2021-09-12,5164,4205,2517,208,170,519,91,150,Paid,4400,Entertainment,Day,
8802,YouTube,Reel,2024-07-03,9107,8670,8381,241,311,1903,2,10,Paid,2854,Education,Day,
8803,YouTube,Reel,2024-07-04,17981,17521,7990,194,499,1921,187,126,Paid,3494,Education,Day,
8804,Facebook,Story,2024-05-08,15452,12871,3337,152,75,3438,50,175,Organic,0,Promotion,Day,
8805,YouTube,Story,2021-09-07,12602,8104,4100,273,437,2032,61,120,Organic,0,Education,Night,
8806,Instagram,Story,2023-02-04,3990,3783,551,135,286,321,15,167,Organic,0,Motivation,Night,
8807,Facebook,Image,2025-11-28,19881,16998,4037,104,6,2045,1,66,Paid,906,Motivation,Night,
8808,Facebook,Video,2024-02-13,4346,3434,1264,35,53,187,55,148,Organic,0,Entertainment,Day,
8809,YouTube,Video,2021-09-09,6942,4433,3482,60,24,267,49,140,Organic,0,Motivation,Day,
8810,Facebook,Image,2023-05-07,5483,4885,3595,261,12,965,136,93,Organic,0,Education,Day,
8811,Instagram,Reel,2021-08-03,7349,5573,4865,110,356,1170,99,100,Organic,0,Promotion,Day,
8812,Instagram,Video,2023-06-24,10959,8503,5597,225,153,1500,185,130,Paid,4849,Motivation,Day,
8813,Instagram,Story,2021-08-08,16977,10869,6716,149,267,2011,453,94,Paid,3621,Entertainment,Day,
8814,YouTube,Reel,2022-04-28,19849,17566,8578,200,300,3082,258,90,Paid,4881,Entertainment,Day,
8815,Facebook,Image,2022-10-29,13661,10102,31,300,315,437,25,163,Organic,0,Education,Day,
8816,Instagram,Reel,2022-02-19,7449,7349,426,76,220,653,99,142,Paid,622,Motivation,Day,
8817,Instagram,Video,2021-10-04,6160,3775,456,177,74,579,131,125,Organic,0,Education,Day,
8818,YouTube,Video,2024-01-11,3303,2903,276,267,419,785,53,80,Paid,3396,Entertainment,Day,
8819,Facebook,Reel,2024-11-23,15571,11295,4664,244,50,3038,210,96,Organic,0,Promotion,Night,
8820,Facebook,Image,2025-11-08,12215,8659,7791,119,314,1399,285,74,Organic,0,Motivation,Day,
8821,Instagram,Reel,2024-03-11,2978,2174,2130,52,483,105,24,152,Organic,0,Promotion,Day,
8822,Facebook,Story,2024-08-12,18677,17547,1220,234,123,4178,757,137,Organic,0,Motivation,Day,
8823,Facebook,Story,2021-02-11,10473,8157,5142,229,358,339,73,27,Paid,4285,Entertainment,Day,
8824,Facebook,Image,2025-03-31,7952,5902,5795,236,173,807,158,141,Paid,3382,Motivation,Night,
8825,YouTube,Story,2021-05-05,19020,18095,9398,77,455,4871,970,62,Organic,0,Entertainment,Day,
8826,Instagram,Story,2025-01-19,5365,5238,3896,233,449,81,19,50,Organic,0,Awareness,Day,
8827,Facebook,Reel,2022-10-20,6133,3821,1699,281,414,96,23,26,Organic,0,Entertainment,Night,
8828,Facebook,Image,2024-02-09,18196,16819,8958,112,160,4881,106,12,Paid,1845,Entertainment,Day,
8829,YouTube,Image,2021-03-07,9062,8885,8012,211,231,2231,180,127,Organic,0,Motivation,Night,
8830,Instagram,Video,2024-08-28,3593,2490,284,189,113,585,68,24,Organic,0,Promotion,Night,
8831,Instagram,Video,2024-12-09,1068,955,824,227,99,55,4,82,Organic,0,Entertainment,Day,
8832,Facebook,Reel,2023-04-19,13638,11459,8137,64,132,731,13,43,Organic,0,Motivation,Day,
8833,Facebook,Image,2024-03-06,10126,7935,3854,133,186,48,13,41,Paid,3459,Entertainment,Night,
8834,YouTube,Reel,2021-10-25,1442,1329,730,68,222,33,6,166,Organic,0,Education,Night,
8835,Instagram,Story,2024-07-19,12379,10413,7274,208,455,1362,354,79,Organic,0,Education,Night,
8836,YouTube,Video,2025-09-13,17839,11707,5860,214,429,454,41,122,Paid,4834,Education,Day,
8837,Facebook,Story,2021-04-10,11506,9496,334,246,408,1416,124,108,Organic,0,Education,Day,
8838,YouTube,Image,2023-07-29,10114,6883,79,243,334,835,135,165,Organic,0,Promotion,Night,
8839,Instagram,Reel,2022-04-11,12844,12670,4686,85,99,2939,219,35,Organic,0,Entertainment,Day,
8840,YouTube,Reel,2021-09-23,19303,14035,8925,6,49,2053,567,127,Organic,0,Education,Day,
8841,Instagram,Video,2022-02-17,16449,10381,2001,279,220,150,25,58,Organic,0,Motivation,Night,
8842,YouTube,Story,2024-01-19,18110,17500,8534,97,141,4815,497,176,Paid,653,Education,Day,
8843,YouTube,Story,2021-06-09,11918,11239,907,111,388,2847,706,38,Paid,2934,Awareness,Night,
8844,Instagram,Image,2025-11-14,17621,12725,106,128,444,3089,63,126,Paid,2871,Awareness,Night,
8845,Facebook,Image,2021-08-22,4035,3583,897,66,119,406,103,117,Paid,4907,Promotion,Day,
8846,YouTube,Image,2022-11-05,7295,5715,1150,96,430,208,36,66,Organic,0,Awareness,Night,
8847,Instagram,Reel,2024-10-14,9074,6692,4529,278,120,559,6,27,Organic,0,Motivation,Night,
8848,Facebook,Image,2024-10-23,8964,6183,1675,117,167,430,114,50,Organic,0,Education,Day,
8849,Facebook,Story,2021-11-27,18182,11392,9314,257,34,1336,281,60,Paid,962,Awareness,Day,
8850,YouTube,Story,2022-11-16,10277,6264,2803,210,249,662,157,139,Organic,0,Awareness,Day,
8851,YouTube,Image,2025-09-28,9984,7642,1629,26,19,1232,68,122,Organic,0,Promotion,Night,
8852,YouTube,Story,2023-08-07,14601,10723,8584,245,30,1603,150,135,Organic,0,Awareness,Day,
8853,Instagram,Video,2021-04-02,10624,7525,4946,72,317,2172,641,170,Organic,0,Education,Day,
8854,YouTube,Image,2022-03-16,10552,8543,8005,293,452,1814,432,166,Organic,0,Entertainment,Day,
8855,Instagram,Video,2025-05-17,8849,7399,929,124,430,77,8,117,Paid,4108,Education,Day,
8856,YouTube,Story,2025-10-30,1289,976,606,55,300,232,55,48,Organic,0,Awareness,Day,
8857,YouTube,Story,2023-08-17,4214,4038,1864,296,458,1009,289,132,Paid,1480,Awareness,Day,
8858,YouTube,Reel,2023-10-30,15673,11176,7995,35,500,408,2,112,Organic,0,Awareness,Day,
8859,Instagram,Image,2022-10-13,8473,6812,4262,144,36,340,23,162,Paid,2745,Promotion,Day,
8860,YouTube,Video,2021-09-20,19476,11760,1914,112,422,1020,76,21,Paid,3685,Motivation,Night,
8861,Instagram,Image,2024-02-11,17608,14726,14175,15,450,3494,139,63,Paid,568,Education,Night,
8862,Facebook,Story,2021-06-13,16475,10003,8125,81,393,2522,315,142,Organic,0,Awareness,Day,
8863,Facebook,Story,2022-11-29,9282,5932,2869,106,371,841,142,103,Organic,0,Entertainment,Night,
8864,YouTube,Story,2024-07-05,13779,12908,3270,158,4,2083,75,88,Organic,0,Promotion,Day,
8865,Instagram,Reel,2025-09-20,12916,9567,3475,21,351,1203,254,150,Organic,0,Motivation,Day,
8866,Facebook,Reel,2023-08-23,18685,11751,4428,181,207,3149,51,49,Organic,0,Awareness,Day,
8867,Instagram,Reel,2025-09-13,12719,8216,6360,232,425,919,13,112,Paid,4799,Education,Day,
8868,Instagram,Reel,2024-06-13,10846,9147,5192,293,303,1020,115,66,Organic,0,Entertainment,Day,
8869,Facebook,Reel,2024-08-31,19515,12349,7878,50,162,1805,30,63,Organic,0,Promotion,Day,
8870,Facebook,Reel,2023-09-14,7095,4826,1141,211,102,926,120,164,Organic,0,Education,Day,
8871,Instagram,Video,2021-08-14,18301,14438,3159,280,427,914,239,142,Paid,4535,Education,Day,
8872,Instagram,Video,2025-05-30,7208,5713,238,183,78,1076,53,15,Paid,1297,Promotion,Day,
8873,Instagram,Reel,2022-10-06,10767,9087,6003,159,91,50,6,106,Organic,0,Education,Night,
8874,Facebook,Story,2024-08-27,3342,2243,1939,202,46,204,56,74,Organic,0,Entertainment,Day,
8875,Instagram,Image,2021-05-04,11156,8837,7989,280,155,1215,11,127,Paid,4363,Entertainment,Night,
8876,Instagram,Video,2021-11-30,8228,5275,902,6,347,698,43,179,Organic,0,Education,Day,
8877,YouTube,Image,2022-11-30,16279,12265,6053,121,4,1781,359,38,Organic,0,Awareness,Day,
8878,Instagram,Image,2021-02-22,6881,6807,6477,177,333,1937,6,105,Paid,2143,Education,Night,
8879,YouTube,Video,2022-09-14,6331,4570,2367,81,75,320,6,149,Paid,1919,Awareness,Night,
8880,Facebook,Story,2021-11-17,10126,7979,4104,161,24,39,4,108,Organic,0,Education,Day,
8881,Instagram,Story,2021-10-10,3467,2491,81,287,315,413,61,44,Organic,0,Motivation,Day,
8882,YouTube,Story,2025-09-29,8767,5836,5646,281,348,1479,27,23,Organic,0,Entertainment,Day,
8883,Facebook,Reel,2025-12-09,15506,11949,2621,196,310,593,16,71,Organic,0,Education,Night,
8884,YouTube,Video,2022-03-26,10752,8718,2063,59,378,1536,156,86,Organic,0,Entertainment,Day,
8885,Facebook,Story,2023-06-12,5412,3357,2128,109,322,577,125,68,Organic,0,Promotion,Night,
8886,Facebook,Image,2025-12-28,12761,11694,2228,6,266,467,120,87,Organic,0,Motivation,Night,
8887,Facebook,Reel,2023-10-11,6635,5853,2054,284,109,1185,295,51,Organic,0,Awareness,Day,
8888,Instagram,Story,2021-02-03,6711,6361,1152,205,257,516,133,10,Organic,0,Promotion,Night,
8889,YouTube,Image,2021-05-05,1288,894,489,178,142,229,45,20,Organic,0,Motivation,Night,
8890,YouTube,Image,2024-08-13,15792,12324,10365,263,62,132,14,150,Organic,0,Promotion,Day,
8891,Instagram,Video,2023-05-28,12720,11381,10968,213,286,783,109,175,Organic,0,Entertainment,Day,
8892,YouTube,Video,2021-02-08,1218,789,542,62,359,44,0,43,Organic,0,Motivation,Night,
8893,Instagram,Story,2023-06-27,16093,15629,10198,170,151,471,78,117,Organic,0,Promotion,Day,
8894,Facebook,Story,2024-02-14,10464,6587,88,100,410,1144,276,144,Paid,3330,Awareness,Night,
8895,YouTube,Story,2022-02-24,17074,11575,1505,284,403,276,73,142,Organic,0,Motivation,Day,
8896,YouTube,Image,2024-02-16,1558,1466,35,145,214,334,38,75,Paid,733,Motivation,Day,
8897,Facebook,Story,2022-04-21,6136,3909,903,71,85,1127,255,114,Organic,0,Promotion,Night,
8898,Instagram,Reel,2022-04-18,4267,3310,2477,248,215,782,100,59,Organic,0,Education,Day,
8899,YouTube,Video,2021-09-20,17508,11672,5618,144,242,2574,358,133,Organic,0,Awareness,Day,
8900,Facebook,Story,2024-08-13,11062,8354,5331,229,181,700,202,53,Organic,0,Awareness,Night,
8901,YouTube,Image,2023-01-13,11253,8699,5643,129,36,2167,234,168,Paid,2853,Promotion,Night,
8902,Facebook,Story,2023-08-24,7187,6666,2058,127,65,1668,15,25,Paid,2770,Entertainment,Day,
8903,YouTube,Reel,2024-11-14,19713,15799,14645,70,479,4658,270,41,Paid,464,Entertainment,Night,
8904,Facebook,Image,2024-10-21,7080,4753,67,117,79,295,30,120,Organic,0,Education,Day,
8905,Facebook,Image,2024-05-29,5521,5463,484,92,345,1027,273,28,Organic,0,Education,Night,
8906,YouTube,Image,2021-10-12,15215,9377,1878,15,386,237,45,59,Organic,0,Promotion,Day,
8907,Instagram,Image,2025-07-16,18178,13259,7764,236,172,447,6,29,Organic,0,Entertainment,Day,
8908,YouTube,Image,2023-03-16,7164,4869,3854,105,473,496,140,139,Organic,0,Awareness,Night,
8909,Facebook,Story,2023-06-25,14209,10945,10827,241,82,595,29,131,Paid,1366,Entertainment,Night,
8910,Facebook,Story,2021-02-09,6546,6035,5768,114,202,1473,340,97,Paid,2678,Promotion,Night,
8911,YouTube,Reel,2025-09-02,3941,3263,2270,27,388,759,75,98,Organic,0,Entertainment,Day,
8912,Facebook,Video,2021-06-19,18537,14692,9394,275,53,727,148,75,Organic,0,Motivation,Night,
8913,YouTube,Image,2024-12-08,16549,12381,5243,101,253,1307,168,2216,Organic,0,Promotion,Day,
8914,YouTube,Reel,2021-03-11,1319,815,224,197,395,64,3,28,Organic,0,Motivation,Day,
8915,YouTube,Image,2021-06-11,6247,6047,4947,64,251,774,73,15,Organic,0,Promotion,Night,
8916,Facebook,Reel,2024-02-05,16449,15209,11105,36,343,405,31,77,Paid,4219,Awareness,Day,
8917,YouTube,Reel,2024-04-06,8339,7856,3537,167,230,1750,264,16,Organic,0,Promotion,Day,
8918,Instagram,Reel,2024-05-08,3470,2949,2416,113,36,540,132,39,Organic,0,Promotion,Night,
8919,Instagram,Story,2024-01-16,1984,1267,556,5,191,19,0,145,Organic,0,Promotion,Night,
8920,Instagram,Video,2023-11-23,16888,16305,14430,112,458,2125,293,27,Organic,0,Promotion,Night,
8921,Instagram,Story,2021-07-19,19195,12220,7922,148,307,2847,508,87,Paid,2250,Education,Day,
8922,YouTube,Story,2022-05-15,1730,1523,415,120,455,313,23,171,Organic,0,Motivation,Day,
8923,YouTube,Story,2022-02-12,16843,12140,7285,205,77,1624,74,92,Paid,1124,Promotion,Day,
8924,Facebook,Reel,2023-04-13,2643,2531,500,272,367,170,24,84,Organic,0,Promotion,Day,
8925,Facebook,Video,2021-12-21,12976,11886,8537,222,72,3169,347,101,Paid,3482,Education,Day,
8926,YouTube,Story,2023-03-10,13106,9679,8804,251,144,2463,366,144,Organic,0,Entertainment,Day,
8927,Instagram,Video,2025-02-01,7090,4801,1645,130,72,520,52,38,Organic,0,Education,Day,
8928,YouTube,Story,2023-04-19,13653,12982,4172,153,287,3174,160,79,Paid,4674,Education,Day,
8929,Instagram,Story,2021-02-07,7890,4760,2763,271,312,514,28,163,Paid,3597,Education,Night,
8930,Facebook,Image,2022-04-07,13774,8353,8033,86,282,287,76,132,Paid,3968,Promotion,Day,
8931,Instagram,Image,2025-03-27,13762,12346,12116,275,12,1298,328,145,Organic,0,Education,Night,
8932,Facebook,Image,2024-11-27,17101,11854,,11,237,1268,173,35,Paid,3181,Education,Day,
8933,Instagram,Story,2023-04-17,4425,3593,3467,19,88,1050,11,134,Paid,4775,Education,Day,
8934,YouTube,Video,2021-10-01,15005,11488,4283,211,348,1951,137,107,Organic,0,Promotion,Day,
8935,Instagram,Image,2021-01-27,10608,7627,2935,249,293,188,9,19,Paid,2817,Awareness,Day,
8936,Facebook,Video,2022-12-16,15109,12298,11317,105,153,3096,466,61,Organic,0,Awareness,Day,
8937,Instagram,Image,2022-07-10,8473,8220,6228,86,118,1213,354,79,Organic,0,Entertainment,Night,
8938,YouTube,Image,2024-10-10,14000,13060,9004,218,61,1576,208,38,Organic,0,Promotion,Day,
8939,Instagram,Image,2024-06-28,6956,4194,3359,246,434,534,90,107,Paid,1312,Education,Night,
8940,YouTube,Image,2025-07-10,9276,5798,5264,85,178,517,89,79,Organic,0,Education,Night,
8941,Facebook,Story,2022-12-12,3787,3508,1756,175,496,254,11,33,Organic,0,Education,Day,
8942,Facebook,Video,2023-07-22,6815,6613,5162,97,207,1761,144,20,Organic,0,Awareness,Day,
8943,Facebook,Story,2025-05-01,5711,4484,3550,246,240,1124,5,171,Organic,0,Education,Night,
8944,Instagram,Video,2024-04-09,8168,5715,1236,237,286,1138,121,81,Organic,0,Education,Night,
8945,Instagram,Reel,2024-10-15,13661,13615,11076,55,135,3904,321,41,Organic,0,Awareness,Night,
8946,YouTube,Image,2021-03-11,3941,,2145,160,41,324,95,85,Paid,3358,Education,Night,
8947,YouTube,Video,2025-09-22,10822,7073,6272,297,12,723,4,153,Paid,2828,Entertainment,Day,
8948,Instagram,Story,2025-11-27,13610,12210,2865,120,232,1992,235,176,Paid,3651,Motivation,Day,
8949,Instagram,Story,2021-08-25,11160,10498,8707,144,299,1702,62,128,Paid,737,Entertainment,Night,
8950,Instagram,Video,2025-11-25,16653,16284,52,265,56,1563,259,23,Organic,0,Promotion,Day,
8951,YouTube,Reel,2021-10-17,3456,2200,1083,10,341,365,108,106,Organic,0,Entertainment,Day,
8952,Facebook,Image,2023-09-14,16680,13474,11493,51,314,2963,422,140,Organic,0,Entertainment,Night,
8953,YouTube,Reel,2022-12-25,18423,14238,8468,102,233,3123,296,81,Organic,0,Awareness,Day,
8954,Instagram,Story,2025-07-07,8439,5898,3587,204,12,251,5,45,Paid,459,Promotion,Day,
8955,Instagram,Reel,2023-06-28,7327,4749,3010,,120,81,15,65,Organic,0,Entertainment,Night,
8956,Instagram,Video,,19936,15315,2699,246,404,,81,30,Paid,918,Motivation,Day,
8957,Facebook,Video,2024-03-10,13103,11792,2873,234,385,3343,852,75,Organic,0,Entertainment,Night,
8958,Instagram,Video,2021-12-02,5577,3579,632,0,488,403,42,107,Paid,3101,Education,Night,
8959,Facebook,Image,2022-10-02,18383,14746,8168,28,5,2935,348,74,Organic,0,Awareness,Day,
8960,Instagram,Video,2024-01-27,10378,10114,1624,67,403,1449,349,111,Organic,0,Education,Day,
8961,YouTube,Story,2021-03-08,18000,10958,1634,61,200,2301,469,161,Paid,4267,Promotion,Night,
8962,YouTube,Video,2021-03-14,7427,6663,4340,102,27,857,37,111,Organic,0,Promotion,Day,
8963,Facebook,Reel,2025-03-22,4385,3391,3223,229,499,198,21,107,Paid,3447,Awareness,Day,
8964,Instagram,Image,2025-01-28,19236,11720,613,260,272,185,51,23,Organic,0,Entertainment,Night,
8965,Instagram,Video,2025-06-28,14364,10196,9848,196,71,2284,675,72,Organic,0,Promotion,Night,
8966,Instagram,Story,2022-06-23,18841,13858,6374,14,370,867,133,74,Paid,3680,Motivation,Day,
8967,YouTube,Video,2022-05-25,12786,11730,8885,101,292,2372,170,117,Organic,0,Awareness,Day,
8968,Instagram,Reel,2024-01-10,11569,10880,8664,118,97,1701,360,61,Paid,4271,Education,Night,
8969,Facebook,Story,2021-08-19,11722,10106,1355,238,462,516,68,169,Organic,0,Motivation,Night,
8970,Facebook,Reel,2024-01-19,19184,14800,7584,265,194,1923,101,65,Organic,0,Awareness,Day,
8971,Instagram,Image,2023-11-16,19327,16882,14886,103,238,2997,422,96,Organic,0,Motivation,Night,
8972,YouTube,Story,2025-07-14,12877,10863,9799,208,223,2189,533,34,Organic,0,Awareness,Day,
8973,YouTube,Story,2025-10-16,12431,8629,8613,243,282,485,97,157,Organic,0,Education,Day,
8974,YouTube,Story,2021-09-13,13406,10246,1905,47,258,2135,24,131,Organic,0,Entertainment,Day,
8975,Facebook,Video,2021-09-11,10323,7329,1285,74,415,1536,155,119,Organic,0,Awareness,Day,
8976,Facebook,Story,2022-10-22,2654,2340,1951,283,267,547,61,10,Organic,0,Promotion,Night,
8977,Instagram,Reel,2021-10-02,1702,1566,1487,229,125,114,22,22,Organic,0,Education,Day,
8978,YouTube,Image,2025-08-20,18658,12670,11634,233,18,1809,405,14,Organic,0,Education,Night,
8979,YouTube,Image,2024-06-21,14039,9612,2748,206,497,1499,2,96,Organic,0,Motivation,Day,
8980,Facebook,Video,2024-01-09,4224,2726,2494,166,466,633,181,143,Organic,0,Promotion,Day,
8981,Facebook,Reel,2024-08-20,15327,14955,11874,92,125,492,96,81,Organic,0,Motivation,Day,
8982,YouTube,Image,2024-11-20,5537,4116,2786,130,369,883,251,105,Organic,0,Education,Day,
8983,YouTube,Video,2021-09-02,2563,1704,1576,87,11,488,54,88,Organic,0,Awareness,Day,
8984,Instagram,Reel,2021-08-21,5643,5286,550,250,151,346,22,56,Paid,3191,Promotion,Day,
8985,Instagram,Reel,2024-09-14,4130,3744,917,142,464,456,32,35,Paid,3270,Education,Night,
8986,Instagram,Story,2022-05-16,1515,1252,894,299,94,275,50,149,Organic,0,Promotion,Night,
8987,Instagram,Reel,2025-05-19,9178,8709,4223,77,297,570,98,114,Organic,0,Awareness,Night,
8988,YouTube,Image,2024-04-25,14915,12032,4542,67,338,3356,228,97,Paid,3060,Entertainment,Night,
8989,Facebook,Video,2023-10-25,13622,11639,2857,75,270,834,53,168,Organic,0,Motivation,Night,
8990,Facebook,Image,2022-04-01,1884,1139,112,209,10,94,26,158,Paid,1700,Motivation,Day,
8991,Facebook,Reel,2023-07-28,7405,4735,2039,199,57,585,16,57,Paid,3389,Education,Night,
8992,Facebook,Video,2022-02-18,6243,4704,4489,131,175,1205,111,149,Organic,0,Education,Day,
8993,YouTube,Story,2022-12-21,10164,8833,2584,123,395,2388,452,90,Organic,0,Awareness,Night,
8994,Instagram,Reel,2024-03-23,18367,16600,11405,10,492,2796,574,157,Paid,4513,Education,Night,
8995,YouTube,Reel,2022-04-06,13535,11864,11172,112,230,2914,77,6,Paid,1276,Education,Day,
8996,YouTube,Story,2021-08-03,1527,1509,801,159,149,8,0,90,Organic,0,Education,Night,
8997,Instagram,Reel,2021-06-21,8452,7543,1815,295,457,40,11,137,Organic,0,Promotion,Day,
8998,YouTube,Image,2024-11-18,11991,11785,,20,421,919,96,8,Organic,0,Promotion,Day,
8999,Facebook,Story,2021-05-25,1427,976,667,273,313,89,16,168,Organic,0,Entertainment,Day,
9000,Facebook,Video,2022-11-15,8273,7569,2022,26,391,1587,153,10,Paid,4471,Promotion,Day,
9001,YouTube,Story,2024-08-29,2875,2518,1672,286,377,476,17,153,Paid,491,Motivation,Night,
9002,Instagram,Video,2022-12-12,2292,1765,296,57,344,28,6,122,Organic,0,Entertainment,Day,
9003,Instagram,Reel,2023-04-26,17153,12839,3470,155,434,1933,142,93,Paid,3008,Education,Night,
9004,Instagram,Story,2021-11-02,2266,1803,1311,101,280,450,127,158,Organic,0,Motivation,Night,
9005,Instagram,Video,2024-11-13,14686,12001,7285,106,422,2250,609,171,Organic,0,Entertainment,Day,
9006,Facebook,Reel,2021-02-03,10815,7514,890,203,471,418,68,165,Organic,0,Entertainment,Day,
9007,Instagram,Story,2025-01-15,17550,11634,4004,154,68,3205,204,18,Organic,0,Motivation,Day,
9008,YouTube,Image,2023-10-27,1956,1510,459,183,415,210,51,60,Organic,0,Entertainment,Night,
9009,Instagram,Reel,2023-03-07,6631,5600,5089,276,476,922,162,85,Organic,0,Motivation,Night,
9010,YouTube,Image,2025-06-25,1245,938,121,4,416,124,2,153,Paid,4899,Entertainment,Day,
9011,YouTube,Story,2024-07-19,1541,1199,223,1,481,320,55,50,Paid,3668,Entertainment,Day,
9012,YouTube,Video,2022-12-01,1753,1150,1142,240,86,288,79,148,Organic,0,Entertainment,Day,
9013,YouTube,Image,2023-07-10,13952,10594,7464,179,409,1714,146,20,Organic,0,Motivation,Day,
9014,Facebook,Story,2022-05-17,5256,3191,1076,40,189,369,73,124,Organic,0,Entertainment,Night,
9015,Instagram,Story,2024-04-01,17296,16366,3032,128,407,1290,120,88,Paid,958,Promotion,Night,
9016,Facebook,Video,2022-10-29,16183,12027,10228,297,362,610,166,161,Organic,0,Promotion,Day,
9017,Instagram,Video,2023-05-28,11351,10838,9409,272,151,3088,316,12,Organic,0,Promotion,Night,
9018,Facebook,Video,2022-03-09,14873,14503,12886,202,15,3066,387,92,Organic,0,Promotion,Day,
9019,Facebook,Story,2024-09-17,7675,5361,4381,293,247,1316,287,135,Organic,0,Promotion,Day,
9020,Facebook,Image,2021-08-04,19286,18355,4141,220,391,5010,620,23,Organic,0,Education,Night,
9021,Facebook,Reel,2023-11-30,8423,7886,7178,257,5,1459,68,101,Paid,3391,Entertainment,Day,
9022,Instagram,Reel,2021-07-19,18344,12322,10848,19,339,3524,439,70,Paid,227,Awareness,Day,
9023,Facebook,Reel,2021-01-24,5983,5019,4711,264,319,305,5,83,Organic,0,Education,Day,
9024,Facebook,Video,2023-04-29,1993,1491,1110,244,278,82,21,90,Organic,0,Motivation,Day,
9025,Instagram,Video,2023-02-12,6676,5299,4805,299,488,484,66,128,Organic,0,Education,Day,
9026,YouTube,Image,2024-08-24,15534,14735,1158,196,34,4131,674,154,Paid,4557,Awareness,Night,
9027,Instagram,Video,2021-09-06,9166,5981,3559,94,200,1332,77,50,Organic,0,Education,Day,
9028,Instagram,Reel,2023-09-03,14840,12201,2624,121,449,2504,520,117,Organic,0,Entertainment,Day,
9029,Instagram,Video,2022-10-01,8458,7245,746,235,290,1176,155,95,Organic,0,Promotion,Day,
9030,Instagram,Video,2025-03-06,11385,9304,1364,225,399,2432,376,145,Organic,0,Entertainment,Day,
9031,Facebook,Story,2024-08-11,1342,1106,145,186,477,315,32,37,Organic,0,Education,Day,
9032,YouTube,Reel,2022-11-17,7304,5963,606,117,77,249,32,137,Organic,0,Awareness,Night,
9033,Instagram,Image,2024-12-03,4102,3863,3309,20,154,1078,56,81,Organic,0,Motivation,Night,
9034,YouTube,Video,2021-08-11,4405,3379,1993,65,221,402,106,159,Organic,0,Entertainment,Day,
9035,Instagram,Video,2024-10-29,3028,2771,1724,149,380,389,65,125,Organic,0,Awareness,Night,
9036,YouTube,Story,2025-12-04,2857,2584,2257,147,489,294,4,132,Organic,0,Motivation,Day,
9037,YouTube,Reel,2025-07-02,10644,9229,7901,71,318,422,92,82,Organic,0,Promotion,Day,
9038,Facebook,Video,2024-06-25,9571,8991,1804,216,481,654,137,156,Organic,0,Entertainment,Night,
9039,Instagram,Reel,2024-05-08,15172,11427,10989,138,268,3321,893,71,Organic,0,Entertainment,Night,
9040,Facebook,Story,2025-06-19,9073,8700,8114,153,357,634,80,119,Paid,3605,Promotion,Day,
9041,Instagram,Story,2022-02-27,19069,14437,9519,296,395,889,112,67,Organic,0,Promotion,Day,
9042,Facebook,Reel,2025-06-01,7497,5413,1697,280,272,523,93,117,Organic,0,Education,Day,
9043,Facebook,Story,2023-03-25,3896,3365,1569,224,392,500,28,98,Organic,0,Motivation,Day,
9044,YouTube,Reel,2024-09-29,12289,10915,5078,233,208,2301,627,52,Organic,0,Awareness,Day,
9045,Instagram,Image,2022-11-07,18011,11068,5840,37,97,1935,139,16,Organic,0,Promotion,Night,
9046,YouTube,Image,2023-05-07,4046,3090,2042,216,489,763,71,160,Paid,3922,Education,Day,
9047,YouTube,Image,2025-07-31,5953,3996,604,145,420,444,111,176,Organic,0,Motivation,Day,
9048,YouTube,Image,2024-07-09,10031,9847,2214,159,181,1091,238,175,Organic,0,Motivation,Day,
9049,Facebook,Image,2024-04-17,11566,10923,5120,34,53,1596,306,149,Paid,3911,Entertainment,Night,
9050,Instagram,Reel,2022-04-01,10345,8251,7071,15,34,828,183,44,Paid,3160,Education,Day,
9051,Facebook,Image,2023-01-17,11220,8957,8121,38,294,2017,116,89,Paid,1779,Education,Day,
9052,Instagram,Image,2024-06-29,9472,8260,1286,134,19,1119,168,61,Paid,1819,Entertainment,Day,
9053,Facebook,Story,2021-06-22,15887,13248,1689,72,470,3349,316,91,Paid,3166,Awareness,Night,
9054,YouTube,Story,2025-10-06,13466,10143,2215,113,431,118,20,88,Organic,0,Promotion,Day,
9055,Facebook,Image,2024-04-17,6711,4578,1560,30,166,947,207,125,Organic,0,Entertainment,Day,
9056,Instagram,Story,2023-06-02,15906,11022,3624,66,336,488,130,78,Organic,0,Promotion,Day,
9057,Instagram,Story,2021-06-06,15270,9917,9383,289,113,1646,316,111,Paid,1928,Education,Day,
9058,Facebook,Video,2023-07-05,10107,7477,4237,5,181,667,42,128,Paid,3785,Entertainment,Day,
9059,Facebook,Image,2021-04-24,11291,8936,8670,248,492,2012,52,104,Organic,0,Awareness,Day,
9060,Facebook,Image,2021-10-15,8752,8538,2117,12,417,18,5,47,Organic,0,Promotion,Day,
9061,Instagram,Story,2022-04-22,12315,10735,785,296,231,2652,252,123,Paid,3473,Promotion,Night,
9062,YouTube,Reel,2023-06-27,14373,9824,9138,281,90,2226,164,27,Paid,1913,Promotion,Day,
9063,Facebook,Image,2025-02-08,14440,10668,8946,233,464,502,5,159,Organic,0,Education,Night,
9064,Instagram,Story,2023-06-21,6649,5520,4415,271,369,613,11,41,Paid,314,Promotion,Day,
9065,Instagram,Reel,2021-01-22,3405,2893,668,265,46,519,38,138,Organic,0,Motivation,Night,
9066,Instagram,Image,2021-08-20,5423,5144,2425,86,347,993,111,69,Organic,0,Promotion,Night,
9067,Facebook,Image,2023-09-07,16774,14455,2622,138,70,2169,193,138,Organic,0,Education,Night,
9068,YouTube,Image,2022-07-13,16113,12528,5368,29,370,2052,82,26,Organic,0,Entertainment,Night,
9069,Instagram,Reel,2024-07-31,11863,11590,1761,218,453,32,9,109,Organic,0,Promotion,Day,
9070,Facebook,Story,2024-06-05,10757,10068,9009,284,441,194,23,92,Paid,2065,Promotion,Night,
9071,YouTube,Image,2022-07-08,16276,12536,10569,110,92,782,179,157,Paid,1033,Entertainment,Day,
9072,Facebook,Reel,2023-02-10,18615,16376,2352,70,431,2426,353,129,Paid,4306,Motivation,Night,
9073,YouTube,Reel,2021-06-28,18191,11448,2343,279,61,2610,491,83,Organic,0,Education,Day,
9074,Instagram,Image,2022-02-20,19528,13910,7495,183,326,459,54,94,Organic,0,Entertainment,Day,
9075,Facebook,Reel,2025-05-14,9121,6336,2925,263,282,786,113,55,Organic,0,Education,Night,
9076,Facebook,Image,2021-03-08,10242,8939,7997,268,48,1121,297,106,Organic,0,Entertainment,Day,
9077,YouTube,Video,2021-10-16,7864,6780,5771,50,313,1383,410,110,Organic,0,Awareness,Night,
9078,Facebook,Story,2023-03-25,14350,12703,7405,161,341,3182,728,64,Organic,0,Motivation,Night,
9079,Instagram,Image,2022-12-31,18072,16911,8068,265,264,2042,249,50,Organic,0,Awareness,Day,
9080,YouTube,Image,2023-07-04,6451,5959,5559,297,463,338,23,40,Paid,3938,Entertainment,Day,
9081,YouTube,Story,2022-04-29,16471,13970,2954,296,402,3735,994,170,Organic,0,Entertainment,Day,
9082,Instagram,Video,2023-07-12,17571,13107,10425,71,108,3718,123,15,Paid,4835,Education,Night,
9083,Facebook,Story,2021-04-20,15170,13518,6926,118,198,365,86,16,Organic,0,Entertainment,Night,
9084,Instagram,Story,2021-06-29,9009,5984,3077,36,66,1523,9,174,Paid,4793,Education,Night,
9085,YouTube,Reel,2025-09-30,3383,2553,745,274,334,748,150,43,Organic,0,Education,Night,
9086,Facebook,Story,2021-08-01,14589,14297,11956,61,428,3657,387,143,Organic,0,Entertainment,Day,
9087,Facebook,Image,2021-11-02,19904,19094,10452,53,60,2096,587,40,Organic,0,Education,Day,
9088,YouTube,Video,2025-09-18,18418,13762,2967,108,47,4128,113,56,Paid,3630,Motivation,Day,
9089,Facebook,Video,2024-12-08,11620,8335,6730,35,79,415,85,35,Organic,0,Awareness,Day,
9090,Facebook,Story,2024-01-31,11173,7967,6089,118,166,252,14,37,Organic,0,Entertainment,Day,
9091,Facebook,Video,2025-05-01,16551,16351,6714,163,241,1839,12,145,Paid,1541,Education,Day,
9092,YouTube,Image,2021-04-08,5777,5443,2771,282,157,386,66,150,Organic,0,Education,Night,
9093,Instagram,Story,2024-10-30,12843,11133,4721,3,377,795,46,173,Organic,0,Education,Day,
9094,Instagram,Image,2023-03-30,12778,9519,8299,51,385,1769,0,62,Organic,0,Education,Day,
9095,Facebook,Story,2025-08-28,11514,9044,2582,49,230,2563,8,156,Organic,0,Motivation,Day,
9096,YouTube,Reel,2023-06-14,16481,11378,9475,95,116,2592,,132,Organic,0,Entertainment,Night,
9097,Instagram,Story,2024-01-10,10278,9542,6830,38,336,1968,109,35,Organic,0,Entertainment,Day,
9098,YouTube,Video,2022-09-02,15421,10805,10797,227,201,574,115,2285,Organic,0,Motivation,Day,
9099,YouTube,Video,2024-07-15,13582,11803,1630,265,368,3474,516,14,Organic,0,Motivation,Night,
9100,Instagram,Story,2023-05-24,10827,10298,3130,176,292,2738,662,134,Paid,2794,Motivation,Day,
9101,Instagram,Video,2021-10-26,13312,8179,4505,128,343,1817,89,19,Organic,0,Entertainment,Day,
9102,YouTube,Story,2021-11-13,16555,13067,6250,89,94,1469,358,7,Organic,0,Promotion,Night,
9103,YouTube,Video,2021-05-02,10759,10174,4766,122,233,511,136,47,Organic,0,Awareness,Day,
9104,Facebook,Reel,2024-08-09,4383,2752,1555,30,302,293,40,163,Organic,0,Motivation,Day,
9105,YouTube,Image,2022-10-08,14176,8798,7438,172,398,107,29,71,Organic,0,Motivation,Day,
9106,YouTube,Image,2023-11-04,5748,4107,3354,252,227,151,29,60,Organic,0,Entertainment,Day,
9107,YouTube,Video,2024-03-30,10971,10685,10261,34,204,287,65,67,Organic,0,Entertainment,Day,
9108,YouTube,Image,2022-07-11,7647,7412,7203,123,474,1764,514,19,Paid,4083,Awareness,Day,
9109,Facebook,Video,2025-10-20,7941,6554,1950,162,174,167,35,113,Organic,0,Education,Night,
9110,YouTube,Image,2023-08-12,15271,12142,9046,57,336,1873,166,120,Organic,0,Entertainment,Day,
9111,Instagram,Image,2025-01-22,17520,16978,12453,94,413,2094,117,96,Organic,0,Awareness,Day,
9112,Instagram,Video,2023-03-16,8772,7349,6416,148,208,150,10,142,Organic,0,Entertainment,Day,
9113,Instagram,Video,2024-10-21,3283,3110,3041,208,451,436,118,170,Paid,2708,Entertainment,Night,
9114,Instagram,Video,2022-06-23,10124,6371,2093,294,296,1062,63,51,Organic,0,Entertainment,Night,
9115,Instagram,Reel,2022-04-01,3852,2620,594,75,265,600,169,61,Organic,0,Promotion,Day,
9116,Facebook,Video,2023-07-07,1967,1934,1607,37,108,171,38,54,Organic,0,Promotion,Day,
9117,Instagram,Image,2024-03-02,10742,10424,4005,275,371,618,10,75,Organic,0,Motivation,Day,
9118,Facebook,Image,2021-05-19,14827,12068,6133,107,227,1977,353,147,Organic,0,Promotion,Day,
9119,Facebook,Reel,2025-11-23,13711,11972,7880,154,317,103,7,150,Organic,0,Awareness,Day,
9120,Facebook,Image,2022-05-01,3812,2895,2761,163,419,237,69,86,Organic,0,Entertainment,Day,
9121,Facebook,Reel,2021-01-29,1028,,217,192,389,227,28,120,Organic,0,Promotion,Day,
9122,Instagram,Video,2025-09-08,2211,1431,717,38,42,150,27,109,Organic,0,Entertainment,Day,
9123,Facebook,Reel,2024-02-14,18689,16756,15992,26,123,4595,1057,92,Organic,0,Education,Day,
9124,YouTube,Reel,2024-06-07,6216,4424,3085,19,156,607,129,6,Organic,0,Motivation,Day,
9125,Instagram,Image,2023-01-27,7398,6277,3574,126,291,548,88,108,Organic,0,Promotion,Day,
9126,YouTube,Image,2024-03-15,10938,6707,2716,259,402,1097,43,88,Paid,2285,Entertainment,Night,
9127,Instagram,Story,2023-09-28,9980,8891,4969,231,309,2133,160,47,Organic,0,Education,Night,
9128,Facebook,Reel,2021-06-20,7094,4955,2088,192,237,950,26,158,Paid,2740,Motivation,Night,
9129,Facebook,Image,2025-09-06,12633,12594,3367,125,242,1288,247,75,Organic,0,Motivation,Day,
9130,YouTube,Story,2024-05-15,4928,4858,968,237,15,1411,36,170,Paid,2715,Education,Day,
9131,YouTube,Video,2022-10-04,19096,15190,7663,25,104,907,213,98,Organic,0,Promotion,Night,
9132,YouTube,Story,2022-11-02,15398,12477,2501,282,495,279,27,46,Organic,0,Promotion,Day,
9133,Facebook,Story,2022-05-08,4371,3498,1288,175,152,563,84,137,Paid,822,Entertainment,Day,
9134,Facebook,Image,2022-07-12,6316,5691,2832,103,405,273,35,143,Paid,3581,Awareness,Day,
9135,Instagram,Reel,2021-07-03,19174,15171,14689,85,101,1088,17,69,Organic,0,Entertainment,Day,
9136,Facebook,Image,2024-10-19,16833,15099,8744,210,497,1474,187,38,Organic,0,Entertainment,Night,
9137,YouTube,Video,2021-02-22,11541,6992,3293,176,172,1554,213,124,Organic,0,Entertainment,Night,
9138,Instagram,Video,2021-06-17,18238,14208,3896,165,186,2898,96,5,Paid,2014,Education,Night,
9139,Facebook,Video,2025-10-08,13123,12399,11038,26,212,421,102,134,Organic,0,Motivation,Night,
9140,Facebook,Image,2023-05-18,14103,13821,7865,95,327,243,45,152,Organic,0,Motivation,Day,
9141,Facebook,Story,2021-03-24,4439,3047,3003,109,276,446,4,65,Paid,978,Awareness,Day,
9142,Facebook,Reel,2022-05-19,2127,1300,1011,271,70,375,54,153,Paid,3042,Promotion,Day,
9143,Facebook,Image,2024-05-20,8989,7121,5427,269,231,467,3,92,Organic,0,Entertainment,Day,
9144,Instagram,Reel,2025-07-19,6534,4185,54,56,221,1180,50,72,Organic,0,Education,Day,
9145,Instagram,Image,2021-03-05,11828,7844,1508,52,167,1716,42,131,Paid,1913,Education,Day,
9146,Facebook,Reel,2021-02-11,7523,5866,2706,260,230,966,16,144,Organic,0,Entertainment,Day,
9147,YouTube,Video,2022-01-17,3635,3173,2704,179,480,927,30,26,Paid,4721,Education,Night,
9148,Facebook,Image,2025-03-16,11734,10028,8667,296,6,58,3,152,Organic,0,Education,Day,
9149,Instagram,Reel,2024-05-25,2866,2384,921,67,181,191,37,86,Organic,0,Entertainment,Day,
9150,Instagram,Reel,2022-02-08,12343,9574,3451,89,330,827,165,133,Organic,0,Awareness,Day,
9151,YouTube,Reel,2022-02-12,3744,2600,1355,263,336,693,77,34,Organic,0,Education,Night,
9152,Instagram,Video,2022-03-23,7646,5595,1956,69,71,1417,8,130,Paid,4842,Motivation,Night,
9153,Facebook,Image,2025-08-11,17099,13720,10731,134,152,120,16,101,Organic,0,Motivation,Day,
9154,Facebook,Video,2024-05-24,17269,15722,1982,15,429,1883,12,28,Organic,0,Motivation,Night,
9155,Instagram,Image,2023-05-09,15578,14590,8645,156,173,109,31,18,Organic,0,Entertainment,Day,
9156,YouTube,Reel,2024-08-25,7753,5462,2872,235,262,594,163,40,Organic,0,Motivation,Night,
9157,YouTube,Video,2025-05-19,10737,8236,751,101,101,1866,40,28,Organic,0,Promotion,Day,
9158,Instagram,Story,2022-03-12,14065,9123,393,215,11,838,100,99,Organic,0,Education,Day,
9159,Instagram,Video,2025-01-17,11251,7242,6445,57,202,903,124,59,Organic,0,Awareness,Day,
9160,Instagram,Story,2025-03-26,8743,8520,7389,120,211,1960,569,28,Paid,2467,Motivation,Day,
9161,Instagram,Reel,2022-05-17,6504,5340,3546,1,86,493,3,156,Paid,4115,Entertainment,Night,
9162,Facebook,Reel,2023-04-03,15434,11195,7377,69,325,764,32,30,Organic,0,Awareness,Night,
9163,Facebook,Story,2022-01-13,17959,14575,12206,7,8,213,16,84,Organic,0,Entertainment,Day,
9164,YouTube,Reel,2021-01-08,17031,12923,9918,135,5,332,8,170,Organic,0,Awareness,Day,
9165,Instagram,Image,2022-12-22,19833,18275,18271,290,470,4713,845,69,Organic,0,Awareness,Day,
9166,Facebook,Video,2024-05-26,12740,10755,7236,32,107,1124,181,79,Paid,1946,Education,Day,
9167,Facebook,Story,2021-10-25,2235,1568,610,88,368,82,18,167,Organic,0,Awareness,Night,
9168,YouTube,Reel,2025-02-17,6461,4315,1046,47,394,434,74,47,Organic,0,Promotion,Day,
9169,YouTube,Video,2025-12-16,8958,8767,4740,84,318,943,19,33,Organic,0,Promotion,Day,
9170,YouTube,Reel,2021-03-01,11841,10179,28,297,173,5,0,169,Organic,0,Promotion,Night,
9171,YouTube,Image,2021-12-14,17504,14519,5825,78,25,1496,13,85,Organic,0,Entertainment,Day,
9172,Facebook,Reel,2023-03-16,1650,1166,171,261,221,166,22,58,Organic,0,Education,Day,
9173,Facebook,Video,2025-07-30,1231,960,272,123,269,82,7,43,Organic,0,Entertainment,Day,
9174,YouTube,Video,2023-10-08,16724,12339,5743,116,499,1235,118,46,Paid,838,Motivation,Day,
9175,YouTube,Video,2023-04-28,12539,10961,573,300,491,541,124,160,Paid,3557,Promotion,Day,
9176,Facebook,Reel,2025-05-02,17061,13364,5329,70,234,3131,234,33,Paid,4592,Education,Day,
9177,Instagram,Video,2023-09-22,9001,7887,1896,296,48,1801,395,175,Paid,674,Promotion,Night,
9178,Instagram,Story,2022-04-19,9987,6591,6353,201,315,1787,8,135,Organic,0,Education,Night,
9179,Instagram,Video,2021-05-24,11160,7208,832,120,301,1266,127,142,Paid,1846,Entertainment,Night,
9180,YouTube,Story,2022-09-25,18304,15577,3947,103,368,3863,1148,146,Organic,0,Entertainment,Night,
9181,YouTube,Story,2022-06-08,16137,10528,194,274,357,2107,600,179,Organic,0,Promotion,Day,
9182,Facebook,Reel,2023-04-23,18467,17332,16440,4,93,4148,751,46,Paid,548,Awareness,Day,
9183,YouTube,Video,2021-05-22,18861,17688,1600,146,328,2749,152,98,Organic,0,Education,Night,
9184,Facebook,Story,2025-12-27,3970,3209,2904,47,440,273,70,164,Paid,3814,Motivation,Day,
9185,Facebook,Image,2022-06-20,13055,10716,517,96,445,2324,415,36,Organic,0,Awareness,Day,
9186,YouTube,Story,2021-01-31,5437,3757,2980,20,371,1060,237,174,Paid,4522,Entertainment,Day,
9187,Instagram,Reel,2023-11-25,18958,17777,7593,185,316,4511,1121,164,Organic,0,Education,Night,
9188,Facebook,Video,2023-04-24,9685,5846,3486,282,35,276,8,30,Organic,0,Awareness,Day,
9189,Facebook,Image,2022-02-22,8454,6474,1198,73,138,1285,199,119,Organic,0,Motivation,Day,
9190,Instagram,Image,2022-11-15,10409,9789,1993,186,340,752,109,133,Paid,2361,Awareness,Day,
9191,YouTube,Story,2025-08-07,17090,15634,10801,176,435,3691,262,60,Organic,0,Motivation,Night,
9192,Facebook,Story,2022-07-29,3752,3233,1865,95,239,135,29,126,Organic,0,Entertainment,Day,
9193,Instagram,Story,2024-05-11,2405,2353,1547,50,230,361,74,110,Organic,0,Education,Day,
9194,Instagram,Story,2021-04-25,8330,6289,2381,255,375,463,102,134,Organic,0,Entertainment,Night,
9195,Facebook,Video,2021-01-10,1088,868,700,80,197,250,39,85,Organic,0,Education,Night,
9196,Facebook,Video,2023-07-22,1979,1344,47,229,387,325,64,162,Organic,0,Awareness,Day,
9197,Facebook,Video,2022-08-30,3128,2096,593,99,74,26,6,124,Paid,652,Entertainment,Day,
9198,Facebook,Video,2024-06-26,12694,11780,1015,277,274,1625,288,56,Organic,0,Education,Day,
9199,Facebook,Story,2024-01-14,4234,3122,1586,168,134,537,76,95,Organic,0,Motivation,Night,
9200,YouTube,Reel,2025-01-07,3415,2188,1684,30,217,184,17,141,Organic,0,Education,Day,
9201,Facebook,Video,2022-01-07,3698,2729,1941,81,379,805,142,26,Organic,0,Entertainment,Day,
9202,Instagram,Image,2023-04-24,11251,7931,4236,73,108,317,71,38,Organic,0,Entertainment,Day,
9203,Instagram,Image,2025-01-13,14322,12549,11602,189,299,1323,220,114,Paid,4069,Awareness,Night,
9204,Instagram,Story,2024-02-15,10526,9569,5473,227,473,918,230,53,Organic,0,Motivation,Night,
9205,Facebook,Image,2023-12-05,4600,4587,1072,144,366,164,49,133,Organic,0,Education,Day,
9206,Instagram,Reel,2021-02-07,17996,11728,3566,244,322,2171,454,77,Organic,0,Entertainment,Day,
9207,YouTube,Image,2023-06-30,18605,18032,14510,108,84,3733,535,88,Organic,0,Education,Night,
9208,YouTube,Story,2023-05-04,13628,12426,10772,113,204,448,59,57,Organic,0,Promotion,Night,
9209,YouTube,Reel,2021-10-01,11109,7053,5508,275,79,1978,401,104,Organic,0,Motivation,Night,
9210,Instagram,Image,2024-04-17,1946,1660,371,142,45,157,40,128,Paid,735,Motivation,Night,
9211,Facebook,Video,2022-12-05,9058,8632,2113,122,346,585,71,172,Organic,0,Promotion,Day,
9212,Instagram,Reel,2021-06-21,3388,2616,335,179,266,676,174,49,Organic,0,Motivation,Day,
9213,Facebook,Video,2025-02-16,5855,4916,2056,112,156,522,87,141,Organic,0,Promotion,Night,
9214,YouTube,Image,2021-05-05,8136,7100,5509,64,500,607,88,109,Organic,0,Education,Day,
9215,Instagram,Video,2022-01-31,2168,1657,736,155,384,35,0,154,Paid,2171,Promotion,Day,
9216,YouTube,Reel,2022-08-04,5487,4060,1444,69,226,578,148,150,Organic,0,Awareness,Day,
9217,Facebook,Video,2023-09-15,2989,2651,1126,245,202,11,3,110,Paid,1793,Promotion,Night,
9218,YouTube,Image,2024-06-09,10550,7499,7241,23,120,948,202,47,Organic,0,Education,Day,
9219,Instagram,Video,2022-04-10,5315,4468,3764,234,300,354,23,171,Organic,0,Motivation,Day,
9220,YouTube,Story,2021-05-02,5978,3912,666,147,160,215,58,138,Organic,0,Awareness,Night,
9221,Instagram,Video,2021-11-23,13891,8443,7887,87,430,98,3,52,Organic,0,Promotion,Night,
9222,YouTube,Image,2021-02-03,2245,1923,1587,17,329,550,73,130,Organic,0,Education,Night,
9223,YouTube,Video,2022-12-21,19840,14124,1515,250,62,1608,46,11,Organic,0,Awareness,Day,
9224,Facebook,Image,2022-12-08,16473,14166,11388,46,188,3412,374,2759,Organic,0,Awareness,Day,
9225,Facebook,Image,2022-07-13,14354,10584,10412,173,331,1731,408,133,Organic,0,Awareness,Day,
9226,Instagram,Video,2024-03-23,1583,1240,849,81,265,165,24,119,Organic,0,Promotion,Night,
9227,Facebook,Image,2025-03-30,12477,9352,5069,87,286,1581,418,41,Organic,0,Education,Day,
9228,YouTube,Reel,2025-07-18,3200,3002,2898,210,119,481,19,169,Paid,792,Education,Night,
9229,YouTube,Video,2022-04-22,12493,9861,1510,72,351,782,30,129,Organic,0,Education,Day,
9230,Instagram,Story,2025-01-16,17025,16322,5072,245,452,426,111,85,Paid,2334,Entertainment,Day,
9231,Facebook,Video,2025-06-30,18318,17455,9145,296,242,1677,459,66,Organic,0,Motivation,Day,
9232,YouTube,Reel,2025-02-06,3930,2395,1944,300,311,244,5,76,Organic,0,Education,Night,
9233,Facebook,Video,2022-11-17,4788,3700,658,236,204,145,32,129,Organic,0,Entertainment,Night,
9234,YouTube,Reel,2022-08-02,15387,9660,487,163,246,1755,263,165,Organic,0,Entertainment,Night,
9235,YouTube,Image,2022-08-19,15421,12739,9598,78,200,3454,177,70,Organic,0,Awareness,Day,
9236,Facebook,Image,2021-11-13,1726,1079,440,177,250,176,18,34,Organic,0,Motivation,Night,
9237,Facebook,Story,2023-10-29,10200,6276,875,226,157,1672,285,24,Organic,0,Awareness,Night,
9238,Facebook,Reel,2022-05-14,9701,7036,2588,276,332,1188,38,86,Organic,0,Motivation,Day,
9239,YouTube,Image,2022-12-05,6930,5163,1868,235,105,1353,179,111,Paid,3855,Awareness,Night,
9240,YouTube,Image,2025-04-15,9038,7614,3922,262,288,241,49,156,Organic,0,Promotion,Day,
9241,YouTube,Image,2021-04-19,2468,1769,441,55,1,213,11,136,Organic,0,Motivation,Night,
9242,Instagram,Video,2025-05-21,11325,9677,4181,2,343,114,29,41,Organic,0,Entertainment,Night,
9243,YouTube,Image,2023-08-16,9612,7874,4883,30,246,1757,518,136,Paid,1483,Entertainment,Day,
9244,YouTube,Video,2025-06-27,8911,8855,2977,27,23,923,74,81,Organic,0,Motivation,Day,
9245,Facebook,Reel,2025-01-16,4525,2953,479,195,284,285,77,93,Organic,0,Awareness,Day,
9246,Instagram,Reel,2022-07-27,12436,7646,5029,266,428,2095,616,150,Paid,1915,Promotion,Day,
9247,Instagram,Video,2022-06-11,8201,7671,5151,215,324,1576,469,92,Paid,1926,Promotion,Day,
9248,YouTube,Reel,2021-03-14,4701,2848,2129,79,470,627,109,37,Organic,0,Education,Night,
9249,YouTube,Reel,2024-12-19,5837,4360,1963,191,108,1131,323,62,Organic,0,Motivation,Day,
9250,YouTube,Image,2023-10-15,16018,12205,11337,19,170,1334,347,32,Paid,4541,Promotion,Day,
9251,Facebook,Image,2024-01-19,5327,4494,1242,23,209,57,2,39,Paid,4642,Awareness,Night,
9252,Instagram,Image,2025-06-09,14154,11440,6654,249,482,3156,847,129,Organic,0,Awareness,Day,
9253,YouTube,Video,2021-09-09,16243,14224,8394,130,418,4132,965,142,Organic,0,Entertainment,Night,
9254,YouTube,Video,2021-09-26,17470,12209,6419,217,108,2469,508,69,Organic,0,Promotion,Day,
9255,Facebook,Image,2024-02-28,5261,4526,2898,224,158,875,260,46,Organic,0,Promotion,Night,
9256,Instagram,Video,2023-04-01,17429,16787,14140,33,290,4801,496,89,Organic,0,Awareness,Day,
9257,Facebook,Video,2022-03-22,17196,13249,11797,152,331,33,0,141,Organic,0,Entertainment,Night,
9258,Facebook,Video,2024-02-18,2834,2227,361,181,435,209,56,115,Paid,1350,Promotion,Night,
9259,Instagram,Reel,2021-01-22,7701,4907,3038,97,154,723,1,19,Paid,3878,Awareness,Night,
9260,Instagram,Image,2022-11-08,18754,13880,1126,141,468,2402,188,73,Organic,0,Entertainment,Day,
9261,Instagram,Image,2022-03-24,3072,2747,115,50,396,533,77,109,Organic,0,Entertainment,Day,
9262,Instagram,Image,2025-05-15,18095,16955,16760,60,494,1623,95,154,Organic,0,Awareness,Night,
9263,YouTube,Story,2024-09-28,13596,13042,2448,133,345,1454,356,68,Organic,0,Entertainment,Day,
9264,Instagram,Video,2024-11-08,14337,13461,4264,94,167,778,193,45,Organic,0,Entertainment,Day,
9265,Facebook,Video,2022-06-13,19767,19502,2259,123,471,4765,43,75,Organic,0,Education,Day,
9266,Facebook,Video,2025-07-10,19787,18385,16677,148,120,2562,744,60,Organic,0,Entertainment,Day,
9267,Facebook,Story,2023-10-14,7108,5408,1917,159,332,629,92,155,Organic,0,Promotion,Day,
9268,YouTube,Reel,2024-07-14,6996,5487,1277,285,206,1210,181,29,Paid,3234,Entertainment,Day,
9269,Facebook,Reel,2025-11-27,11938,8328,1688,25,222,2393,227,109,Organic,0,Promotion,Day,
9270,Instagram,Reel,2025-06-11,6052,5837,807,21,20,781,141,138,Organic,0,Awareness,Day,
9271,YouTube,Reel,2021-03-08,15978,11421,3004,180,434,1377,305,123,Paid,710,Entertainment,Day,
9272,Instagram,Video,2022-09-16,16123,9859,4251,260,73,2646,782,166,Organic,0,Awareness,Night,
9273,Instagram,Story,2022-01-11,5867,4663,4131,267,285,428,4,13,Organic,0,Motivation,Night,
9274,YouTube,Image,2024-05-01,12941,10433,4383,86,327,1817,213,64,Organic,0,Entertainment,Day,
9275,YouTube,Reel,2022-12-28,14063,8498,6443,80,389,2226,367,129,Paid,4074,Awareness,Night,
9276,Facebook,Reel,2022-06-29,13278,12773,12668,162,111,2505,112,53,Organic,0,Motivation,Night,
9277,Instagram,Image,2025-07-03,19728,18540,3986,238,500,2955,609,55,Organic,0,Promotion,Night,
9278,Instagram,Image,2022-05-22,6296,3836,2532,285,420,965,31,74,Organic,0,Promotion,Night,
9279,Instagram,Reel,2022-02-01,17502,15415,14721,24,49,1666,242,41,Organic,0,Promotion,Day,
9280,Instagram,Story,2022-02-16,12307,8884,1524,62,272,1932,494,35,Organic,0,Promotion,Night,
9281,Facebook,Video,2023-12-30,10857,8766,5855,76,294,2237,506,173,Organic,0,Promotion,Night,
9282,Facebook,Video,2021-04-13,4302,3692,250,85,175,581,74,66,Paid,1196,Education,Day,
9283,Instagram,Image,2021-11-09,11535,11147,3261,56,108,1871,522,97,Paid,1484,Awareness,Night,
9284,Instagram,Reel,2022-04-20,1728,1219,708,154,21,80,0,18,Organic,0,Motivation,Day,
9285,Instagram,Video,2024-10-26,12975,9691,1571,213,142,823,175,168,Organic,0,Motivation,Day,
9286,Facebook,Image,2021-05-05,16078,14095,513,117,101,2958,680,168,Organic,0,Entertainment,Day,
9287,Instagram,Story,2023-02-19,17367,10985,1162,10,66,2541,549,83,Paid,1054,Awareness,Night,
9288,Facebook,Video,2022-06-17,3280,2559,2309,105,88,410,41,12,Organic,0,Education,Night,
9289,Instagram,Reel,2021-05-18,6464,3968,2803,162,440,801,239,158,Organic,0,Education,Day,
9290,Instagram,Image,2023-06-16,1974,1265,1155,160,10,307,10,40,Paid,3849,Awareness,Day,
9291,YouTube,Image,2021-03-06,10797,10296,3005,71,165,2620,717,52,Paid,1172,Promotion,Day,
9292,Facebook,Video,2022-11-14,2447,1545,952,144,411,231,63,89,Organic,0,Promotion,Day,
9293,YouTube,Reel,2024-05-14,18904,16625,7243,209,451,4861,76,32,Paid,1378,Awareness,Night,
9294,YouTube,Image,2023-09-20,1560,1251,38,214,221,328,35,55,Paid,304,Motivation,Night,
9295,YouTube,Image,2022-10-20,2676,2339,842,295,433,504,97,108,Organic,0,Promotion,Night,
9296,YouTube,Reel,2025-02-05,19266,13576,11985,166,303,3966,144,174,Organic,0,Entertainment,Night,
9297,Facebook,Image,2023-11-22,17499,11799,139,56,221,570,21,105,Paid,790,Education,Night,
9298,Instagram,Video,2022-07-05,6109,4857,3242,210,42,1401,130,33,Organic,0,Promotion,Day,
9299,YouTube,Story,2022-06-20,8050,6830,4961,243,266,59,7,131,Organic,0,Motivation,Day,
9300,YouTube,Reel,2025-01-01,11591,8795,7461,149,123,499,81,86,Organic,0,Promotion,Day,
9301,Facebook,Image,2024-11-01,19454,13669,5773,142,161,948,51,14,Paid,3163,Promotion,Day,
9302,YouTube,Video,2023-04-21,10209,9884,9471,161,408,2211,24,110,Paid,863,Education,Night,
9303,Facebook,Image,2023-10-22,5296,5203,487,229,80,1256,171,171,Organic,0,Entertainment,Day,
9304,Facebook,Reel,2024-07-27,12593,8052,6457,11,75,778,48,5,Paid,2846,Entertainment,Night,
9305,YouTube,Video,2025-06-23,2645,2442,1315,109,402,560,47,43,Paid,2788,Motivation,Day,
9306,Facebook,Video,2021-11-28,17718,12944,3384,128,293,1379,404,25,Paid,1735,Awareness,Night,
9307,YouTube,Reel,2022-10-15,16348,14022,2372,193,192,2595,457,69,Organic,0,Awareness,Day,
9308,YouTube,Image,2021-08-20,3812,2353,709,3,391,214,19,19,Organic,0,Awareness,Day,
9309,Instagram,Video,2025-06-13,11470,7234,1984,24,450,525,95,136,Organic,0,Motivation,Night,
9310,Instagram,Reel,2024-06-25,19475,17876,9736,92,400,5156,1201,65,Organic,0,Promotion,Night,
9311,Instagram,Video,2023-10-18,14349,10990,7781,10,111,2633,627,152,Organic,0,Entertainment,Night,
9312,Instagram,Story,2021-05-28,10555,9100,5415,69,248,1547,89,142,Paid,4675,Entertainment,Night,
9313,Facebook,Video,2023-03-29,9389,6260,4785,182,388,1746,112,91,Organic,0,Promotion,Day,
9314,Instagram,Video,2025-05-28,16892,13045,10860,290,373,3348,580,109,Paid,980,Entertainment,Day,
9315,Facebook,Video,2025-09-26,1500,1156,890,164,154,165,16,38,Organic,0,Entertainment,Night,
9316,Instagram,Video,2021-10-28,17280,14677,10737,256,267,1200,311,128,Organic,0,Awareness,Day,
9317,Facebook,Video,2025-11-23,13684,11712,8652,227,446,1651,37,3394,Organic,0,Awareness,Night,
9318,Facebook,Video,2024-06-09,2883,1756,27,212,46,448,68,37,Organic,0,Education,Day,
9319,YouTube,Story,2022-01-24,19035,11744,6056,221,460,626,8,102,Organic,0,Education,Day,
9320,YouTube,Image,2022-01-16,16225,13518,3201,188,317,3523,649,65,Paid,4692,Entertainment,Day,
9321,Instagram,Video,2025-05-19,6155,4744,3691,222,165,573,77,14,Organic,0,Awareness,Night,
9322,YouTube,Story,2024-03-28,11045,10366,6085,123,318,2162,524,88,Organic,0,Education,Night,
9323,Facebook,Video,2023-01-13,18542,15916,14130,157,68,3819,1005,69,Organic,0,Education,Night,
9324,Instagram,Reel,2025-03-04,11456,10970,2599,58,82,86,15,81,Organic,0,Awareness,Day,
9325,Facebook,Reel,2023-08-19,1041,1023,846,6,5,98,24,5,Organic,0,Education,Day,
9326,YouTube,Reel,2022-05-11,4478,3304,536,55,388,329,23,137,Organic,0,Promotion,Night,
9327,YouTube,Image,2025-03-22,10442,7360,4819,108,367,138,16,84,Organic,0,Promotion,Day,
9328,YouTube,Video,2022-08-21,19765,14546,14374,247,36,1799,523,19,Paid,3462,Awareness,Day,
9329,Facebook,Video,2021-01-24,17731,13126,3993,169,56,1681,220,32,Organic,0,Awareness,Day,
9330,YouTube,Reel,2022-03-03,9825,8341,1591,126,291,208,41,27,Paid,400,Education,Day,
9331,Instagram,Image,2025-07-03,7394,5997,1214,26,347,1514,18,113,Organic,0,Entertainment,Day,
9332,Facebook,Image,2023-01-10,15767,11110,8021,211,350,363,9,111,Paid,211,Motivation,Night,
9333,Facebook,Reel,2023-01-06,6737,5016,3318,119,484,1029,218,149,Organic,0,Promotion,Night,
9334,YouTube,Video,2025-11-02,1856,1211,386,17,500,362,48,117,Organic,0,Promotion,Day,
9335,Instagram,Reel,2021-11-19,8051,6975,5527,144,3,1793,281,102,Organic,0,Awareness,Day,
9336,YouTube,Story,2023-02-02,12611,9981,6587,266,115,2019,366,145,Paid,4270,Entertainment,Night,
9337,Facebook,Video,2021-05-28,6131,4445,1334,259,448,1247,296,146,Organic,0,Awareness,Day,
9338,Instagram,Image,2021-06-23,1224,1045,58,41,294,34,9,143,Organic,0,Education,Night,
9339,Facebook,Video,2023-08-07,18236,12472,7480,172,207,3429,998,32,Organic,0,Entertainment,Day,
9340,Instagram,Image,2024-02-23,17263,14606,7157,62,79,2699,648,46,Organic,0,Education,Day,
9341,Instagram,Story,2025-01-29,3628,3098,443,176,429,501,72,103,Organic,0,Promotion,Night,
9342,Instagram,Story,2022-03-15,13373,10971,9830,270,94,1842,292,65,Organic,0,Awareness,Night,
9343,YouTube,Video,2024-01-09,10600,6971,6418,48,491,883,74,127,Organic,0,Awareness,Day,
9344,Facebook,Story,2022-12-22,6928,6678,5468,140,162,1405,187,68,Organic,0,Motivation,Day,
9345,Instagram,Video,2023-03-11,15661,10946,7326,55,357,1330,85,35,Organic,0,Entertainment,Day,
9346,Instagram,Image,2021-03-27,10981,7274,5937,190,73,809,27,85,Organic,0,Promotion,Day,
9347,Instagram,Story,2022-12-30,17329,12945,5258,143,406,226,33,14,Organic,0,Motivation,Day,
9348,YouTube,Reel,2024-03-23,7915,5024,4326,90,216,1297,91,12,Paid,651,Motivation,Night,
9349,Instagram,Reel,2022-06-07,11456,7685,4693,298,67,627,150,153,Organic,0,Awareness,Day,
9350,Facebook,Video,2021-03-08,14283,10404,9814,178,62,799,115,63,Paid,1436,Entertainment,Day,
9351,YouTube,Reel,2025-11-05,3275,2412,596,79,225,699,155,34,Organic,0,Awareness,Night,
9352,YouTube,Story,2022-06-06,15193,9924,1382,44,465,1438,283,149,Paid,2365,Entertainment,Day,
9353,YouTube,Reel,2022-01-07,18738,17395,3935,286,168,3882,606,24,Organic,0,Motivation,Night,
9354,YouTube,Reel,2025-03-30,17622,12341,10208,247,179,358,89,52,Organic,0,Education,Night,
9355,YouTube,Image,2025-12-24,17086,10466,1921,274,47,818,74,134,Organic,0,Promotion,Day,
9356,YouTube,Image,2022-09-24,9772,9249,2378,225,489,2190,378,41,Paid,1373,Motivation,Night,
9357,YouTube,Image,2022-01-24,9739,7975,5937,283,447,434,118,133,Organic,0,Awareness,Day,
9358,YouTube,Story,2022-08-19,11299,7883,5367,199,281,1962,442,136,Organic,0,Promotion,Night,
9359,Instagram,Story,2021-05-15,11393,7852,5621,276,416,626,103,104,Organic,0,Motivation,Night,
9360,Facebook,Story,2024-12-08,14067,13357,2633,25,424,608,115,58,Organic,0,Entertainment,Night,
9361,YouTube,Reel,2021-09-06,2739,2102,2096,41,55,122,25,126,Organic,0,Awareness,Day,
9362,YouTube,Story,2022-09-07,4476,2892,2033,278,335,501,8,29,Organic,0,Motivation,Day,
9363,YouTube,Story,2023-11-12,16383,11714,2222,60,371,1949,306,135,Organic,0,Entertainment,Day,
9364,Instagram,Reel,2021-04-06,16169,15666,9258,247,393,30,2,13,Organic,0,Entertainment,Night,
9365,Instagram,Reel,2021-09-13,2840,1867,1185,161,263,426,58,38,Paid,861,Entertainment,Night,
9366,Facebook,Image,2021-08-18,3142,1991,1344,253,222,462,122,47,Organic,0,Promotion,Day,
9367,Instagram,Image,2024-11-06,17061,16358,16238,26,207,2098,67,78,Organic,0,Awareness,Day,
9368,Facebook,Story,2024-10-24,9732,8084,6441,159,136,1385,281,98,Paid,3223,Entertainment,Night,
9369,Facebook,Image,2022-07-13,5462,4452,2387,181,113,698,14,26,Organic,0,Motivation,Day,
9370,YouTube,Image,2021-08-07,17451,13934,5405,90,252,2399,323,74,Organic,0,Entertainment,Day,
9371,Instagram,Story,2021-08-11,14616,12222,2817,161,429,1821,243,134,Paid,4691,Awareness,Day,
9372,Facebook,Reel,2025-08-27,9843,6281,1495,45,40,1423,238,98,Organic,0,Promotion,Day,
9373,Instagram,Story,2024-02-07,5958,5129,195,200,109,1103,55,36,Organic,0,Entertainment,Night,
9374,Facebook,Image,2023-05-04,10772,9132,7943,32,0,2159,349,110,Paid,4935,Motivation,Night,
9375,Facebook,Reel,2023-10-31,10467,9288,7115,120,154,2673,385,148,Paid,299,Awareness,Day,
9376,Facebook,Reel,2023-01-07,6786,5315,4345,266,326,374,26,5,Organic,0,Entertainment,Night,
9377,Instagram,Video,2021-10-05,16549,10023,3435,201,93,67,10,76,Organic,0,Promotion,Day,
9378,Instagram,Video,2025-11-21,16600,11401,8302,94,50,1341,273,54,Organic,0,Education,Night,
9379,Facebook,Image,2025-01-29,3135,2407,1059,79,211,10,2,145,Organic,0,Motivation,Day,
9380,YouTube,Video,2021-08-28,4724,3544,3145,192,480,638,119,19,Organic,0,Entertainment,Night,
9381,YouTube,Reel,2024-07-15,5113,4034,3695,94,500,766,116,57,Organic,0,Entertainment,Day,
9382,Facebook,Reel,2021-08-20,2084,1275,890,283,312,215,12,176,Paid,4219,Education,Day,
9383,Instagram,Story,2024-09-29,12317,8663,160,86,442,2513,711,12,Paid,4470,Awareness,Night,
9384,YouTube,Story,2021-11-24,7362,5363,4231,129,348,1300,183,78,Organic,0,Education,Day,
9385,Facebook,Reel,2025-07-01,13244,12840,10911,264,157,1774,241,50,Organic,0,Awareness,Night,
9386,YouTube,Image,2024-04-09,13821,8802,8556,63,162,1844,295,73,Organic,0,Entertainment,Day,
9387,Facebook,Image,2022-02-01,11711,9674,841,159,241,1784,104,118,Organic,0,Education,Day,
9388,Instagram,Reel,2022-01-14,11595,7910,2624,284,133,27,4,151,Organic,0,Entertainment,Night,
9389,YouTube,Reel,2024-04-05,13890,11400,4001,173,244,2121,606,170,Paid,3839,Education,Day,
9390,Facebook,Story,2024-01-26,4029,3334,787,259,421,947,221,127,Organic,0,Entertainment,Day,
9391,Facebook,Story,2023-12-08,9883,8346,7409,237,497,1107,11,143,Paid,3580,Entertainment,Day,
9392,Facebook,Video,2021-11-12,5838,5422,5086,71,254,1258,231,121,Organic,0,Entertainment,Day,
9393,YouTube,Story,2021-01-01,15976,15688,13008,192,472,602,76,47,Organic,0,Promotion,Day,
9394,Facebook,Video,2024-05-16,9407,5859,3886,120,221,1080,254,2818,Organic,0,Education,Day,
9395,Facebook,Story,2023-07-11,4601,3802,609,138,453,1075,172,152,Organic,0,Promotion,Night,
9396,YouTube,Video,2022-08-22,12911,9067,1528,56,376,468,99,25,Paid,1786,Entertainment,Night,
9397,Facebook,Story,2025-05-04,17951,11182,4128,287,481,2151,172,86,Paid,3858,Motivation,Night,
9398,Facebook,Reel,2021-06-17,11440,7958,921,186,295,343,93,61,Organic,0,Awareness,Night,
9399,Facebook,Video,2022-05-22,11196,10179,7749,291,343,1007,96,78,Organic,0,Education,Day,
9400,Facebook,Video,2023-05-11,18536,13188,1659,239,239,604,112,102,Organic,0,Education,Day,
9401,Facebook,Story,2021-04-17,1851,1494,468,100,239,318,82,158,Paid,4529,Awareness,Day,
9402,Instagram,Reel,2022-04-29,3013,2059,1665,173,470,613,162,162,Paid,2914,Promotion,Day,
9403,Instagram,Image,2023-04-16,3058,2365,753,291,195,655,55,114,Organic,0,Awareness,Day,
9404,Instagram,Reel,2025-01-10,19740,12299,1222,20,400,1412,159,119,Organic,0,Motivation,Night,
9405,Instagram,Story,2022-01-18,6450,5490,92,151,409,971,63,163,Organic,0,Entertainment,Night,
9406,YouTube,Video,2024-09-08,17196,13714,7172,126,168,477,129,46,Organic,0,Awareness,Night,
9407,Instagram,Image,2025-03-04,10146,7808,5776,130,30,196,0,72,Organic,0,Awareness,Day,
9408,Instagram,Story,2022-12-19,16440,16326,4231,77,160,3580,1056,74,Organic,0,Entertainment,Day,
9409,Facebook,Image,2022-06-03,12134,12003,9302,163,157,945,126,82,Paid,3528,Education,Night,
9410,YouTube,Video,2021-09-14,14321,13069,10900,226,216,247,0,94,Organic,0,Motivation,Night,
9411,Facebook,Image,2021-05-22,9993,7592,7362,191,352,1487,103,115,Organic,0,Awareness,Night,
9412,Facebook,Image,2024-11-06,12076,11877,4328,65,422,1715,136,116,Paid,2159,Awareness,Day,
9413,YouTube,Reel,2021-09-08,8082,5798,2355,121,326,615,168,107,Organic,0,Education,Night,
9414,YouTube,Image,2022-11-29,16421,10043,6829,262,191,987,236,149,Organic,0,Motivation,Night,
9415,Facebook,Video,2023-02-23,16648,12906,3093,134,194,934,33,23,Organic,0,Entertainment,Day,
9416,YouTube,Image,2022-04-27,19049,17836,12824,203,478,4991,472,74,Organic,0,Entertainment,Day,
9417,Facebook,Video,2022-07-30,3889,3103,493,234,77,222,64,67,Organic,0,Promotion,Night,
9418,Instagram,Image,2025-06-28,5874,4909,2497,265,60,240,22,79,Organic,0,Motivation,Day,
9419,Facebook,Video,2023-06-06,12446,9177,6176,116,309,735,78,162,Paid,3571,Motivation,Night,
9420,Facebook,Story,2021-01-12,17832,11581,5749,139,88,2563,536,157,Organic,0,Awareness,Day,
9421,Facebook,Reel,2024-06-04,2150,2082,1617,27,28,400,0,108,Paid,2149,Promotion,Day,
9422,YouTube,Story,2025-04-21,16911,14632,12591,3,205,2113,590,79,Organic,0,Entertainment,Day,
9423,Facebook,Reel,2022-02-24,4211,3523,129,233,179,928,92,132,Paid,2746,Motivation,Day,
9424,Instagram,Story,2024-02-20,3371,2253,1846,214,361,245,38,158,Organic,0,Motivation,Day,
9425,YouTube,Reel,2022-01-17,19248,12469,2674,132,1,49,3,60,Organic,0,Education,Night,
9426,YouTube,Story,2024-02-20,4246,3543,2509,164,388,455,41,26,Organic,0,Entertainment,Night,
9427,Facebook,Image,2022-06-17,11101,8372,8003,128,4,264,18,93,Organic,0,Education,Night,
9428,Instagram,Reel,2021-01-14,1139,1124,918,280,51,316,36,23,Organic,0,Promotion,Day,
9429,Instagram,Reel,2023-12-19,10328,6769,3435,25,449,239,47,163,Paid,874,Motivation,Day,
9430,Instagram,Video,2021-03-23,14507,14421,3309,18,23,1901,270,30,Organic,0,Promotion,Day,
9431,Instagram,Reel,2024-03-03,12450,11261,3066,231,499,762,59,174,Organic,0,Education,Day,
9432,YouTube,Video,2022-04-10,19521,12646,6700,248,60,2079,174,173,Organic,0,Entertainment,Day,
9433,Facebook,Video,2023-05-01,14716,9951,7664,170,157,2448,593,27,Paid,2102,Motivation,Night,
9434,YouTube,Reel,2025-08-01,19210,12291,3597,176,416,1176,150,51,Organic,0,Entertainment,Day,
9435,YouTube,Reel,2021-04-11,6097,4061,2749,86,154,645,103,17,Paid,3767,Promotion,Day,
9436,Instagram,Reel,2023-12-16,17245,12858,8090,43,282,3767,811,70,Paid,4572,Awareness,Day,
9437,Instagram,Video,2022-04-16,12472,10385,3418,179,363,3017,73,148,Organic,0,Entertainment,Day,
9438,YouTube,Image,2025-02-09,15803,14391,8293,148,51,3744,1110,77,Organic,0,Entertainment,Night,
9439,Facebook,Reel,2024-06-18,16006,13797,10090,110,222,3424,965,160,Paid,4511,Entertainment,Night,
9440,Facebook,Story,2024-04-15,8214,7267,6636,251,94,1232,304,81,Organic,0,Motivation,Day,
9441,YouTube,Video,2022-10-11,1977,1320,126,154,276,26,3,167,Organic,0,Promotion,Night,
9442,Facebook,Video,2023-12-20,4152,2733,992,273,434,265,53,173,Paid,1885,Promotion,Day,
9443,Instagram,Reel,2023-12-09,8442,6063,5615,147,294,150,13,35,Paid,1510,Motivation,Day,
9444,Facebook,Reel,2024-10-11,5445,4148,2283,100,249,662,177,89,Paid,4341,Entertainment,Day,
9445,Instagram,Reel,2023-08-10,4660,2886,2276,170,428,285,12,164,Organic,0,Entertainment,Night,
9446,YouTube,Image,2025-05-29,4447,2681,1123,21,378,255,0,63,Organic,0,Awareness,Day,
9447,Facebook,Image,2025-03-24,9759,5959,1060,59,56,466,119,45,Organic,0,Entertainment,Day,
9448,YouTube,Story,2024-06-09,18311,15539,4007,257,301,166,27,116,Organic,0,Education,Day,
9449,YouTube,Video,2023-11-16,3618,2390,2361,57,86,311,82,100,Organic,0,Entertainment,Day,
9450,YouTube,Story,2022-08-12,1002,793,768,10,35,37,4,172,Organic,0,Awareness,Night,
9451,YouTube,Story,2024-10-02,14653,12228,299,188,482,2996,298,126,Organic,0,Education,Night,
9452,YouTube,Video,2023-12-16,17203,16399,7492,129,113,2704,395,160,Paid,1142,Awareness,Night,
9453,YouTube,Video,2024-05-16,3520,2804,1061,299,118,228,23,169,Paid,835,Awareness,Night,
9454,YouTube,Reel,2025-05-15,5397,5356,3006,205,124,1323,79,109,Paid,1789,Promotion,Night,
9455,Instagram,Reel,2025-05-02,10087,9702,4425,227,53,1959,171,78,Organic,0,Motivation,Day,
9456,YouTube,Image,2022-10-13,8649,7530,5521,226,438,387,53,136,Organic,0,Awareness,Day,
9457,YouTube,Story,2024-12-07,7527,4538,83,119,202,1114,243,103,Paid,1934,Entertainment,Day,
9458,Instagram,Story,2024-09-23,10398,6568,75,220,363,25,2,130,Organic,0,Promotion,Day,
9459,Facebook,Image,2023-02-21,9819,9585,6921,187,484,2575,686,142,Organic,0,Education,Day,
9460,Instagram,Story,2025-03-03,3116,2876,899,80,295,149,30,179,Organic,0,Motivation,Night,
9461,Instagram,Story,2023-02-25,4700,3089,1783,149,132,208,40,79,Organic,0,Promotion,Day,
9462,YouTube,Video,2021-01-10,4554,3265,3016,188,315,600,50,18,Organic,0,Awareness,Night,
9463,YouTube,Reel,2022-06-05,1037,733,48,299,84,143,11,42,Paid,3011,Promotion,Day,
9464,Instagram,Story,2022-02-17,5526,5392,2462,189,196,458,79,144,Paid,4579,Entertainment,Day,
9465,Facebook,Video,2025-06-14,14914,10589,6207,218,292,95,18,49,Organic,0,Entertainment,Day,
9466,Facebook,Story,2025-05-03,11251,11250,309,200,492,217,36,149,Organic,0,Entertainment,Day,
9467,Instagram,Video,2025-10-09,14322,11062,5430,237,48,1275,208,167,Paid,4680,Motivation,Day,
9468,YouTube,Video,2022-04-20,16905,15574,2246,269,257,1246,355,79,Organic,0,Promotion,Day,
9469,Facebook,Story,2021-09-17,7640,5721,2430,169,167,1183,336,173,Organic,0,Promotion,Day,
9470,YouTube,Reel,2025-07-27,2353,1897,1785,278,10,317,82,33,Paid,2718,Awareness,Day,
9471,Instagram,Story,2024-11-02,7430,7373,246,26,5,1998,594,22,Paid,3867,Education,Night,
9472,Facebook,Image,2023-12-23,3123,1880,970,25,114,336,55,24,Paid,4503,Entertainment,Day,
9473,Instagram,Reel,2022-09-15,15163,11205,10969,78,427,2495,385,18,Organic,0,Education,Night,
9474,Facebook,Reel,2023-04-13,4768,4546,4096,221,288,824,149,166,Organic,0,Education,Day,
9475,Instagram,Story,2025-09-19,16946,14946,10153,221,495,3717,479,58,Paid,1304,Entertainment,Day,
9476,Facebook,Reel,2021-09-21,7151,5768,695,161,64,970,64,35,Organic,0,Entertainment,Night,
9477,Facebook,Story,2023-07-27,14194,8789,1126,160,234,1475,352,62,Paid,907,Awareness,Night,
9478,YouTube,Story,2021-03-15,11452,11213,5025,157,235,489,6,108,Organic,0,Motivation,Night,
9479,Instagram,Reel,2023-01-31,12789,8193,7811,291,356,735,66,174,Paid,2091,Entertainment,Day,
9480,YouTube,Reel,2024-12-12,18727,13433,13149,2,413,2093,38,132,Organic,0,Education,Day,
9481,Facebook,Video,2025-10-11,8298,5666,3619,267,396,1061,253,162,Organic,0,Awareness,Night,
9482,Instagram,Reel,2021-05-19,19939,18987,4912,68,191,3148,731,29,Organic,0,Promotion,Day,
9483,Instagram,Image,2025-08-12,2901,1953,469,81,91,377,92,23,Organic,0,Awareness,Night,
9484,YouTube,Video,2023-04-03,5767,4214,3714,183,146,496,34,140,Organic,0,Entertainment,Day,
9485,Facebook,Reel,2024-12-23,5715,5040,1368,30,467,1276,372,7,Organic,0,Entertainment,Day,
9486,Instagram,Reel,2021-10-06,19825,18655,6824,159,282,5169,163,90,Paid,1763,Motivation,Day,
9487,YouTube,Story,2023-05-07,7172,6982,6307,169,207,154,46,149,Organic,0,Awareness,Night,
9488,Instagram,Reel,2022-12-19,16853,11287,379,68,362,1795,523,146,Organic,0,Entertainment,Day,
9489,Instagram,Image,2022-08-20,7881,7436,651,137,201,1191,285,13,Organic,0,Education,Night,
9490,Facebook,Video,2024-04-21,16426,11769,10203,78,62,843,165,98,Paid,557,Education,Day,
9491,Facebook,Reel,2021-08-19,8955,8435,2561,248,134,1812,40,153,Organic,0,Awareness,Night,
9492,Instagram,Image,2024-04-23,1364,1016,817,137,123,59,13,169,Organic,0,Motivation,Day,
9493,Instagram,Image,2021-08-14,9530,6069,5338,219,426,1102,271,143,Paid,4937,Awareness,Night,
9494,YouTube,Image,2021-10-19,13162,8577,4271,174,311,1531,31,24,Organic,0,Motivation,Day,
9495,YouTube,Story,2022-09-13,19355,12750,1383,243,209,352,73,39,Organic,0,Education,Night,
9496,Facebook,Video,2024-02-05,9063,7532,4494,179,154,1673,45,57,Organic,0,Entertainment,Day,
9497,YouTube,Story,2022-02-03,1256,1075,454,189,165,114,3,179,Paid,1585,Promotion,Day,
9498,YouTube,Video,2023-07-09,11813,10041,5316,211,8,802,152,114,Organic,0,Entertainment,Day,
9499,YouTube,Video,2025-10-07,1101,985,620,88,436,213,37,140,Paid,2951,Education,Night,
9500,YouTube,Image,2025-07-15,5657,4878,3799,24,228,1162,251,8,Paid,444,Education,Day,
9501,YouTube,Video,2025-07-10,3835,2388,349,119,323,398,90,159,Organic,0,Entertainment,Day,
9502,Facebook,Reel,2022-03-09,1141,798,255,181,363,34,2,176,Paid,814,Entertainment,Day,
9503,Facebook,Story,2023-10-09,10987,8425,5220,106,419,814,176,172,Organic,0,Education,Day,
9504,YouTube,Image,2021-03-19,15080,14796,7791,159,451,2744,408,106,Organic,0,Entertainment,Night,
9505,Facebook,Reel,2022-03-28,4271,2914,1027,160,298,82,12,51,Organic,0,Promotion,Day,
9506,Facebook,Image,2024-06-25,13541,9652,2344,142,353,686,58,98,Paid,2129,Promotion,Day,
9507,Instagram,Video,2024-03-17,18610,17856,12448,27,407,2151,223,176,Organic,0,Awareness,Day,
9508,YouTube,Video,2025-11-10,16028,14386,5732,48,180,1558,297,52,Organic,0,Promotion,Day,
9509,YouTube,Video,2024-07-09,2010,1965,844,189,102,470,17,95,Organic,0,Education,Day,
9510,Instagram,Video,2023-12-28,12187,12022,5983,102,320,2890,676,88,Organic,0,Education,Day,
9511,Facebook,Story,2022-04-13,6075,3898,973,139,77,349,71,72,Organic,0,Awareness,Day,
9512,Facebook,Video,2021-01-19,10015,8628,5230,87,366,2472,339,143,Organic,0,Motivation,Day,
9513,Facebook,Image,2022-06-23,18447,11187,2001,160,228,216,53,129,Organic,0,Awareness,Night,
9514,Instagram,Image,2022-07-04,15964,14403,11273,136,309,1734,189,77,Organic,0,Motivation,Day,
9515,Facebook,Image,2022-02-16,6584,6093,4169,5,52,1206,221,8,Organic,0,Motivation,Night,
9516,Facebook,Reel,2025-01-18,7054,5957,443,17,163,772,145,80,Organic,0,Entertainment,Day,
9517,YouTube,Story,2025-06-08,11201,10374,10127,139,157,1649,143,77,Paid,2404,Promotion,Night,
9518,YouTube,Reel,2023-11-20,5650,4120,2763,186,42,1106,46,1849,Paid,77014,Motivation,Day,
9519,Facebook,Video,2025-02-07,6186,5248,3967,274,93,809,202,52,Organic,0,Entertainment,Day,
9520,YouTube,Video,2025-11-02,15383,10516,3918,222,315,2480,469,158,Organic,0,Awareness,Night,
9521,YouTube,Reel,2021-02-09,1727,1606,1200,205,117,201,27,106,Paid,3858,Awareness,Night,
9522,YouTube,Reel,2021-04-09,3428,2896,1126,30,151,364,108,110,Paid,1184,Motivation,Day,
9523,Instagram,Image,2025-12-23,1324,1007,4,249,58,159,6,81,Organic,0,Entertainment,Day,
9524,Facebook,Reel,2025-09-23,7569,6588,4257,193,152,977,245,43,Organic,0,Education,Day,
9525,YouTube,Video,2022-07-11,1722,1301,1113,216,410,238,3,62,Organic,0,Promotion,Night,
9526,YouTube,Story,2023-05-08,14247,10981,9724,137,127,2021,543,23,Organic,0,Motivation,Night,
9527,Facebook,Story,2023-03-05,1449,946,120,166,124,76,4,92,Organic,0,Education,Day,
9528,Instagram,Video,2023-10-31,11595,9016,5680,20,317,811,31,117,Paid,3887,Promotion,Night,
9529,Instagram,Reel,2021-05-14,19009,18110,12280,113,88,1328,75,81,Organic,0,Education,Day,
9530,Facebook,Story,2025-05-17,6925,5280,5199,8,455,17,5,81,Organic,0,Entertainment,Night,
9531,YouTube,Story,2023-12-24,17317,12803,1310,208,71,2351,203,32,Paid,3245,Motivation,Day,
9532,YouTube,Image,2024-08-17,8944,8837,4526,157,480,596,82,70,Paid,1059,Education,Day,
9533,YouTube,Reel,2022-02-07,1842,1248,310,245,216,291,14,14,Paid,2285,Education,Day,
9534,YouTube,Video,2025-06-18,1670,1213,841,167,256,300,23,130,Paid,2927,Education,Night,
9535,Facebook,Story,2024-07-05,2239,1740,1617,169,379,264,27,62,Organic,0,Motivation,Night,
9536,Instagram,Image,2023-11-05,3066,2123,966,57,264,628,148,146,Paid,4671,Entertainment,Night,
9537,YouTube,Image,2025-06-30,1989,1523,800,299,14,260,31,129,Paid,4890,Entertainment,Day,
9538,YouTube,Image,2022-10-10,10705,9500,7762,119,490,819,214,116,Organic,0,Education,Day,
9539,Facebook,Reel,2025-12-25,4581,3869,3524,239,235,1098,172,88,Organic,0,Entertainment,Day,
9540,Facebook,Story,2024-05-03,12854,9677,729,291,482,893,179,147,Organic,0,Promotion,Night,
9541,Facebook,Story,2021-12-14,11325,8793,4059,100,435,791,232,100,Paid,2207,Entertainment,Night,
9542,Facebook,Story,2025-03-18,11728,7192,7077,155,124,1610,294,37,Organic,0,Education,Day,
9543,YouTube,Story,2021-02-11,8146,7882,7388,136,255,2119,634,149,Organic,0,Promotion,Night,
9544,YouTube,Image,2024-01-19,3930,3717,1546,128,385,360,60,156,Organic,0,Motivation,Night,
9545,Instagram,Image,2025-07-19,11133,9668,8440,87,203,2630,416,162,Organic,0,Awareness,Day,
9546,YouTube,Image,2021-08-14,17392,13357,12560,27,378,2929,323,145,Organic,0,Entertainment,Day,
9547,YouTube,Image,2023-05-13,4123,2684,927,254,6,540,52,51,Organic,0,Promotion,Day,
9548,Facebook,Story,2023-04-19,11501,9659,1702,171,139,1260,182,116,Paid,1477,Awareness,Night,
9549,Facebook,Image,2024-12-01,3925,2924,311,156,161,180,14,148,Organic,0,Motivation,Night,
9550,Facebook,Reel,2022-04-06,1703,1643,318,181,395,156,7,47,Organic,0,Awareness,Night,
9551,Facebook,Video,2021-06-23,17865,11245,1787,62,295,1094,17,12,Organic,0,Motivation,Night,
9552,Facebook,Story,2022-09-12,1814,1440,349,277,52,17,5,7,Organic,0,Education,Day,
9553,Facebook,Video,2024-11-10,14751,11348,10629,270,55,1299,258,129,Organic,0,Education,Night,
9554,Instagram,Story,2022-04-09,2124,1922,206,296,251,406,89,16,Organic,0,Motivation,Night,
9555,Instagram,Story,2024-12-22,5692,5048,2608,213,190,389,37,88,Organic,0,Awareness,Night,
9556,Facebook,Reel,2023-05-06,19078,12745,11309,161,478,1189,252,20,Organic,0,Entertainment,Day,
9557,Instagram,Reel,2024-04-21,18513,18125,4883,24,189,2075,365,82,Organic,0,Awareness,Night,
9558,YouTube,Video,2023-02-25,2423,1576,286,219,265,351,10,63,Organic,0,Awareness,Night,
9559,Instagram,Image,2025-12-03,10887,10106,1988,299,90,1948,469,67,Organic,0,Entertainment,Night,
9560,Instagram,Image,2022-05-23,2561,1807,699,177,426,477,102,53,Organic,0,Awareness,Night,
9561,YouTube,Video,2025-01-21,12838,11329,11141,96,435,2551,304,55,Organic,0,Awareness,Day,
9562,Instagram,Reel,2021-07-07,13548,11257,5869,103,171,1821,94,37,Paid,2539,Promotion,Night,
9563,Facebook,Image,2025-04-13,6863,4670,1367,294,332,1242,116,34,Paid,883,Motivation,Day,
9564,Facebook,Image,2025-12-15,3667,3298,1392,127,320,487,51,80,Organic,0,Education,Day,
9565,YouTube,Reel,2022-12-27,15878,14725,1274,167,266,1074,244,19,Organic,0,Motivation,Night,
9566,YouTube,Story,2021-05-29,13429,9225,7798,238,498,95,15,86,Organic,0,Awareness,Day,
9567,YouTube,Image,2024-07-23,19149,14241,9590,133,465,2453,651,96,Organic,0,Entertainment,Day,
9568,YouTube,Video,2022-07-15,12325,9411,3026,111,450,2519,217,27,Paid,4214,Entertainment,Night,
9569,Facebook,Story,2022-01-06,14368,11075,802,192,293,1665,354,98,Paid,548,Education,Day,
9570,YouTube,Image,2025-01-14,14076,12182,4353,235,157,2822,159,49,Paid,4514,Education,Night,
9571,YouTube,Reel,2024-12-21,1176,1069,974,161,6,174,23,66,Paid,1222,Education,Day,
9572,Instagram,Image,2022-10-24,5065,4878,355,142,435,838,0,19,Paid,649,Entertainment,Day,
9573,YouTube,Image,2021-09-29,16742,14209,11956,90,284,3652,129,50,Organic,0,Awareness,Day,
9574,Instagram,Story,2023-09-29,16364,15614,7108,129,77,1943,370,68,Organic,0,Education,Night,
9575,Instagram,Story,2024-06-23,14542,11572,7724,41,254,868,31,178,Paid,3522,Education,Day,
9576,Facebook,Image,2023-05-16,15368,11299,7994,144,352,2990,98,176,Organic,0,Entertainment,Night,
9577,YouTube,Story,2023-03-19,10101,8212,1689,221,7,2314,634,79,Organic,0,Awareness,Night,
9578,YouTube,Story,2022-08-05,1569,1510,1508,274,116,6,1,161,Organic,0,Education,Night,
9579,Facebook,Image,2023-05-04,12251,8218,547,228,321,7,0,56,Paid,2708,Awareness,Day,
9580,Instagram,Reel,2025-04-03,15144,9286,318,16,335,1009,135,92,Organic,0,Promotion,Day,
9581,Instagram,Reel,2021-06-29,16010,14821,7862,141,387,1550,143,61,Organic,0,Education,Night,
9582,YouTube,Reel,2021-09-06,6041,3972,3919,30,311,289,68,87,Paid,1468,Education,Day,
9583,Facebook,Video,2021-09-03,10697,8392,8052,180,394,2153,56,70,Paid,1376,Entertainment,Day,
9584,YouTube,Image,2025-12-07,7189,6172,145,12,475,608,27,154,Paid,1832,Promotion,Day,
9585,Instagram,Story,2023-06-19,6289,5508,4202,197,37,1295,375,24,Organic,0,Promotion,Night,
9586,YouTube,Image,2025-03-30,18108,15531,2465,150,274,2110,133,37,Organic,0,Promotion,Day,
9587,Facebook,Video,2025-12-23,18522,14856,13751,82,384,4112,265,76,Paid,3969,Motivation,Day,
9588,Instagram,Story,2025-05-13,19389,12806,5209,76,79,1428,99,29,Organic,0,Entertainment,Night,
9589,Instagram,Video,2024-01-08,1713,1348,478,4,89,96,25,50,Organic,0,Entertainment,Night,
9590,YouTube,Image,2025-05-10,12560,8374,1028,173,365,1409,238,77,Organic,0,Education,Day,
9591,Facebook,Video,2022-01-24,10754,9811,4730,155,54,1872,155,102,Organic,0,Entertainment,Day,
9592,YouTube,Reel,2021-05-24,18907,14351,8239,102,429,305,56,61,Organic,0,Education,Day,
9593,Instagram,Story,2022-05-21,12298,7924,3776,204,188,1065,223,91,Organic,0,Education,Day,
9594,Instagram,Story,2025-05-20,18558,13404,12626,234,209,2198,567,3133,Organic,0,Motivation,Day,
9595,Facebook,Story,2024-12-18,6839,4110,3196,248,108,871,118,59,Paid,4521,Entertainment,Day,
9596,Facebook,Image,2021-08-11,15929,9696,6423,61,244,2782,189,65,Organic,0,Entertainment,Day,
9597,Facebook,Video,2022-09-14,9511,6526,3937,81,409,283,53,93,Organic,0,Motivation,Day,
9598,Instagram,Story,2022-08-23,7071,5716,182,63,277,742,30,12,Organic,0,Motivation,Day,
9599,Facebook,Video,2021-02-01,6946,6564,81,55,28,1198,291,20,Organic,0,Entertainment,Night,
9600,YouTube,Video,2024-10-25,6591,5504,5466,52,308,502,149,120,Paid,411,Entertainment,Day,
9601,Instagram,Reel,2024-03-08,1987,1650,625,0,441,368,29,65,Organic,0,Education,Day,
9602,YouTube,Image,2024-10-18,7960,7236,5377,243,427,149,27,19,Paid,358,Awareness,Day,
9603,Facebook,Image,2021-12-27,3150,2981,195,97,133,836,118,154,Organic,0,Education,Day,
9604,Facebook,Reel,2025-09-24,11302,7231,5449,22,87,1525,279,135,Organic,0,Promotion,Night,
9605,Facebook,Story,2024-10-04,9198,6550,5144,106,314,1857,409,106,Organic,0,Promotion,Night,
9606,Instagram,Image,2022-10-27,16438,12241,9724,261,113,739,38,58,Organic,0,Awareness,Day,
9607,Instagram,Story,2021-08-02,1313,1103,419,260,82,329,16,18,Organic,0,Motivation,Night,
9608,Facebook,Video,2022-03-19,7452,5453,561,111,281,345,11,40,Organic,0,Promotion,Night,
9609,Instagram,Image,2021-10-07,13580,13362,2835,126,175,2104,166,109,Organic,0,Motivation,Day,
9610,Instagram,Reel,2025-11-25,14764,9680,6727,50,144,261,76,86,Paid,603,Motivation,Day,
9611,Facebook,Image,2021-10-10,17077,16911,4907,126,182,2683,397,71,Paid,2041,Education,Night,
9612,Facebook,Story,2025-10-08,12114,8983,4792,157,361,289,68,14,Organic,0,Motivation,Night,
9613,Facebook,Reel,2023-11-20,13788,13184,5503,200,102,173,19,53,Organic,0,Awareness,Day,
9614,Facebook,Video,2023-06-01,10329,10200,1743,241,234,404,104,115,Organic,0,Education,Day,
9615,Instagram,Story,2024-05-01,3820,2410,1066,20,202,558,110,69,Paid,1456,Awareness,Night,
9616,Instagram,Image,2022-02-09,12869,7940,5930,155,399,211,18,61,Organic,0,Motivation,Day,
9617,Instagram,Video,2023-08-24,3730,2849,1033,73,41,781,8,31,Organic,0,Promotion,Night,
9618,Facebook,Video,2022-11-09,1740,1369,391,226,51,157,15,117,Organic,0,Motivation,Day,
9619,Facebook,Image,2025-12-31,17612,12482,11472,297,293,2906,267,137,Organic,0,Awareness,Day,
9620,Facebook,Video,2025-01-11,5893,4163,3614,228,277,208,3,75,Organic,0,Entertainment,Day,
9621,Facebook,Video,2024-06-02,13174,12058,11115,89,263,3180,331,87,Organic,0,Entertainment,Night,
9622,Facebook,Image,2025-09-07,5881,4010,3268,29,479,946,222,61,Paid,2144,Promotion,Day,
9623,Facebook,Image,2023-10-03,8447,7244,1220,209,140,965,133,124,Paid,3771,Awareness,Night,
9624,Facebook,Video,2022-11-11,14828,9583,1092,272,210,1622,60,97,Organic,0,Promotion,Day,
9625,YouTube,Video,2022-11-01,1705,1368,1342,255,273,6,0,19,Organic,0,Education,Day,
9626,Instagram,Video,2025-10-17,14304,9142,7600,220,231,395,89,115,Organic,0,Motivation,Day,
9627,YouTube,Video,2023-08-10,1665,1235,1036,67,202,154,42,105,Paid,3794,Education,Night,
9628,Instagram,Image,2023-04-20,7261,6335,1242,69,339,614,172,123,Paid,792,Entertainment,Night,
9629,Instagram,Reel,2023-07-26,12384,7784,767,288,280,1833,266,80,Organic,0,Motivation,Day,
9630,YouTube,Story,2025-02-26,19812,17927,7520,6,38,1990,556,162,Organic,0,Education,Day,
9631,Instagram,Video,2024-03-03,13871,12475,7232,33,302,3208,260,24,Organic,0,Entertainment,Night,
9632,YouTube,Image,2021-09-02,5206,4603,634,129,151,989,167,169,Organic,0,Education,Day,
9633,Instagram,Story,2024-01-05,1820,1288,828,226,103,146,11,135,Organic,0,Motivation,Day,
9634,Instagram,Image,2021-09-13,4711,4322,3158,1,472,217,6,77,Paid,696,Education,Day,
9635,YouTube,Image,2024-10-27,6973,5985,619,176,141,1253,46,126,Organic,0,Motivation,Night,
9636,Facebook,Video,2023-04-01,2203,1955,10,117,302,525,93,45,Organic,0,Education,Night,
9637,YouTube,Reel,2021-04-29,7614,5789,1567,159,327,1145,62,171,Paid,4479,Promotion,Day,
9638,Facebook,Image,2021-08-15,12148,9009,5077,66,73,2351,193,158,Organic,0,Education,Day,
9639,YouTube,Video,2023-10-24,4047,3315,1479,244,397,370,74,134,Paid,4578,Education,Night,
9640,Facebook,Image,2023-03-04,19501,17889,17112,174,126,736,50,27,Organic,0,Promotion,Day,
9641,Instagram,Reel,2021-05-02,15500,14271,10126,195,342,1191,276,27,Paid,4981,Entertainment,Day,
9642,Instagram,Reel,2021-06-02,18868,12414,10045,252,53,1069,267,148,Organic,0,Motivation,Day,
9643,Facebook,Reel,2022-11-02,8132,5156,2684,25,275,189,43,13,Organic,0,Awareness,Day,
9644,YouTube,Video,2022-01-12,10554,8075,7969,81,48,1141,340,17,Organic,0,Entertainment,Night,
9645,Facebook,Reel,2023-12-12,18901,18397,3096,132,179,1498,275,160,Organic,0,Motivation,Day,
9646,Instagram,Story,2024-09-15,11179,10542,4068,107,90,179,41,159,Organic,0,Education,Day,
9647,Instagram,Story,2024-12-09,4059,2750,787,72,466,328,75,55,Paid,3886,Entertainment,Day,
9648,YouTube,Image,2021-12-23,10048,7224,4214,56,418,881,93,68,Paid,4282,Education,Night,
9649,Facebook,Story,2025-09-14,1805,1421,107,276,352,370,3,56,Organic,0,Entertainment,Night,
9650,YouTube,Reel,2021-11-26,3707,3054,1646,299,125,643,118,42,Organic,0,Entertainment,Day,
9651,Facebook,Story,2022-03-21,13196,8735,1031,162,414,179,29,104,Paid,4897,Awareness,Night,
9652,Instagram,Image,2023-01-11,8153,6073,4853,146,36,1287,108,150,Paid,3869,Promotion,Day,
9653,Facebook,Story,2025-12-27,12300,9737,6863,48,227,2749,6,55,Organic,0,Entertainment,Night,
9654,Instagram,Video,2022-02-05,10072,7547,986,266,248,1307,209,141,Paid,2373,Education,Day,
9655,YouTube,Video,2022-04-10,4187,3983,1622,96,151,667,22,145,Organic,0,Awareness,Day,
9656,Facebook,Reel,2021-12-25,2160,1902,772,76,350,428,24,172,Organic,0,Entertainment,Day,
9657,YouTube,Story,2024-01-18,8467,8208,7194,238,226,1586,56,59,Organic,0,Promotion,Day,
9658,Facebook,Story,2023-08-16,14323,10946,605,231,468,539,51,113,Paid,933,Education,Night,
9659,Instagram,Story,2023-08-02,19460,17461,5130,100,387,240,39,175,Organic,0,Awareness,Night,
9660,YouTube,Video,2024-07-18,1311,1035,365,116,85,106,20,48,Organic,0,Motivation,Night,
9661,YouTube,Video,2025-06-01,19648,11834,11555,83,413,3380,51,114,Organic,0,Promotion,Day,
9662,Facebook,Story,2021-08-06,9731,8354,8300,77,71,965,143,165,Organic,0,Motivation,Night,
9663,YouTube,Video,2023-01-30,3743,2586,178,282,276,85,24,156,Organic,0,Motivation,Day,
9664,YouTube,Image,2022-12-05,1008,962,416,190,307,277,72,168,Organic,0,Awareness,Night,
9665,Facebook,Story,2021-07-12,8423,6453,479,12,280,810,213,132,Organic,0,Awareness,Night,
9666,Facebook,Image,2021-09-22,4201,3137,46,206,274,691,89,109,Organic,0,Awareness,Day,
9667,Instagram,Video,2022-06-21,6116,4028,3794,246,128,990,157,14,Paid,1956,Motivation,Night,
9668,Facebook,Story,2024-05-28,11882,8546,7255,204,455,568,75,104,Organic,0,Education,Day,
9669,YouTube,Image,2021-03-02,8509,7435,3236,291,147,495,96,152,Paid,3978,Awareness,Day,
9670,Facebook,Image,2024-10-22,3700,3639,108,37,178,856,166,864,Organic,0,Promotion,Night,
9671,Instagram,Story,2022-05-17,5129,4502,902,221,227,107,26,112,Organic,0,Awareness,Day,
9672,Instagram,Story,2021-02-23,18228,16103,5142,198,238,2721,227,144,Organic,0,Awareness,Day,
9673,Facebook,Image,2024-02-11,12298,12118,3994,69,327,2101,64,150,Organic,0,Awareness,Day,
9674,Facebook,Story,2021-01-18,10845,8220,1471,58,65,814,81,98,Organic,0,Motivation,Day,
9675,YouTube,Image,2023-02-25,16227,11864,10231,271,188,2098,102,67,Paid,4280,Education,Day,
9676,Instagram,Video,2024-09-25,6685,4112,2732,294,288,695,109,88,Paid,3802,Awareness,Night,
9677,Facebook,Video,2025-12-04,19715,17823,15137,139,205,1585,74,29,Organic,0,Motivation,Day,
9678,Facebook,Reel,2024-07-16,13279,11196,6094,209,306,846,248,16,Organic,0,Promotion,Night,
9679,Facebook,Image,2023-06-28,2508,1665,187,224,365,395,67,153,Paid,4164,Education,Night,
9680,Facebook,Video,2023-11-04,14536,13121,352,66,331,383,28,29,Organic,0,Motivation,Day,
9681,YouTube,Reel,2021-03-08,2291,1931,1715,214,170,511,79,15,Organic,0,Entertainment,Night,
9682,YouTube,Story,2024-06-03,1586,994,467,284,462,127,4,68,Paid,345,Promotion,Day,
9683,YouTube,Reel,2022-07-10,19219,12834,308,262,472,1297,268,130,Paid,4447,Promotion,Day,
9684,Instagram,Story,2023-07-19,13356,10925,8568,199,24,516,13,54,Organic,0,Entertainment,Day,
9685,Instagram,Video,2022-04-21,6890,5582,735,198,301,1537,208,93,Organic,0,Motivation,Day,
9686,YouTube,Story,2022-05-13,2740,2540,1526,252,386,152,28,103,Organic,0,Motivation,Night,
9687,Instagram,Video,2024-02-13,16128,14505,8556,184,84,3896,546,120,Paid,2896,Promotion,Day,
9688,Facebook,Reel,2024-05-16,6905,6289,3597,75,209,853,44,100,Paid,4212,Motivation,Night,
9689,Facebook,Reel,2023-06-08,1212,920,786,223,240,173,30,18,Organic,0,Entertainment,Night,
9690,Instagram,Video,2025-11-02,5811,5629,5113,236,256,364,104,5,Paid,248,Motivation,Day,
9691,YouTube,Image,2022-06-23,14191,12663,8374,82,167,3776,88,29,Paid,3529,Promotion,Night,
9692,Facebook,Reel,2023-06-21,19687,16112,11363,151,62,3239,909,76,Organic,0,Motivation,Night,
9693,YouTube,Image,2023-08-27,12715,9993,7144,87,206,506,93,73,Paid,2788,Education,Night,
9694,Facebook,Reel,2025-07-11,19661,14912,5892,248,219,3791,359,137,Organic,0,Entertainment,Day,
9695,Instagram,Story,2022-06-24,12404,10163,9938,300,258,1376,33,109,Organic,0,Entertainment,Day,
9696,Facebook,Story,2021-04-27,8516,5375,1874,81,52,550,51,151,Organic,0,Awareness,Day,
9697,Facebook,Story,2025-11-22,18746,15969,11247,127,23,1941,108,27,Paid,1460,Motivation,Night,
9698,Instagram,Story,2025-04-18,11718,11219,8911,106,416,2956,389,13,Organic,0,Entertainment,Day,
9699,Instagram,Image,2021-04-02,8574,7882,891,53,252,2061,575,122,Organic,0,Motivation,Night,
9700,Facebook,Image,2023-11-18,10327,7616,5111,238,381,1489,42,98,Paid,3248,Education,Night,
9701,Instagram,Video,2025-12-12,11752,10420,7406,186,443,1548,342,148,Organic,0,Promotion,Day,
9702,Facebook,Story,2023-07-25,5102,3675,2117,192,55,93,19,37,Paid,1280,Promotion,Day,
9703,Instagram,Story,2022-07-15,9078,8127,5451,297,186,2308,235,134,Organic,0,Awareness,Night,
9704,YouTube,Story,2025-11-03,2394,1485,1294,28,4,152,19,18,Organic,0,Awareness,Day,
9705,Facebook,Story,2023-10-19,15060,9333,3907,192,119,793,2,5,Organic,0,Entertainment,Day,
9706,Facebook,Image,2022-10-23,10061,8191,5241,279,261,1636,42,94,Paid,2512,Entertainment,Day,
9707,YouTube,Story,2025-08-10,16519,14844,9077,201,309,1581,149,93,Organic,0,Entertainment,Day,
9708,Instagram,Video,2022-02-14,9128,7699,3624,267,240,1083,36,148,Organic,0,Education,Day,
9709,YouTube,Video,2025-08-08,1942,1399,572,33,57,337,24,94,Paid,3460,Awareness,Day,
9710,Instagram,Video,2021-04-26,17592,11782,6364,270,85,1587,323,179,Organic,0,Awareness,Day,
9711,Instagram,Image,2023-05-10,3649,3159,2047,10,396,634,112,176,Paid,3510,Promotion,Day,
9712,YouTube,Story,2021-12-12,12237,11416,540,31,272,3266,305,18,Paid,1550,Awareness,Day,
9713,Facebook,Reel,2023-12-19,2231,1347,856,2,352,18,0,156,Organic,0,Awareness,Day,
9714,Facebook,Video,2021-09-07,14087,9968,6280,274,285,254,15,115,Organic,0,Education,Night,
9715,Facebook,Video,2021-03-24,16730,10076,5044,83,125,2995,621,147,Organic,0,Entertainment,Day,
9716,Instagram,Reel,2025-09-28,5904,5216,2299,178,205,1506,326,87,Organic,0,Education,Day,
9717,Instagram,Video,2024-07-04,11114,9443,7843,150,411,146,40,76,Paid,2466,Motivation,Night,
9718,YouTube,Reel,2021-09-15,5827,4934,512,116,319,1224,72,166,Paid,760,Promotion,Day,
9719,Instagram,Story,2025-08-08,11706,8089,7796,127,175,106,30,134,Organic,0,Promotion,Day,
9720,YouTube,Reel,2023-05-11,19607,13535,11282,240,20,622,93,31,Organic,0,Promotion,Night,
9721,Instagram,Story,2025-09-20,5073,4648,2546,43,327,701,116,78,Organic,0,Entertainment,Day,
9722,Facebook,Story,2022-08-10,14823,12363,11906,288,263,623,29,103,Organic,0,Entertainment,Night,
9723,Instagram,Video,2022-07-06,11023,10849,6985,293,354,2863,641,76,Organic,0,Entertainment,Night,
9724,Facebook,Story,2023-10-09,8321,6717,3076,283,87,1973,100,27,Organic,0,Promotion,Day,
9725,Instagram,Video,2025-12-05,14090,12835,5996,168,337,3466,131,72,Organic,0,Promotion,Day,
9726,Instagram,Video,2022-11-18,1967,1268,24,144,345,325,37,146,Organic,0,Promotion,Day,
9727,YouTube,Image,2024-08-05,1535,1017,342,299,484,248,24,121,Paid,1907,Motivation,Day,
9728,Facebook,Image,2023-12-16,3969,2592,318,117,61,652,43,110,Organic,0,Motivation,Night,
9729,Instagram,Video,2022-11-06,18092,15080,1481,215,14,1721,347,97,Paid,2472,Promotion,Day,
9730,Facebook,Story,2024-06-02,4187,3386,3369,293,152,88,21,69,Organic,0,Entertainment,Day,
9731,YouTube,Story,2022-10-28,6551,5353,1941,230,7,1419,127,72,Paid,4541,Entertainment,Day,
9732,Facebook,Story,2023-01-03,10850,7782,5336,143,491,117,24,132,Organic,0,Motivation,Day,
9733,Facebook,Story,2025-02-06,10004,6016,4585,79,335,1124,6,67,Paid,1437,Motivation,Day,
9734,Instagram,Story,2024-08-13,17987,11939,9488,218,96,3349,118,117,Paid,3175,Promotion,Day,
9735,YouTube,Story,2023-09-07,1379,1343,232,277,466,120,30,94,Organic,0,Promotion,Night,
9736,Facebook,Story,2024-07-18,17411,12320,3995,154,418,792,143,85,Organic,0,Entertainment,Day,
9737,YouTube,Image,2023-03-07,3575,2214,1178,112,188,182,51,107,Paid,482,Awareness,Day,
9738,Instagram,Video,2024-08-17,10653,8504,7330,173,442,2429,633,164,Paid,2820,Entertainment,Day,
9739,Facebook,Reel,2023-12-29,11454,9250,2552,123,331,1480,97,120,Paid,3486,Entertainment,Day,
9740,YouTube,Story,2023-07-03,9896,6060,3975,156,461,1157,61,17,Paid,371,Promotion,Day,
9741,Facebook,Reel,2023-10-16,7965,6934,4583,81,225,590,109,128,Organic,0,Awareness,Day,
9742,Facebook,Video,2023-02-10,12558,12289,7631,294,283,2127,463,151,Organic,0,Awareness,Day,
9743,YouTube,Video,2024-11-20,3245,2039,628,223,298,364,15,156,Organic,0,Promotion,Day,
9744,YouTube,Image,2022-03-25,6175,6085,6083,110,135,1701,319,92,Paid,2821,Education,Day,
9745,Instagram,Reel,2022-04-05,12732,11770,10711,192,76,1988,173,15,Organic,0,Promotion,Night,
9746,Instagram,Video,2023-10-27,18207,13636,1732,132,431,3068,724,19,Organic,0,Motivation,Day,
9747,Instagram,Reel,2025-01-13,13203,11910,8711,209,480,1478,270,14,Paid,2223,Awareness,Night,
9748,Facebook,Image,2021-04-10,18882,15637,4940,160,49,243,46,45,Paid,666,Promotion,Day,
9749,YouTube,Image,2023-08-06,5039,3705,3062,43,414,364,37,159,Organic,0,Entertainment,Night,
9750,YouTube,Reel,2021-01-03,1609,1004,349,68,439,12,1,77,Organic,0,Entertainment,Day,
9751,YouTube,Image,2024-07-24,16558,12592,3634,65,143,401,59,56,Organic,0,Entertainment,Day,
9752,YouTube,Image,2023-10-31,11022,10646,612,21,458,3189,714,132,Organic,0,Promotion,Night,
9753,Facebook,Story,2024-08-11,5833,5568,5287,183,375,620,184,32,Paid,1219,Education,Night,
9754,Instagram,Image,2021-05-25,18837,12806,10306,51,238,3302,516,69,Organic,0,Motivation,Night,
9755,Facebook,Video,2024-02-12,6488,5815,1717,263,285,63,2,21,Paid,4956,Entertainment,Day,
9756,Facebook,Reel,2023-09-20,17210,16718,8038,206,1,1025,58,99,Paid,4949,Promotion,Day,
9757,Facebook,Story,2025-10-05,15209,14097,12793,128,279,3112,432,176,Organic,0,Education,Day,
9758,YouTube,Image,2022-05-12,17152,15090,3169,101,475,2357,624,142,Organic,0,Awareness,Night,
9759,YouTube,Story,2025-10-08,5385,3763,2897,283,15,59,13,67,Organic,0,Awareness,Night,
9760,Instagram,Story,2022-03-21,16191,11027,6301,292,108,1869,291,179,Organic,0,Motivation,Day,
9761,YouTube,Story,2024-12-09,5176,5163,1121,26,494,1001,135,42,Organic,0,Promotion,Night,
9762,Facebook,Video,2021-04-24,11836,7238,2891,21,286,667,73,74,Paid,2133,Promotion,Day,
9763,YouTube,Image,2021-04-27,7907,7655,6641,119,190,1167,178,108,Organic,0,Entertainment,Day,
9764,Facebook,Reel,2025-05-13,1405,1026,702,82,218,196,58,57,Paid,3987,Education,Day,
9765,Instagram,Video,2023-01-21,3225,2901,2142,278,333,380,10,176,Organic,0,Motivation,Day,
9766,YouTube,Reel,2021-03-07,5454,4000,277,111,219,1038,231,123,Organic,0,Education,Day,
9767,YouTube,Reel,2024-03-09,3881,2770,634,110,300,617,148,78,Paid,4157,Motivation,Day,
9768,Facebook,Story,2024-10-19,17543,16376,5378,48,476,3639,573,58,Organic,0,Promotion,Day,
9769,Facebook,Video,2024-08-26,6260,4355,3692,273,214,956,215,24,Organic,0,Promotion,Day,
9770,Instagram,Reel,2022-08-19,15067,9101,57,232,19,1830,413,83,Organic,0,Motivation,Night,
9771,Instagram,Reel,2024-08-15,17178,14313,11798,120,465,843,59,35,Organic,0,Education,Day,
9772,Facebook,Story,2024-06-24,9086,5811,957,45,260,358,70,139,Paid,1095,Awareness,Day,
9773,YouTube,Reel,2022-07-05,15085,15071,1232,51,335,22,2,62,Organic,0,Awareness,Day,
9774,Instagram,Story,2025-05-13,6398,5382,4201,143,202,287,45,109,Organic,0,Entertainment,Night,
9775,Instagram,Story,2025-01-06,14162,12545,394,185,231,1251,197,14,Organic,0,Entertainment,Day,
9776,YouTube,Story,2022-06-06,11267,7276,2267,256,72,1092,118,14,Paid,2546,Education,Night,
9777,YouTube,Video,2025-03-18,11449,6941,2952,156,406,1492,379,43,Organic,0,Promotion,Day,
9778,Instagram,Video,2024-11-16,19714,19348,9704,216,469,2173,461,160,Organic,0,Education,Day,
9779,Instagram,Reel,2022-11-30,13154,9657,2468,256,287,1048,87,162,Organic,0,Motivation,Day,
9780,YouTube,Reel,2023-05-13,1760,1725,1166,245,331,233,19,41,Organic,0,Awareness,Day,
9781,Facebook,Image,2023-07-24,10482,6488,5666,283,230,1667,165,123,Organic,0,Entertainment,Day,
9782,YouTube,Video,2021-11-30,7476,5333,4257,281,309,1553,176,71,Organic,0,Education,Day,
9783,YouTube,Image,2021-06-24,15884,12762,7092,102,19,3540,184,47,Organic,0,Education,Day,
9784,Facebook,Story,2025-11-20,6358,5936,1996,186,359,865,217,56,Organic,0,Motivation,Day,
9785,Facebook,Story,2025-08-22,19211,12153,7614,54,336,2253,592,105,Organic,0,Promotion,Night,
9786,Instagram,Reel,2023-12-02,15519,10607,10419,120,284,329,33,60,Paid,1698,Promotion,Night,
9787,YouTube,Reel,2021-07-28,12708,10449,4134,206,216,494,88,80,Paid,4868,Awareness,Day,
9788,Facebook,Video,2025-07-24,15359,11148,4258,277,339,200,32,72,Organic,0,Entertainment,Day,
9789,Instagram,Reel,2025-02-05,1128,946,868,252,356,47,2,141,Organic,0,Promotion,Day,
9790,YouTube,Video,2021-06-14,10097,7821,2995,222,472,57,1,110,Organic,0,Promotion,Day,
9791,YouTube,Video,2025-02-18,14613,10695,8350,136,278,2587,123,129,Paid,3428,Promotion,Night,
9792,Facebook,Reel,2025-10-30,13132,10672,8482,51,450,1869,196,96,Organic,0,Education,Night,
9793,Instagram,Image,2025-06-20,5862,4541,3325,197,298,39,1,27,Paid,2395,Promotion,Day,
9794,YouTube,Story,2023-06-03,14050,10693,10075,54,13,2245,270,113,Organic,0,Motivation,Day,
9795,Instagram,Video,2024-03-21,4736,3454,1866,103,378,655,43,65,Organic,0,Awareness,Day,
9796,YouTube,Reel,2021-07-21,1262,897,516,227,449,96,21,172,Paid,3859,Promotion,Night,
9797,YouTube,Image,2024-07-27,11622,7031,5853,53,246,782,18,48,Paid,1849,Entertainment,Day,
9798,Facebook,Image,2024-09-23,8395,6433,1005,244,244,1438,176,156,Paid,2481,Education,Night,
9799,Instagram,Video,2023-02-22,15473,10565,1293,199,497,465,109,165,Organic,0,Motivation,Night,
9800,Instagram,Story,2022-02-06,6831,5410,2207,232,313,1154,175,20,Organic,0,Awareness,Night,
9801,Facebook,Reel,2023-10-25,16503,11041,8109,79,164,2187,31,26,Organic,0,Education,Day,
9802,Facebook,Reel,2023-03-14,19857,14763,13937,254,342,3514,218,61,Organic,0,Motivation,Day,
9803,YouTube,Video,2024-02-08,11347,6950,1385,254,14,433,78,66,Organic,0,Education,Day,
9804,Facebook,Image,2022-12-23,8829,6923,3260,34,379,1133,207,111,Organic,0,Awareness,Night,
9805,YouTube,Image,2021-12-21,2415,1817,1670,176,158,143,31,75,Organic,0,Awareness,Day,
9806,Facebook,Video,2023-09-15,7433,5788,974,163,88,626,120,94,Organic,0,Promotion,Night,
9807,Facebook,Image,2022-08-31,15125,14456,9274,110,172,89,15,76,Paid,2275,Entertainment,Night,
9808,Facebook,Story,2023-09-20,17849,14985,7332,57,481,1538,292,74,Paid,982,Promotion,Night,
9809,YouTube,Story,2024-08-08,14227,11810,4937,132,180,1322,292,34,Organic,0,Education,Day,
9810,YouTube,Reel,2022-02-06,1557,1165,538,261,329,91,22,107,Organic,0,Promotion,Day,
9811,YouTube,Image,2025-08-13,19557,12657,4332,65,460,3124,261,155,Organic,0,Awareness,Day,
9812,Facebook,Image,2023-01-08,11757,11194,5249,153,169,2311,105,36,Paid,4836,Awareness,Day,
9813,Instagram,Reel,2022-03-21,18762,12490,383,132,58,3293,493,90,Organic,0,Awareness,Night,
9814,Facebook,Story,2022-02-15,15290,13332,2749,136,61,3300,600,61,Paid,2254,Promotion,Night,
9815,Facebook,Video,2022-08-17,18164,18059,374,198,10,2623,18,113,Paid,3601,Motivation,Day,
9816,YouTube,Story,2023-03-28,13928,12388,505,260,65,53,15,1430,Organic,0,Promotion,Day,
9817,YouTube,Video,2024-07-19,19335,13362,11038,295,93,3865,441,35,Organic,0,Promotion,Day,
9818,YouTube,Reel,2022-10-22,16360,11606,5192,252,12,947,266,75,Paid,3996,Promotion,Day,
9819,YouTube,Reel,2021-11-20,5660,5035,2888,250,463,1387,254,141,Organic,0,Promotion,Day,
9820,Facebook,Video,2022-04-21,3469,2818,1966,168,123,463,125,17,Organic,0,Awareness,Day,
9821,Instagram,Video,2024-01-09,14303,10439,3614,201,59,2493,455,135,Paid,4617,Entertainment,Night,
9822,Facebook,Image,2024-06-11,18251,18112,17554,84,81,2302,245,39,Organic,0,Promotion,Night,
9823,Facebook,Video,2023-04-24,17881,16093,9606,172,225,1541,106,25,Paid,932,Promotion,Day,
9824,Facebook,Reel,2021-04-15,4537,3696,115,188,194,425,2,68,Paid,3833,Entertainment,Night,
9825,Facebook,Image,2024-02-08,11112,8727,7948,156,266,333,41,99,Paid,3749,Promotion,Day,
9826,Facebook,Reel,2024-08-11,5873,5760,5601,98,386,928,162,38,Organic,0,Entertainment,Night,
9827,Facebook,Reel,2025-03-08,4186,3629,3477,44,167,499,4,125,Organic,0,Awareness,Day,
9828,YouTube,Reel,2021-11-13,17124,12236,11501,210,469,3331,652,167,Organic,0,Motivation,Day,
9829,YouTube,Image,2022-01-14,4268,4034,2415,147,241,773,179,19,Paid,1922,Promotion,Day,
9830,Facebook,Reel,2024-04-30,8634,5536,480,150,266,131,0,124,Paid,2604,Motivation,Day,
9831,YouTube,Image,2022-01-23,4663,3629,706,285,281,195,4,100,Organic,0,Promotion,Night,
9832,YouTube,Story,2021-05-08,13100,11779,8907,208,241,3220,657,10,Organic,0,Education,Night,
9833,Facebook,Image,2021-11-23,4540,3889,2675,122,436,851,178,113,Organic,0,Education,Night,
9834,Facebook,Video,2023-05-12,1304,951,810,104,70,208,57,101,Paid,2478,Awareness,Night,
9835,Instagram,Reel,2023-06-09,15522,15210,9432,10,295,1713,416,36,Paid,2550,Motivation,Day,
9836,YouTube,Reel,2021-05-18,3233,2355,292,226,176,467,72,87,Paid,3823,Motivation,Day,
9837,Facebook,Reel,2021-04-05,13385,12008,2135,5,431,874,173,160,Paid,914,Entertainment,Night,
9838,Facebook,Reel,2021-07-14,9988,8014,2156,294,344,903,11,122,Paid,1124,Entertainment,Day,
9839,YouTube,Story,2023-12-23,1906,1600,202,280,109,143,32,83,Paid,3362,Promotion,Day,
9840,YouTube,Image,2021-10-29,8091,6298,5564,32,412,858,239,82,Organic,0,Entertainment,Night,
9841,Facebook,Story,2022-04-03,1604,1073,286,239,88,138,30,151,Organic,0,Entertainment,Day,
9842,Instagram,Video,2025-07-19,6673,4206,211,53,184,1056,292,111,Paid,4278,Motivation,Day,
9843,Facebook,Image,2024-09-18,3451,3019,542,65,9,861,145,130,Organic,0,Education,Day,
9844,YouTube,Image,2023-09-12,14344,13000,4500,122,320,3874,859,19,Organic,0,Motivation,Day,
9845,Instagram,Reel,2025-04-24,18505,15988,4077,183,301,2177,65,138,Organic,0,Entertainment,Night,
9846,YouTube,Video,2021-05-07,18062,17111,2296,201,366,1499,330,77,Organic,0,Promotion,Night,
9847,Instagram,Story,2021-05-24,14123,11490,8061,225,495,432,92,105,Organic,0,Education,Day,
9848,Facebook,Image,2022-03-05,6224,4728,3219,214,144,1373,144,102,Organic,0,Entertainment,Night,
9849,Instagram,Video,2023-06-03,15358,14307,3560,123,183,2384,647,170,Organic,0,Entertainment,Night,
9850,Facebook,Video,2025-05-12,1626,1247,209,164,354,196,32,30,Organic,0,Promotion,Day,
9851,Facebook,Image,2021-03-19,5402,5076,275,126,18,831,89,96,Organic,0,Promotion,Night,
9852,Instagram,Reel,2022-12-04,15894,12499,12304,212,460,3591,1026,129,Paid,610,Entertainment,Day,
9853,Facebook,Video,2021-12-21,8632,5720,4981,132,369,1673,421,77,Organic,0,Entertainment,Night,
9854,Instagram,Reel,2024-08-21,12021,11185,4059,297,395,1542,120,127,Organic,0,Motivation,Night,
9855,YouTube,Video,2023-04-28,17310,10954,7147,60,310,712,62,57,Organic,0,Awareness,Day,
9856,Facebook,Image,2024-09-27,8327,6818,5287,31,202,1464,432,82,Organic,0,Promotion,Night,
9857,Facebook,Video,2025-11-17,4908,4200,659,281,238,1034,243,96,Organic,0,Promotion,Night,
9858,Facebook,Reel,2024-04-13,3166,2741,1093,44,28,393,83,92,Paid,2813,Motivation,Day,
9859,Facebook,Reel,2025-04-15,11807,9874,4324,65,497,1564,249,17,Paid,2012,Education,Day,
9860,Facebook,Image,2024-08-03,15761,11698,8399,151,91,539,8,47,Organic,0,Education,Day,
9861,YouTube,Reel,2024-10-03,16148,10658,7194,175,450,3120,469,80,Organic,0,Education,Day,
9862,Instagram,Video,2025-08-17,14100,10962,4319,113,211,2281,428,55,Organic,0,Promotion,Day,
9863,YouTube,Image,2025-12-25,10059,9853,1366,236,161,2180,588,23,Paid,3110,Awareness,Day,
9864,YouTube,Video,2024-11-13,1365,1331,318,188,55,262,61,153,Paid,4913,Awareness,Day,
9865,Instagram,Video,2021-08-16,18297,15531,2739,166,466,1401,285,126,Organic,0,Motivation,Day,
9866,YouTube,Video,2021-05-22,9187,6477,1406,89,17,536,74,28,Organic,0,Education,Night,
9867,Instagram,Video,2021-05-27,3408,2502,2349,71,76,576,34,30,Paid,994,Education,Night,
9868,YouTube,Image,2023-07-29,18286,18137,5704,214,125,5009,387,177,Paid,928,Entertainment,Night,
9869,Facebook,Video,2022-03-31,8895,5945,99,78,414,1156,100,160,Organic,0,Motivation,Day,
9870,YouTube,Reel,2021-11-30,7676,5302,2192,4,20,1111,165,124,Paid,4934,Motivation,Night,
9871,Instagram,Story,2021-07-12,13753,9381,8650,207,22,534,69,86,Organic,0,Promotion,Night,
9872,Facebook,Reel,2024-11-02,1709,1435,513,232,353,137,37,104,Organic,0,Promotion,Night,
9873,YouTube,Video,2025-11-05,15232,14129,12042,89,237,206,40,161,Paid,2307,Motivation,Night,
9874,YouTube,Story,2024-04-05,14142,13284,5165,23,344,2897,621,21,Organic,0,Awareness,Night,
9875,Instagram,Reel,2021-12-14,19284,13097,7490,282,84,67,20,72,Paid,1689,Motivation,Day,
9876,Facebook,Reel,2022-03-14,17091,11574,11438,250,148,3008,339,48,Organic,0,Awareness,Day,
9877,YouTube,Reel,2021-04-18,11365,8667,6301,277,136,1818,272,65,Organic,0,Promotion,Day,
9878,YouTube,Reel,2022-08-23,2182,1858,1327,4,210,352,53,127,Organic,0,Motivation,Day,
9879,Facebook,Reel,2022-06-24,11871,8978,8712,90,497,481,37,97,Organic,0,Awareness,Night,
9880,Instagram,Story,2024-07-15,15720,14418,5523,231,121,405,49,78,Organic,0,Entertainment,Day,
9881,YouTube,Reel,2022-07-13,9635,8531,2222,119,223,2287,336,157,Paid,4311,Entertainment,Night,
9882,Instagram,Reel,2025-09-08,13489,8682,3659,16,481,1707,187,71,Organic,0,Motivation,Night,
9883,YouTube,Reel,2023-08-03,19090,12007,11541,134,314,2446,685,115,Paid,4151,Education,Day,
9884,Instagram,Reel,2022-05-31,10802,9210,4591,74,335,593,3,6,Organic,0,Motivation,Day,
9885,Instagram,Reel,2024-10-30,2944,2491,2123,261,312,170,26,93,Paid,3447,Promotion,Day,
9886,YouTube,Video,2021-08-21,1404,1304,1295,280,394,193,46,30,Organic,0,Promotion,Night,
9887,Facebook,Story,2024-09-13,16574,15690,4757,21,12,3143,233,103,Organic,0,Entertainment,Night,
9888,Facebook,Image,2021-11-21,6609,4528,3734,286,285,17,5,31,Organic,0,Awareness,Night,
9889,Instagram,Video,2021-11-18,14715,13621,5142,250,14,1473,52,93,Organic,0,Entertainment,Day,
9890,Facebook,Reel,2021-02-12,6236,5719,4255,93,464,390,81,150,Organic,0,Awareness,Day,
9891,YouTube,Video,2021-03-19,2921,1863,1723,45,56,8,2,5,Organic,0,Motivation,Day,
9892,YouTube,Reel,2024-03-07,3001,2945,460,1,101,50,1,107,Paid,4746,Education,Day,
9893,YouTube,Story,2023-11-14,18821,18202,3753,148,53,4340,985,135,Paid,3083,Promotion,Night,
9894,Instagram,Video,2023-01-22,16252,13877,13087,40,446,1315,217,45,Paid,4026,Motivation,Day,
9895,Instagram,Story,2024-05-02,13908,9787,6034,113,261,1152,71,169,Organic,0,Entertainment,Day,
9896,YouTube,Story,2024-04-05,16804,10486,4957,81,498,2336,489,55,Paid,4539,Motivation,Day,
9897,YouTube,Reel,2024-09-17,6733,4249,1857,240,32,736,140,19,Paid,874,Education,Day,
9898,Instagram,Image,2022-10-02,13282,12311,3513,92,135,1974,337,12,Organic,0,Awareness,Night,
9899,Instagram,Image,2021-04-29,5932,4752,1485,131,261,802,103,42,Organic,0,Education,Day,
9900,Facebook,Video,2025-09-12,9746,6476,119,54,381,376,3,118,Organic,0,Entertainment,Day,
9901,Instagram,Video,2021-05-19,10565,8172,4943,226,372,401,5,87,Organic,0,Education,Night,
9902,Facebook,Reel,2022-06-06,1847,1549,22,82,139,235,5,60,Organic,0,Promotion,Day,
9903,Facebook,Video,2021-03-06,4581,4009,1519,136,430,441,89,179,Organic,0,Education,Night,
9904,Instagram,Video,2023-10-21,6733,4878,2916,61,490,451,89,107,Paid,1695,Motivation,Night,
9905,Instagram,Reel,2025-08-08,19021,17626,16845,57,185,1007,120,142,Organic,0,Awareness,Night,
9906,YouTube,Video,2025-02-11,3747,3595,1334,114,237,572,113,106,Organic,0,Promotion,Day,
9907,Instagram,Image,2024-09-10,19962,16640,4898,282,366,865,176,82,Paid,2985,Promotion,Night,
9908,YouTube,Video,2024-08-20,16826,13264,6943,65,370,2253,309,173,Paid,2434,Promotion,Night,
9909,Facebook,Reel,2025-07-14,19195,13050,6453,72,133,1588,58,87,Paid,3859,Entertainment,Day,
9910,Facebook,Video,2021-08-31,8665,7791,3794,101,359,1195,339,34,Organic,0,Entertainment,Night,
9911,Instagram,Story,2024-04-28,19807,14502,4363,14,171,1876,155,9,Organic,0,Motivation,Day,
9912,Facebook,Reel,2022-04-30,11480,9083,1421,283,93,2588,395,123,Organic,0,Awareness,Night,
9913,Instagram,Reel,2025-10-31,15535,9490,7033,283,429,40,12,35,Organic,0,Education,Day,
9914,Instagram,Story,2025-05-14,14815,9665,7732,214,494,175,35,27,Organic,0,Motivation,Night,
9915,Facebook,Image,2024-05-16,2245,2001,1401,80,266,500,126,52,Organic,0,Entertainment,Day,
9916,YouTube,Story,2022-04-20,14552,12813,12676,79,163,1193,111,113,Paid,2729,Motivation,Day,
9917,Facebook,Image,2024-03-14,19222,15725,11328,82,182,478,78,44,Organic,0,Awareness,Day,
9918,Facebook,Video,2025-12-11,6463,5329,2026,57,401,1482,164,10,Organic,0,Motivation,Day,
9919,YouTube,Video,2025-07-03,11726,8844,3187,37,108,2474,343,42,Organic,0,Promotion,Day,
9920,Facebook,Story,2025-01-21,12667,8662,7924,173,38,273,38,173,Paid,4058,Education,Day,
9921,YouTube,Image,2024-05-27,15747,11639,2111,40,462,961,32,104,Organic,0,Entertainment,Day,
9922,Instagram,Image,2022-09-04,15667,15033,2964,218,332,2016,107,31,Organic,0,Entertainment,Day,
9923,Facebook,Image,2023-11-20,13040,10294,6434,1,419,763,82,73,Organic,0,Awareness,Day,
9924,YouTube,Video,2024-11-22,4844,4073,1735,0,275,539,102,61,Organic,0,Awareness,Day,
9925,Facebook,Story,2022-09-02,4754,4521,1307,181,155,37,7,21,Organic,0,Awareness,Day,
9926,Facebook,Story,2021-03-27,18881,14639,5348,56,47,964,168,75,Organic,0,Entertainment,Day,
9927,Instagram,Video,2021-01-31,2605,1599,710,151,244,441,49,51,Organic,0,Promotion,Day,
9928,Instagram,Video,2024-01-06,4064,2562,1015,236,53,326,59,83,Paid,943,Education,Day,
9929,Facebook,Story,2025-04-10,7741,7728,5236,68,465,454,22,114,Organic,0,Awareness,Day,
9930,Instagram,Image,2022-02-10,15941,10195,7062,4,222,182,3,17,Paid,4138,Entertainment,Day,
9931,Facebook,Video,2024-06-22,7874,5346,2878,299,139,1137,241,143,Organic,0,Promotion,Day,
9932,Facebook,Story,2023-03-19,12030,10729,5311,290,415,3028,62,128,Organic,0,Awareness,Day,
9933,Instagram,Reel,2025-12-15,4524,3390,1941,160,340,181,48,113,Organic,0,Awareness,Day,
9934,Facebook,Video,2025-07-06,2928,1818,689,100,456,104,24,94,Organic,0,Education,Day,
9935,YouTube,Image,2025-04-14,13820,10391,2689,113,7,1142,113,90,Organic,0,Education,Day,
9936,Facebook,Story,2022-09-23,1855,1367,1329,87,443,3,0,96,Organic,0,Motivation,Night,
9937,YouTube,Image,2022-10-03,2415,1988,1050,273,488,162,12,28,Paid,3753,Awareness,Night,
9938,YouTube,Story,2021-05-17,17785,16289,9705,207,101,4488,471,77,Paid,306,Motivation,Night,
9939,Instagram,Story,2024-01-15,17672,13975,4494,33,336,4058,835,8,Paid,4514,Entertainment,Day,
9940,YouTube,Image,2025-04-16,5927,4016,605,73,320,136,30,117,Organic,0,Education,Day,
9941,YouTube,Image,2022-09-23,4637,3805,3005,1,100,1111,299,50,Organic,0,Promotion,Night,
9942,Facebook,Video,2024-09-18,5950,3629,653,58,171,14,1,22,Organic,0,Awareness,Day,
9943,Facebook,Reel,2022-09-30,11141,7801,4152,126,396,1440,311,47,Organic,0,Awareness,Day,
9944,YouTube,Story,2021-08-24,19275,12397,9672,252,447,451,36,165,Organic,0,Motivation,Day,
9945,Facebook,Story,2022-06-19,1434,947,916,77,359,95,21,97,Organic,0,Education,Day,
9946,Instagram,Image,2022-10-16,7470,6106,1927,91,357,14,1,107,Paid,2208,Motivation,Day,
9947,YouTube,Reel,2021-07-31,6526,6358,5974,95,26,251,57,128,Organic,0,Awareness,Night,
9948,YouTube,Story,2024-06-25,11592,9661,3756,192,366,1254,0,14,Organic,0,Education,Night,
9949,YouTube,Story,2024-03-19,17730,15884,9016,28,110,4425,853,77,Organic,0,Awareness,Day,
9950,Instagram,Reel,2023-02-02,1906,1544,40,13,370,406,52,35,Organic,0,Education,Night,
9951,Facebook,Story,2022-10-18,2264,1611,850,230,196,260,61,160,Paid,3121,Awareness,Day,
9952,YouTube,Reel,2024-02-14,3630,2657,790,140,432,272,23,64,Organic,0,Promotion,Day,
9953,Instagram,Video,2022-05-30,9852,6874,2522,88,248,85,22,135,Paid,1078,Motivation,Night,
9954,YouTube,Story,2025-02-15,5363,3263,1167,50,148,355,10,122,Organic,0,Education,Day,
9955,Facebook,Video,2021-08-29,19653,18940,2592,76,270,908,217,18,Organic,0,Motivation,Day,
9956,YouTube,Image,2024-08-07,9368,6222,1419,123,392,652,105,147,Paid,1314,Education,Day,
9957,Instagram,Video,2021-10-19,5409,4894,1578,239,244,1091,214,6,Organic,0,Education,Day,
9958,YouTube,Story,2024-05-16,5675,5346,2961,183,307,811,171,28,Organic,0,Education,Day,
9959,YouTube,Video,2023-11-26,1365,1344,30,110,438,144,42,68,Organic,0,Awareness,Night,
9960,YouTube,Video,2022-07-01,9715,7097,3691,144,479,1678,304,104,Organic,0,Entertainment,Night,
9961,Instagram,Image,2024-05-25,17449,17319,16461,38,74,1425,24,118,Paid,3389,Awareness,Day,
9962,Facebook,Video,2024-12-26,16357,14013,12296,34,328,4105,1057,28,Paid,894,Entertainment,Day,
9963,Facebook,Story,2024-06-27,6881,4729,723,26,432,830,225,159,Paid,2814,Awareness,Night,
9964,YouTube,Video,2022-09-12,14753,10242,6066,88,459,2483,311,169,Organic,0,Entertainment,Night,
9965,Instagram,Image,2025-02-15,1720,1237,209,74,286,19,3,95,Organic,0,Education,Day,
9966,Facebook,Story,2022-03-24,17336,13303,8289,10,333,2943,212,171,Organic,0,Education,Day,
9967,Instagram,Video,2022-02-07,19356,17937,10109,288,150,157,4,30,Paid,3324,Entertainment,Day,
9968,YouTube,Video,2025-10-30,17232,12458,4529,90,172,2930,803,69,Paid,1953,Entertainment,Day,
9969,YouTube,Video,2023-07-19,9602,8788,4821,163,234,2196,185,124,Organic,0,Motivation,Night,
9970,Instagram,Reel,2024-03-03,13912,13128,5837,287,358,733,43,8,Organic,0,Education,Day,
9971,Facebook,Reel,2023-09-13,10735,10333,1895,240,443,2610,19,161,Organic,0,Awareness,Night,
9972,Instagram,Reel,2021-04-26,15005,13873,749,134,137,2978,639,5,Organic,0,Motivation,Day,
9973,Facebook,Image,2025-12-26,8282,8121,2460,28,201,354,82,54,Organic,0,Entertainment,Day,
9974,Facebook,Video,2023-01-09,9096,9044,7857,0,449,2642,634,114,Organic,0,Awareness,Day,#N/A
9975,Instagram,Reel,2021-05-07,2372,2062,981,291,485,455,73,143,Organic,0,Promotion,Day,
9976,YouTube,Video,2025-05-11,16977,11967,9510,102,340,1337,58,78,Paid,1059,Promotion,Day,
9977,Facebook,Reel,2024-11-18,7894,5102,4769,268,350,1066,213,66,Paid,4996,Promotion,Day,
9978,YouTube,Image,2024-06-21,11581,7487,3083,199,118,1045,196,85,Paid,1550,Awareness,Night,
9979,Facebook,Video,2021-03-28,3195,3037,2050,0,454,588,12,168,Organic,0,Entertainment,Day,
9980,YouTube,Story,2025-04-22,16626,11894,2031,139,329,2572,164,60,Organic,0,Awareness,Day,
9981,Facebook,Image,2022-07-23,3098,2860,131,231,349,708,52,115,Organic,0,Motivation,Day,
9982,Instagram,Story,2023-09-24,3888,3263,1499,9,248,773,187,25,Organic,0,Motivation,Day,
9983,YouTube,Story,2024-01-29,12901,10980,8028,254,478,2061,437,145,Organic,0,Promotion,Day,
9984,YouTube,Reel,2021-04-29,19762,12293,9175,272,185,3198,731,13,Paid,2320,Entertainment,Day,
9985,Facebook,Video,2021-05-27,19886,15572,4095,95,32,4431,943,143,Organic,0,Motivation,Day,
9986,Instagram,Image,2024-04-04,4853,3910,1541,199,54,112,20,74,Paid,1966,Education,Night,
9987,Facebook,Reel,2024-10-02,9471,8433,8354,297,70,1942,467,133,Paid,4628,Education,Day,
9988,YouTube,Reel,2021-07-09,13824,13175,11984,191,488,1092,268,122,Paid,1380,Promotion,Night,
9989,Facebook,Video,2021-04-29,5219,4585,2863,148,169,570,161,60,Paid,2164,Promotion,Day,
9990,YouTube,Story,2025-12-13,8604,5275,1973,43,352,633,34,35,Organic,0,Promotion,Day,
9991,Facebook,Story,2024-02-18,14713,12183,400,101,203,1429,58,41,Paid,3105,Motivation,Day,
9992,YouTube,Image,2024-01-13,9558,5918,4145,249,465,285,74,179,Organic,0,Entertainment,Day,
9993,Instagram,Reel,2022-01-18,19299,16810,4011,9,11,1784,217,95,Paid,2979,Promotion,Day,
9994,Facebook,Story,2023-11-07,8377,7773,3897,66,289,2210,344,118,Organic,0,Awareness,Day,
9995,Instagram,Reel,2021-07-25,4927,4670,860,270,388,679,94,132,Organic,0,Promotion,Night,
9996,Facebook,Video,2022-03-14,7395,6108,4388,41,392,1430,72,179,Organic,0,Motivation,Night,
9997,Instagram,Image,2021-02-05,16146,10844,1453,64,141,2909,407,126,Organic,0,Entertainment,Day,
9998,Instagram,Image,2021-06-05,5219,3336,2221,69,432,316,33,73,Organic,0,Promotion,Day,
9999,Facebook,Story,2024-10-23,2962,2742,2341,142,439,158,30,40,Organic,0,Education,Day,
10000,Facebook,Reel,2025-08-05,2820,1938,788,217,92,528,158,36,Paid,3426,Promotion,Day,
190,Facebook,Image,2021-10-12,10400,10110,7349,2,463,2851,851,117,Organic,0,Education,Night,
1999,Instagram,Story,2025-03-22,13420,8995,2609,43,279,2064,296,17,Organic,0,Awareness,Night,
1735,YouTube,Reel,2021-08-21,3778,3630,3302,54,124,652,130,665,Organic,0,Promotion,Day,
8156,Facebook,Story,2021-06-22,4050,2537,916,72,493,706,194,62,Organic,0,Education,Night,
1046,Facebook,Video,2023-08-06,11777,11729,1492,147,330,2010,471,161,Paid,2115,Promotion,Day,
8097,Instagram,Story,2024-12-12,13379,11369,10812,217,199,3298,88,159,Organic,0,Promotion,Day,
5597,Instagram,Image,2025-03-06,11000,8612,8115,217,311,476,81,100,Organic,0,Education,Day,
5,Facebook,Video,2023-07-30,12270,9528,6201,40,282,177,46,76,Organic,0,Education,Day,
8131,Facebook,Image,2021-03-07,7379,6018,4764,265,305,1307,365,71,Paid,2278,Education,Day,
5537,YouTube,Video,2024-12-01,10975,8493,7683,291,495,2099,304,163,Organic,0,Education,Day,
7724,Facebook,Video,2025-02-27,14078,12577,230,247,416,3672,46,50,Organic,0,Awareness,Day,
8946,YouTube,Image,2021-03-11,3941,2831,2145,160,41,324,95,85,Paid,3358,Education,Night,